Date,Open,High,Low,Close,Adj Close,Volume
2000-02-04,3391.854248046875,3391.854248046875,3391.854248046875,3391.854248046875,1591.20263671875,0
2000-02-07,3391.854248046875,3391.854248046875,3391.854248046875,3391.854248046875,1591.20263671875,0
2000-02-08,3391.854248046875,3391.854248046875,3391.854248046875,3391.854248046875,1591.20263671875,0
2000-02-09,3391.854248046875,3391.854248046875,3391.854248046875,3391.854248046875,1591.20263671875,0
2000-02-10,3391.854248046875,3391.854248046875,3391.854248046875,3391.854248046875,1591.20263671875,0
2000-02-11,3391.854248046875,3391.854248046875,3391.854248046875,3391.854248046875,1591.20263671875,0
2000-02-14,3391.854248046875,3391.854248046875,3391.854248046875,3391.854248046875,1591.20263671875,0
2000-02-15,3391.854248046875,3391.854248046875,3391.854248046875,3391.854248046875,1591.20263671875,0
2000-02-16,3391.854248046875,3391.854248046875,3391.854248046875,3391.854248046875,1591.20263671875,0
2000-02-17,3391.854248046875,3391.854248046875,3391.854248046875,3391.854248046875,1591.20263671875,0
2000-02-18,3391.854248046875,3391.854248046875,3391.854248046875,3391.854248046875,1591.20263671875,0
2000-02-21,3391.854248046875,3391.854248046875,3391.854248046875,3391.854248046875,1591.20263671875,0
2000-02-22,3391.854248046875,3391.854248046875,3391.854248046875,3391.854248046875,1591.20263671875,0
2000-02-23,3391.854248046875,3391.854248046875,3391.854248046875,3391.854248046875,1591.20263671875,0
2000-02-24,3391.854248046875,3391.854248046875,3391.854248046875,3391.854248046875,1591.20263671875,0
2000-02-25,3391.854248046875,3391.854248046875,3391.854248046875,3391.854248046875,1591.20263671875,0
2000-02-28,3391.854248046875,3391.854248046875,3391.854248046875,3391.854248046875,1591.20263671875,0
2000-02-29,3391.854248046875,3391.854248046875,3391.854248046875,3391.854248046875,1591.20263671875,0
2000-03-01,3249.615234375,3249.615234375,3249.615234375,3249.615234375,1524.474365234375,0
2000-03-02,3249.615234375,3249.615234375,3249.615234375,3249.615234375,1524.474365234375,0
2000-03-03,3249.615234375,3249.615234375,3249.615234375,3249.615234375,1524.474365234375,0
2000-03-06,3249.615234375,3249.615234375,3249.615234375,3249.615234375,1524.474365234375,0
2000-03-07,3249.615234375,3249.615234375,3249.615234375,3249.615234375,1524.474365234375,0
2000-03-08,3249.615234375,3249.615234375,3249.615234375,3249.615234375,1524.474365234375,0
2000-03-09,3249.615234375,3249.615234375,3249.615234375,3249.615234375,1524.474365234375,0
2000-03-10,3249.615234375,3249.615234375,3249.615234375,3249.615234375,1524.474365234375,0
2000-03-13,3249.615234375,3249.615234375,3249.615234375,3249.615234375,1524.474365234375,0
2000-03-14,3249.615234375,3249.615234375,3249.615234375,3249.615234375,1524.474365234375,0
2000-03-15,3249.615234375,3249.615234375,3249.615234375,3249.615234375,1524.474365234375,0
2000-03-16,3249.615234375,3249.615234375,3249.615234375,3249.615234375,1524.474365234375,0
2000-03-17,3249.615234375,3249.615234375,3249.615234375,3249.615234375,1524.474365234375,0
2000-03-20,3249.615234375,3249.615234375,3249.615234375,3249.615234375,1524.474365234375,0
2000-03-21,3249.615234375,3249.615234375,3249.615234375,3249.615234375,1524.474365234375,0
2000-03-22,3249.615234375,3249.615234375,3249.615234375,3249.615234375,1524.474365234375,0
2000-03-23,3249.615234375,3249.615234375,3249.615234375,3249.615234375,1524.474365234375,0
2000-03-24,3249.615234375,3249.615234375,3249.615234375,3249.615234375,1524.474365234375,0
2000-03-27,3249.615234375,3249.615234375,3249.615234375,3249.615234375,1524.474365234375,0
2000-03-28,3249.615234375,3249.615234375,3249.615234375,3249.615234375,1524.474365234375,0
2000-03-29,3249.615234375,3249.615234375,3249.615234375,3249.615234375,1524.474365234375,0
2000-03-30,3249.615234375,3249.615234375,3249.615234375,3249.615234375,1524.474365234375,0
2000-03-31,3249.615234375,3249.615234375,3249.615234375,3249.615234375,1524.474365234375,0
2000-04-03,3249.615234375,3249.615234375,3249.615234375,3249.615234375,1524.474365234375,0
2000-04-04,3249.615234375,3249.615234375,3249.615234375,3249.615234375,1524.474365234375,0
2000-04-05,7695.49755859375,7695.49755859375,7695.49755859375,7695.49755859375,3610.14697265625,0
2000-04-06,7695.49755859375,7695.49755859375,7695.49755859375,7695.49755859375,3610.14697265625,0
2000-04-07,7695.49755859375,7695.49755859375,7695.49755859375,7695.49755859375,3610.14697265625,0
2000-04-10,7695.49755859375,7695.49755859375,7695.49755859375,7695.49755859375,3610.14697265625,0
2000-04-11,7695.49755859375,7695.49755859375,7695.49755859375,7695.49755859375,3610.14697265625,0
2000-04-12,7695.49755859375,7695.49755859375,7695.49755859375,7695.49755859375,3610.14697265625,0
2000-04-13,6017.80615234375,6017.80615234375,6017.80615234375,6017.80615234375,2823.100830078125,0
2000-04-14,6017.80615234375,6017.80615234375,6017.80615234375,6017.80615234375,2823.100830078125,0
2000-04-17,6017.80615234375,6017.80615234375,6017.80615234375,6017.80615234375,2823.100830078125,0
2000-04-18,6017.80615234375,6017.80615234375,6017.80615234375,6017.80615234375,2823.100830078125,0
2000-04-19,6017.80615234375,6017.80615234375,6017.80615234375,6017.80615234375,2823.100830078125,0
2000-04-20,6017.80615234375,6017.80615234375,6017.80615234375,6017.80615234375,2823.100830078125,0
2000-04-21,6017.80615234375,6017.80615234375,6017.80615234375,6017.80615234375,2823.100830078125,0
2000-04-24,6017.80615234375,6017.80615234375,6017.80615234375,6017.80615234375,2823.100830078125,0
2000-04-25,6017.80615234375,6017.80615234375,6017.80615234375,6017.80615234375,2823.100830078125,0
2000-04-26,6017.80615234375,6017.80615234375,6017.80615234375,6017.80615234375,2823.100830078125,0
2000-04-27,6017.80615234375,6017.80615234375,6017.80615234375,6017.80615234375,2823.100830078125,0
2000-04-28,6017.80615234375,6017.80615234375,6017.80615234375,6017.80615234375,2823.100830078125,0
2000-05-01,5470.73291015625,5470.73291015625,5470.73291015625,5470.73291015625,2566.45556640625,0
2000-05-02,5470.73291015625,5470.73291015625,5470.73291015625,5470.73291015625,2566.45556640625,0
2000-05-03,5470.73291015625,5470.73291015625,5470.73291015625,5470.73291015625,2566.45556640625,0
2000-05-04,5470.73291015625,5470.73291015625,5470.73291015625,5470.73291015625,2566.45556640625,0
2000-05-05,5470.73291015625,5470.73291015625,5470.73291015625,5470.73291015625,2566.45556640625,0
2000-05-08,5470.73291015625,5470.73291015625,5470.73291015625,5470.73291015625,2566.45556640625,0
2000-05-09,5580.1474609375,5580.1474609375,5580.1474609375,5580.1474609375,2617.78466796875,0
2000-05-10,5580.1474609375,5580.1474609375,5580.1474609375,5580.1474609375,2617.78466796875,0
2000-05-11,5689.56201171875,5689.56201171875,5689.56201171875,5689.56201171875,2669.11376953125,0
2000-05-12,5689.56201171875,5689.56201171875,5689.56201171875,5689.56201171875,2669.11376953125,0
2000-05-15,5689.56201171875,5689.56201171875,5689.56201171875,5689.56201171875,2669.11376953125,0
2000-05-16,5689.56201171875,5689.56201171875,5689.56201171875,5689.56201171875,2669.11376953125,0
2000-05-17,5689.56201171875,5689.56201171875,5689.56201171875,5689.56201171875,2669.11376953125,0
2000-05-18,5689.56201171875,5689.56201171875,5689.56201171875,5689.56201171875,2669.11376953125,0
2000-05-19,5689.56201171875,5689.56201171875,5689.56201171875,5689.56201171875,2669.11376953125,0
2000-05-22,5689.56201171875,5689.56201171875,5689.56201171875,5689.56201171875,2669.11376953125,0
2000-05-23,5689.56201171875,5689.56201171875,5689.56201171875,5689.56201171875,2669.11376953125,0
2000-05-24,5689.56201171875,5689.56201171875,5689.56201171875,5689.56201171875,2669.11376953125,0
2000-05-25,5689.56201171875,5689.56201171875,5689.56201171875,5689.56201171875,2669.11376953125,0
2000-05-26,5689.56201171875,5689.56201171875,5689.56201171875,5689.56201171875,2669.11376953125,0
2000-05-29,5689.56201171875,5689.56201171875,5689.56201171875,5689.56201171875,2669.11376953125,0
2000-05-30,4321.87890625,4321.87890625,4321.87890625,4321.87890625,2027.5001220703125,0
2000-05-31,4321.87890625,4321.87890625,4321.87890625,4321.87890625,2027.5001220703125,0
2000-06-01,4321.87890625,4321.87890625,4321.87890625,4321.87890625,2027.5001220703125,0
2000-06-02,4321.87890625,4321.87890625,4321.87890625,4321.87890625,2027.5001220703125,0
2000-06-05,4321.87890625,4321.87890625,4321.87890625,4321.87890625,2027.5001220703125,0
2000-06-06,4558.94384765625,4558.94384765625,4558.94384765625,4558.94384765625,2138.713623046875,0
2000-06-07,4558.94384765625,4558.94384765625,4558.94384765625,4558.94384765625,2138.713623046875,0
2000-06-08,4558.94384765625,4558.94384765625,4558.94384765625,4558.94384765625,2138.713623046875,0
2000-06-09,4558.94384765625,4558.94384765625,4558.94384765625,4558.94384765625,2138.713623046875,0
2000-06-12,4558.94384765625,4558.94384765625,4558.94384765625,4558.94384765625,2138.713623046875,0
2000-06-13,4558.94384765625,4558.94384765625,4558.94384765625,4558.94384765625,2138.713623046875,0
2000-06-14,4558.94384765625,4558.94384765625,4558.94384765625,4558.94384765625,2138.713623046875,0
2000-06-15,4558.94384765625,4558.94384765625,4558.94384765625,4558.94384765625,2138.713623046875,0
2000-06-16,4558.94384765625,4558.94384765625,4558.94384765625,4558.94384765625,2138.713623046875,0
2000-06-19,4558.94384765625,4558.94384765625,4558.94384765625,4558.94384765625,2138.713623046875,0
2000-06-20,4558.94384765625,4558.94384765625,4558.94384765625,4558.94384765625,2138.713623046875,0
2000-06-21,4558.94384765625,4558.94384765625,4558.94384765625,4558.94384765625,2138.713623046875,0
2000-06-22,4558.94384765625,4558.94384765625,4558.94384765625,4558.94384765625,2138.713623046875,0
2000-06-23,4558.94384765625,4558.94384765625,4558.94384765625,4558.94384765625,2138.713623046875,0
2000-06-26,4558.94384765625,4558.94384765625,4558.94384765625,4558.94384765625,2138.713623046875,0
2000-06-27,4558.94384765625,4558.94384765625,4558.94384765625,4558.94384765625,2138.713623046875,0
2000-06-28,4558.94384765625,4558.94384765625,4558.94384765625,4558.94384765625,2138.713623046875,0
2000-06-29,4558.94384765625,4558.94384765625,4558.94384765625,4558.94384765625,2138.713623046875,0
2000-06-30,4558.94384765625,4558.94384765625,4558.94384765625,4558.94384765625,2138.713623046875,0
2000-07-03,4558.94384765625,4558.94384765625,4558.94384765625,4558.94384765625,2138.713623046875,0
2000-07-04,4558.94384765625,4558.94384765625,4558.94384765625,4558.94384765625,2138.713623046875,0
2000-07-05,4558.94384765625,4558.94384765625,4558.94384765625,4558.94384765625,2138.713623046875,0
2000-07-06,4558.94384765625,4558.94384765625,4558.94384765625,4558.94384765625,2138.713623046875,0
2000-07-07,4558.94384765625,4558.94384765625,4558.94384765625,4558.94384765625,2138.713623046875,0
2000-07-10,4558.94384765625,4558.94384765625,4558.94384765625,4558.94384765625,2138.713623046875,0
2000-07-11,4558.94384765625,4558.94384765625,4558.94384765625,4558.94384765625,2138.713623046875,0
2000-07-12,4558.94384765625,4558.94384765625,4558.94384765625,4558.94384765625,2138.713623046875,0
2000-07-13,4558.94384765625,4558.94384765625,4558.94384765625,4558.94384765625,2138.713623046875,0
2000-07-14,4558.94384765625,4558.94384765625,4558.94384765625,4558.94384765625,2138.713623046875,0
2000-07-17,3318.911376953125,3318.911376953125,3318.911376953125,3318.911376953125,1556.9832763671875,0
2000-07-18,3318.911376953125,3318.911376953125,3318.911376953125,3318.911376953125,1556.9832763671875,0
2000-07-19,3318.911376953125,3318.911376953125,3318.911376953125,3318.911376953125,1556.9832763671875,0
2000-07-20,3318.911376953125,3318.911376953125,3318.911376953125,3318.911376953125,1556.9832763671875,0
2000-07-21,3318.911376953125,3318.911376953125,3318.911376953125,3318.911376953125,1556.9832763671875,0
2000-07-24,3318.911376953125,3318.911376953125,3318.911376953125,3318.911376953125,1556.9832763671875,0
2000-07-25,3318.911376953125,3318.911376953125,3318.911376953125,3318.911376953125,1556.9832763671875,0
2000-07-26,3318.911376953125,3318.911376953125,3318.911376953125,3318.911376953125,1556.9832763671875,0
2000-07-27,3318.911376953125,3318.911376953125,3318.911376953125,3318.911376953125,1556.9832763671875,0
2000-07-28,3318.911376953125,3318.911376953125,3318.911376953125,3318.911376953125,1556.9832763671875,0
2000-07-31,3318.911376953125,3318.911376953125,3318.911376953125,3318.911376953125,1556.9832763671875,0
2000-08-01,3318.911376953125,3318.911376953125,3318.911376953125,3318.911376953125,1556.9832763671875,0
2000-08-02,3318.911376953125,3318.911376953125,3318.911376953125,3318.911376953125,1556.9832763671875,0
2000-08-03,3318.911376953125,3318.911376953125,3318.911376953125,3318.911376953125,1556.9832763671875,0
2000-08-04,3318.911376953125,3318.911376953125,3318.911376953125,3318.911376953125,1556.9832763671875,0
2000-08-07,3318.911376953125,3318.911376953125,3318.911376953125,3318.911376953125,1556.9832763671875,0
2000-08-08,3318.911376953125,3318.911376953125,3318.911376953125,3318.911376953125,1556.9832763671875,0
2000-08-09,3318.911376953125,3318.911376953125,3318.911376953125,3318.911376953125,1556.9832763671875,0
2000-08-10,3318.911376953125,3318.911376953125,3318.911376953125,3318.911376953125,1556.9832763671875,0
2000-08-11,3318.911376953125,3318.911376953125,3318.911376953125,3318.911376953125,1556.9832763671875,0
2000-08-14,3318.911376953125,3318.911376953125,3318.911376953125,3318.911376953125,1556.9832763671875,0
2000-08-15,3975.399169921875,3975.399169921875,3975.399169921875,3975.399169921875,1864.9578857421875,0
2000-08-16,3975.399169921875,3975.399169921875,3975.399169921875,3975.399169921875,1864.9578857421875,0
2000-08-17,3975.399169921875,3975.399169921875,3975.399169921875,3975.399169921875,1864.9578857421875,0
2000-08-18,3975.399169921875,3975.399169921875,3975.399169921875,3975.399169921875,1864.9578857421875,0
2000-08-21,3975.399169921875,3975.399169921875,3975.399169921875,3975.399169921875,1864.9578857421875,0
2000-08-22,3975.399169921875,3975.399169921875,3975.399169921875,3975.399169921875,1864.9578857421875,0
2000-08-23,3975.399169921875,3975.399169921875,3975.399169921875,3975.399169921875,1864.9578857421875,0
2000-08-24,3975.399169921875,3975.399169921875,3975.399169921875,3975.399169921875,1864.9578857421875,0
2000-08-25,3975.399169921875,3975.399169921875,3975.399169921875,3975.399169921875,1864.9578857421875,0
2000-08-28,3975.399169921875,3975.399169921875,3975.399169921875,3975.399169921875,1864.9578857421875,0
2000-08-29,3975.399169921875,3975.399169921875,3975.399169921875,3975.399169921875,1864.9578857421875,0
2000-08-30,3975.399169921875,3975.399169921875,3975.399169921875,3975.399169921875,1864.9578857421875,0
2000-08-31,3975.399169921875,3975.399169921875,3975.399169921875,3975.399169921875,1864.9578857421875,0
2000-09-01,3975.399169921875,3975.399169921875,3975.399169921875,3975.399169921875,1864.9578857421875,0
2000-09-04,3975.399169921875,3975.399169921875,3975.399169921875,3975.399169921875,1864.9578857421875,0
2000-09-05,3975.399169921875,3975.399169921875,3975.399169921875,3975.399169921875,1864.9578857421875,0
2000-09-06,3975.399169921875,3975.399169921875,3975.399169921875,3975.399169921875,1864.9578857421875,0
2000-09-07,3975.399169921875,3975.399169921875,3975.399169921875,3975.399169921875,1864.9578857421875,0
2000-09-08,3975.399169921875,3975.399169921875,3975.399169921875,3975.399169921875,1864.9578857421875,0
2000-09-11,3865.984619140625,3865.984619140625,3865.984619140625,3865.984619140625,1813.6282958984375,0
2000-09-12,3865.984619140625,3865.984619140625,3865.984619140625,3865.984619140625,1813.6282958984375,0
2000-09-13,3865.984619140625,3865.984619140625,3865.984619140625,3865.984619140625,1813.6282958984375,0
2000-09-14,3865.984619140625,3865.984619140625,3865.984619140625,3865.984619140625,1813.6282958984375,0
2000-09-15,3865.984619140625,3865.984619140625,3865.984619140625,3865.984619140625,1813.6282958984375,0
2000-09-18,3865.984619140625,3865.984619140625,3865.984619140625,3865.984619140625,1813.6282958984375,0
2000-09-19,3865.984619140625,3865.984619140625,3865.984619140625,3865.984619140625,1813.6282958984375,0
2000-09-20,3865.984619140625,3865.984619140625,3865.984619140625,3865.984619140625,1813.6282958984375,0
2000-09-21,3865.984619140625,3865.984619140625,3865.984619140625,3865.984619140625,1813.6282958984375,0
2000-09-22,3865.984619140625,3865.984619140625,3865.984619140625,3865.984619140625,1813.6282958984375,0
2000-09-25,3865.984619140625,3865.984619140625,3865.984619140625,3865.984619140625,1813.6282958984375,0
2000-09-26,3865.984619140625,3865.984619140625,3865.984619140625,3865.984619140625,1813.6282958984375,0
2000-09-27,3865.984619140625,3865.984619140625,3865.984619140625,3865.984619140625,1813.6282958984375,0
2000-09-28,3865.984619140625,3865.984619140625,3865.984619140625,3865.984619140625,1813.6282958984375,0
2000-09-29,3865.984619140625,3865.984619140625,3865.984619140625,3865.984619140625,1813.6282958984375,0
2000-10-02,3865.984619140625,3865.984619140625,3865.984619140625,3865.984619140625,1813.6282958984375,0
2000-10-03,3938.927734375,3938.927734375,3938.927734375,3938.927734375,1847.8482666015625,0
2000-10-04,3938.927734375,3938.927734375,3938.927734375,3938.927734375,1847.8482666015625,0
2000-10-05,3938.927734375,3938.927734375,3938.927734375,3938.927734375,1847.8482666015625,0
2000-10-06,3938.927734375,3938.927734375,3938.927734375,3938.927734375,1847.8482666015625,0
2000-10-09,3938.927734375,3938.927734375,3938.927734375,3938.927734375,1847.8482666015625,0
2000-10-10,3938.927734375,3938.927734375,3938.927734375,3938.927734375,1847.8482666015625,0
2000-10-11,3938.927734375,3938.927734375,3938.927734375,3938.927734375,1847.8482666015625,0
2000-10-12,3938.927734375,3938.927734375,3938.927734375,3938.927734375,1847.8482666015625,0
2000-10-13,3938.927734375,3938.927734375,3938.927734375,3938.927734375,1847.8482666015625,0
2000-10-16,4103.0498046875,4103.0498046875,4103.0498046875,4103.0498046875,1924.8419189453125,0
2000-10-17,4103.0498046875,4103.0498046875,4103.0498046875,4103.0498046875,1924.8419189453125,0
2000-10-18,4103.0498046875,4103.0498046875,4103.0498046875,4103.0498046875,1924.8419189453125,0
2000-10-19,4103.0498046875,4103.0498046875,4103.0498046875,4103.0498046875,1924.8419189453125,0
2000-10-20,4103.0498046875,4103.0498046875,4103.0498046875,4103.0498046875,1924.8419189453125,0
2000-10-23,4103.0498046875,4103.0498046875,4103.0498046875,4103.0498046875,1924.8419189453125,0
2000-10-24,4103.0498046875,4103.0498046875,4103.0498046875,4103.0498046875,1924.8419189453125,0
2000-10-25,4103.0498046875,4103.0498046875,4103.0498046875,4103.0498046875,1924.8419189453125,0
2000-10-26,4103.0498046875,4103.0498046875,4103.0498046875,4103.0498046875,1924.8419189453125,0
2000-10-27,4577.1796875,4577.1796875,4577.1796875,4577.1796875,2147.26806640625,0
2000-10-30,4577.1796875,4577.1796875,4577.1796875,4577.1796875,2147.26806640625,0
2000-10-31,4577.1796875,4577.1796875,4577.1796875,4577.1796875,2147.26806640625,0
2000-11-01,4577.1796875,4577.1796875,4577.1796875,4577.1796875,2147.26806640625,0
2000-11-02,4577.1796875,4577.1796875,4577.1796875,4577.1796875,2147.26806640625,0
2000-11-03,4577.1796875,4577.1796875,4577.1796875,4577.1796875,2147.26806640625,0
2000-11-06,4577.1796875,4577.1796875,4577.1796875,4577.1796875,2147.26806640625,0
2000-11-07,4577.1796875,4577.1796875,4577.1796875,4577.1796875,2147.26806640625,0
2000-11-08,4577.1796875,4577.1796875,4577.1796875,4577.1796875,2147.26806640625,0
2000-11-09,4577.1796875,4577.1796875,4577.1796875,4577.1796875,2147.26806640625,0
2000-11-10,4577.1796875,4577.1796875,4577.1796875,4577.1796875,2147.26806640625,0
2000-11-13,4577.1796875,4577.1796875,4577.1796875,4577.1796875,2147.26806640625,0
2000-11-14,4577.1796875,4577.1796875,4577.1796875,4577.1796875,2147.26806640625,0
2000-11-15,4577.1796875,4577.1796875,4577.1796875,4577.1796875,2147.26806640625,0
2000-11-16,4577.1796875,4577.1796875,4577.1796875,4577.1796875,2147.26806640625,0
2000-11-17,4577.1796875,4577.1796875,4577.1796875,4577.1796875,2147.26806640625,0
2000-11-20,4577.1796875,4577.1796875,4577.1796875,4577.1796875,2147.26806640625,0
2000-11-21,4577.1796875,4577.1796875,4577.1796875,4577.1796875,2147.26806640625,0
2000-11-22,4577.1796875,4577.1796875,4577.1796875,4577.1796875,2147.26806640625,0
2000-11-23,4577.1796875,4577.1796875,4577.1796875,4577.1796875,2147.26806640625,0
2000-11-24,4577.1796875,4577.1796875,4577.1796875,4577.1796875,2147.26806640625,0
2000-11-27,4577.1796875,4577.1796875,4577.1796875,4577.1796875,2147.26806640625,0
2000-11-28,4577.1796875,4577.1796875,4577.1796875,4577.1796875,2147.26806640625,0
2000-11-29,4577.1796875,4577.1796875,4577.1796875,4577.1796875,2147.26806640625,0
2000-11-30,4577.1796875,4577.1796875,4577.1796875,4577.1796875,2147.26806640625,0
2000-12-01,4577.1796875,4577.1796875,4577.1796875,4577.1796875,2147.26806640625,0
2000-12-04,4577.1796875,4577.1796875,4577.1796875,4577.1796875,2147.26806640625,0
2000-12-05,4577.1796875,4577.1796875,4577.1796875,4577.1796875,2147.26806640625,0
2000-12-06,4577.1796875,4577.1796875,4577.1796875,4577.1796875,2147.26806640625,0
2000-12-07,4577.1796875,4577.1796875,4577.1796875,4577.1796875,2147.26806640625,0
2000-12-08,4577.1796875,4577.1796875,4577.1796875,4577.1796875,2147.26806640625,0
2000-12-11,4577.1796875,4577.1796875,4577.1796875,4577.1796875,2147.26806640625,0
2000-12-12,4577.1796875,4577.1796875,4577.1796875,4577.1796875,2147.26806640625,0
2000-12-13,4577.1796875,4577.1796875,4577.1796875,4577.1796875,2147.26806640625,0
2000-12-14,4577.1796875,4577.1796875,4577.1796875,4577.1796875,2147.26806640625,0
2000-12-15,4577.1796875,4577.1796875,4577.1796875,4577.1796875,2147.26806640625,0
2000-12-18,4577.1796875,4577.1796875,4577.1796875,4577.1796875,2147.26806640625,0
2000-12-19,4577.1796875,4577.1796875,4577.1796875,4577.1796875,2147.26806640625,0
2000-12-20,4577.1796875,4577.1796875,4577.1796875,4577.1796875,2147.26806640625,0
2000-12-21,4577.1796875,4577.1796875,4577.1796875,4577.1796875,2147.26806640625,0
2000-12-22,4577.1796875,4577.1796875,4577.1796875,4577.1796875,2147.26806640625,0
2000-12-25,4577.1796875,4577.1796875,4577.1796875,4577.1796875,2147.26806640625,0
2000-12-26,4577.1796875,4577.1796875,4577.1796875,4577.1796875,2147.26806640625,0
2000-12-27,4577.1796875,4577.1796875,4577.1796875,4577.1796875,2147.26806640625,0
2000-12-28,4577.1796875,4577.1796875,4577.1796875,4577.1796875,2147.26806640625,0
2000-12-29,4577.1796875,4577.1796875,4577.1796875,4577.1796875,2147.26806640625,0
2001-01-01,4577.1796875,4577.1796875,4577.1796875,4577.1796875,2147.26806640625,0
2001-01-02,4577.1796875,4577.1796875,4577.1796875,4577.1796875,2236.36572265625,0
2001-01-03,4577.1796875,4577.1796875,4577.1796875,4577.1796875,2236.36572265625,0
2001-01-04,4577.1796875,4577.1796875,4577.1796875,4577.1796875,2236.36572265625,0
2001-01-05,4577.1796875,4577.1796875,4577.1796875,4577.1796875,2236.36572265625,0
2001-01-08,4577.1796875,4577.1796875,4577.1796875,4577.1796875,2236.36572265625,0
2001-01-09,4577.1796875,4577.1796875,4577.1796875,4577.1796875,2236.36572265625,0
2001-01-10,4577.1796875,4577.1796875,4577.1796875,4577.1796875,2236.36572265625,0
2001-01-11,4577.1796875,4577.1796875,4577.1796875,4577.1796875,2236.36572265625,0
2001-01-12,4577.1796875,4577.1796875,4577.1796875,4577.1796875,2236.36572265625,0
2001-01-15,4577.1796875,4577.1796875,4577.1796875,4577.1796875,2236.36572265625,0
2001-01-16,4577.1796875,4577.1796875,4577.1796875,4577.1796875,2236.36572265625,0
2001-01-17,4577.1796875,4577.1796875,4577.1796875,4577.1796875,2236.36572265625,0
2001-01-18,4577.1796875,4577.1796875,4577.1796875,4577.1796875,2236.36572265625,0
2001-01-19,4577.1796875,4577.1796875,4577.1796875,4577.1796875,2236.36572265625,0
2001-01-22,4577.1796875,4577.1796875,4577.1796875,4577.1796875,2236.36572265625,0
2001-01-23,4577.1796875,4577.1796875,4577.1796875,4577.1796875,2236.36572265625,0
2001-01-24,4577.1796875,4577.1796875,4577.1796875,4577.1796875,2236.36572265625,0
2001-01-25,4577.1796875,4577.1796875,4577.1796875,4577.1796875,2236.36572265625,0
2001-01-26,4577.1796875,4577.1796875,4577.1796875,4577.1796875,2236.36572265625,0
2001-01-29,4577.1796875,4577.1796875,4577.1796875,4577.1796875,2236.36572265625,0
2001-01-30,4577.1796875,4577.1796875,4577.1796875,4577.1796875,2236.36572265625,0
2001-01-31,4577.1796875,4577.1796875,4577.1796875,4577.1796875,2236.36572265625,0
2001-02-01,4577.1796875,4577.1796875,4577.1796875,4577.1796875,2236.36572265625,0
2001-02-02,4577.1796875,4577.1796875,4577.1796875,4577.1796875,2236.36572265625,0
2001-02-05,4577.1796875,4577.1796875,4577.1796875,4577.1796875,2236.36572265625,0
2001-02-06,4577.1796875,4577.1796875,4577.1796875,4577.1796875,2236.36572265625,0
2001-02-07,4577.1796875,4577.1796875,4577.1796875,4577.1796875,2236.36572265625,0
2001-02-08,4577.1796875,4577.1796875,4577.1796875,4577.1796875,2236.36572265625,0
2001-02-09,4577.1796875,4577.1796875,4577.1796875,4577.1796875,2236.36572265625,0
2001-02-12,4577.1796875,4577.1796875,4577.1796875,4577.1796875,2236.36572265625,0
2001-02-13,4577.1796875,4577.1796875,4577.1796875,4577.1796875,2236.36572265625,0
2001-02-14,4577.1796875,4577.1796875,4577.1796875,4577.1796875,2236.36572265625,0
2001-02-15,4577.1796875,4577.1796875,4577.1796875,4577.1796875,2236.36572265625,0
2001-02-16,4577.1796875,4577.1796875,4577.1796875,4577.1796875,2236.36572265625,0
2001-02-19,4577.1796875,4577.1796875,4577.1796875,4577.1796875,2236.36572265625,0
2001-02-20,4577.1796875,4577.1796875,4577.1796875,4577.1796875,2236.36572265625,0
2001-02-21,4577.1796875,4577.1796875,4577.1796875,4577.1796875,2236.36572265625,0
2001-02-22,4577.1796875,4577.1796875,4577.1796875,4577.1796875,2236.36572265625,0
2001-02-23,4577.1796875,4577.1796875,4577.1796875,4577.1796875,2236.36572265625,0
2001-02-26,4577.1796875,4577.1796875,4577.1796875,4577.1796875,2236.36572265625,0
2001-02-27,4577.1796875,4577.1796875,4577.1796875,4577.1796875,2236.36572265625,0
2001-02-28,4577.1796875,4577.1796875,4577.1796875,4577.1796875,2236.36572265625,0
2001-03-01,4577.1796875,4577.1796875,4577.1796875,4577.1796875,2236.36572265625,0
2001-03-02,4577.1796875,4577.1796875,4577.1796875,4577.1796875,2236.36572265625,0
2001-03-05,4577.1796875,4577.1796875,4577.1796875,4577.1796875,2236.36572265625,0
2001-03-06,4577.1796875,4577.1796875,4577.1796875,4577.1796875,2236.36572265625,0
2001-03-07,4577.1796875,4577.1796875,4577.1796875,4577.1796875,2236.36572265625,0
2001-03-08,4577.1796875,4577.1796875,4577.1796875,4577.1796875,2236.36572265625,0
2001-03-09,4577.1796875,4577.1796875,4577.1796875,4577.1796875,2236.36572265625,0
2001-03-12,4577.1796875,4577.1796875,4577.1796875,4577.1796875,2236.36572265625,0
2001-03-13,4577.1796875,4577.1796875,4577.1796875,4577.1796875,2236.36572265625,0
2001-03-14,4577.1796875,4577.1796875,4577.1796875,4577.1796875,2236.36572265625,0
2001-03-15,4577.1796875,4577.1796875,4577.1796875,4577.1796875,2236.36572265625,0
2001-03-16,4577.1796875,4577.1796875,4577.1796875,4577.1796875,2236.36572265625,0
2001-03-19,4577.1796875,4577.1796875,4577.1796875,4577.1796875,2236.36572265625,0
2001-03-20,4577.1796875,4577.1796875,4577.1796875,4577.1796875,2236.36572265625,0
2001-03-21,4577.1796875,4577.1796875,4577.1796875,4577.1796875,2236.36572265625,0
2001-03-22,4577.1796875,4577.1796875,4577.1796875,4577.1796875,2236.36572265625,0
2001-03-23,4577.1796875,4577.1796875,4577.1796875,4577.1796875,2236.36572265625,0
2001-03-26,4577.1796875,4577.1796875,4577.1796875,4577.1796875,2236.36572265625,0
2001-03-27,4577.1796875,4577.1796875,4577.1796875,4577.1796875,2236.36572265625,0
2001-03-28,4577.1796875,4577.1796875,4577.1796875,4577.1796875,2236.36572265625,0
2001-03-29,4577.1796875,4577.1796875,4577.1796875,4577.1796875,2236.36572265625,0
2001-03-30,4577.1796875,4577.1796875,4577.1796875,4577.1796875,2236.36572265625,0
2001-04-02,4577.1796875,4577.1796875,4577.1796875,4577.1796875,2236.36572265625,0
2001-04-03,4577.1796875,4577.1796875,4577.1796875,4577.1796875,2236.36572265625,0
2001-04-04,4577.1796875,4577.1796875,4577.1796875,4577.1796875,2236.36572265625,0
2001-04-05,4577.1796875,4577.1796875,4577.1796875,4577.1796875,2236.36572265625,0
2001-04-06,4577.1796875,4577.1796875,4577.1796875,4577.1796875,2236.36572265625,0
2001-04-09,4577.1796875,4577.1796875,4577.1796875,4577.1796875,2236.36572265625,0
2001-04-10,4577.1796875,4577.1796875,4577.1796875,4577.1796875,2236.36572265625,0
2001-04-11,4577.1796875,4577.1796875,4577.1796875,4577.1796875,2236.36572265625,0
2001-04-12,4577.1796875,4577.1796875,4577.1796875,4577.1796875,2236.36572265625,0
2001-04-13,4577.1796875,4577.1796875,4577.1796875,4577.1796875,2236.36572265625,0
2001-04-16,4577.1796875,4577.1796875,4577.1796875,4577.1796875,2236.36572265625,0
2001-04-17,4577.1796875,4577.1796875,4577.1796875,4577.1796875,2236.36572265625,0
2001-04-18,4577.1796875,4577.1796875,4577.1796875,4577.1796875,2236.36572265625,0
2001-04-19,4577.1796875,4577.1796875,4577.1796875,4577.1796875,2236.36572265625,0
2001-04-20,4577.1796875,4577.1796875,4577.1796875,4577.1796875,2236.36572265625,0
2001-04-23,4577.1796875,4577.1796875,4577.1796875,4577.1796875,2236.36572265625,0
2001-04-24,4577.1796875,4577.1796875,4577.1796875,4577.1796875,2236.36572265625,0
2001-04-25,4577.1796875,4577.1796875,4577.1796875,4577.1796875,2236.36572265625,0
2001-04-26,4577.1796875,4577.1796875,4577.1796875,4577.1796875,2236.36572265625,0
2001-04-27,4577.1796875,4577.1796875,4577.1796875,4577.1796875,2236.36572265625,0
2001-04-30,4577.1796875,4577.1796875,4577.1796875,4577.1796875,2236.36572265625,0
2001-05-01,4577.1796875,4577.1796875,4577.1796875,4577.1796875,2236.36572265625,0
2001-05-02,4577.1796875,4577.1796875,4577.1796875,4577.1796875,2236.36572265625,0
2001-05-03,4577.1796875,4577.1796875,4577.1796875,4577.1796875,2236.36572265625,0
2001-05-04,4577.1796875,4577.1796875,4577.1796875,4577.1796875,2236.36572265625,0
2001-05-07,4577.1796875,4577.1796875,4577.1796875,4577.1796875,2236.36572265625,0
2001-05-08,4577.1796875,4577.1796875,4577.1796875,4577.1796875,2236.36572265625,0
2001-05-09,4577.1796875,4577.1796875,4577.1796875,4577.1796875,2236.36572265625,0
2001-05-10,4577.1796875,4577.1796875,4577.1796875,4577.1796875,2236.36572265625,0
2001-05-11,4577.1796875,4577.1796875,4577.1796875,4577.1796875,2236.36572265625,0
2001-05-14,4577.1796875,4577.1796875,4577.1796875,4577.1796875,2236.36572265625,0
2001-05-15,4577.1796875,4577.1796875,4577.1796875,4577.1796875,2236.36572265625,0
2001-05-16,4577.1796875,4577.1796875,4577.1796875,4577.1796875,2236.36572265625,0
2001-05-17,4577.1796875,4577.1796875,4577.1796875,4577.1796875,2236.36572265625,0
2001-05-18,4577.1796875,4577.1796875,4577.1796875,4577.1796875,2236.36572265625,0
2001-05-21,4577.1796875,4577.1796875,4577.1796875,4577.1796875,2236.36572265625,0
2001-05-22,4577.1796875,4577.1796875,4577.1796875,4577.1796875,2236.36572265625,0
2001-05-23,4577.1796875,4577.1796875,4577.1796875,4577.1796875,2236.36572265625,0
2001-05-24,4577.1796875,4577.1796875,4577.1796875,4577.1796875,2236.36572265625,0
2001-05-25,4577.1796875,4577.1796875,4577.1796875,4577.1796875,2236.36572265625,0
2001-05-28,4577.1796875,4577.1796875,4577.1796875,4577.1796875,2236.36572265625,0
2001-05-29,4577.1796875,4577.1796875,4577.1796875,4577.1796875,2236.36572265625,0
2001-05-30,4577.1796875,4577.1796875,4577.1796875,4577.1796875,2236.36572265625,0
2001-05-31,4577.1796875,4577.1796875,4577.1796875,4577.1796875,2236.36572265625,0
2001-06-01,4577.1796875,4577.1796875,4577.1796875,4577.1796875,2236.36572265625,0
2001-06-04,4577.1796875,4577.1796875,4577.1796875,4577.1796875,2236.36572265625,0
2001-06-05,4577.1796875,4577.1796875,4577.1796875,4577.1796875,2236.36572265625,0
2001-06-06,4577.1796875,4577.1796875,4577.1796875,4577.1796875,2236.36572265625,0
2001-06-07,4577.1796875,4577.1796875,4577.1796875,4577.1796875,2236.36572265625,0
2001-06-08,4577.1796875,4577.1796875,4577.1796875,4577.1796875,2236.36572265625,0
2001-06-11,4577.1796875,4577.1796875,4577.1796875,4577.1796875,2236.36572265625,0
2001-06-12,4577.1796875,4577.1796875,4577.1796875,4577.1796875,2236.36572265625,0
2001-06-13,4577.1796875,4577.1796875,4577.1796875,4577.1796875,2236.36572265625,0
2001-06-14,4577.1796875,4577.1796875,4577.1796875,4577.1796875,2236.36572265625,0
2001-06-15,4577.1796875,4577.1796875,4577.1796875,4577.1796875,2236.36572265625,0
2001-06-18,4577.1796875,4577.1796875,4577.1796875,4577.1796875,2236.36572265625,0
2001-06-19,4577.1796875,4577.1796875,4577.1796875,4577.1796875,2236.36572265625,0
2001-06-20,4577.1796875,4577.1796875,4577.1796875,4577.1796875,2236.36572265625,0
2001-06-21,4577.1796875,4577.1796875,4577.1796875,4577.1796875,2236.36572265625,0
2001-06-22,4577.1796875,4577.1796875,4577.1796875,4577.1796875,2236.36572265625,0
2001-06-25,4577.1796875,4577.1796875,4577.1796875,4577.1796875,2236.36572265625,0
2001-06-26,4577.1796875,4577.1796875,4577.1796875,4577.1796875,2236.36572265625,0
2001-06-27,4577.1796875,4577.1796875,4577.1796875,4577.1796875,2236.36572265625,0
2001-06-28,4577.1796875,4577.1796875,4577.1796875,4577.1796875,2236.36572265625,0
2001-06-29,4577.1796875,4577.1796875,4577.1796875,4577.1796875,2236.36572265625,0
2001-07-02,4577.1796875,4577.1796875,4577.1796875,4577.1796875,2236.36572265625,0
2001-07-03,4577.1796875,4577.1796875,4577.1796875,4577.1796875,2236.36572265625,0
2001-07-04,4577.1796875,4577.1796875,4577.1796875,4577.1796875,2236.36572265625,0
2001-07-05,4577.1796875,4577.1796875,4577.1796875,4577.1796875,2236.36572265625,0
2001-07-06,4577.1796875,4577.1796875,4577.1796875,4577.1796875,2236.36572265625,0
2001-07-09,4577.1796875,4577.1796875,4577.1796875,4577.1796875,2236.36572265625,0
2001-07-10,4577.1796875,4577.1796875,4577.1796875,4577.1796875,2236.36572265625,0
2001-07-11,4577.1796875,4577.1796875,4577.1796875,4577.1796875,2236.36572265625,0
2001-07-12,4577.1796875,4577.1796875,4577.1796875,4577.1796875,2236.36572265625,0
2001-07-13,4577.1796875,4577.1796875,4577.1796875,4577.1796875,2236.36572265625,0
2001-07-16,4577.1796875,4577.1796875,4577.1796875,4577.1796875,2236.36572265625,0
2001-07-17,4577.1796875,4577.1796875,4577.1796875,4577.1796875,2236.36572265625,0
2001-07-18,4577.1796875,4577.1796875,4577.1796875,4577.1796875,2236.36572265625,0
2001-07-19,4577.1796875,4577.1796875,4577.1796875,4577.1796875,2236.36572265625,0
2001-07-20,4577.1796875,4577.1796875,4577.1796875,4577.1796875,2236.36572265625,0
2001-07-23,4577.1796875,4577.1796875,4577.1796875,4577.1796875,2236.36572265625,0
2001-07-24,4577.1796875,4577.1796875,4577.1796875,4577.1796875,2236.36572265625,0
2001-07-25,4577.1796875,4577.1796875,4577.1796875,4577.1796875,2236.36572265625,0
2001-07-26,4577.1796875,4577.1796875,4577.1796875,4577.1796875,2236.36572265625,0
2001-07-27,4577.1796875,4577.1796875,4577.1796875,4577.1796875,2236.36572265625,0
2001-07-30,4577.1796875,4577.1796875,4577.1796875,4577.1796875,2236.36572265625,0
2001-07-31,4577.1796875,4577.1796875,4577.1796875,4577.1796875,2236.36572265625,0
2001-08-01,4577.1796875,4577.1796875,4577.1796875,4577.1796875,2236.36572265625,0
2001-08-02,4577.1796875,4577.1796875,4577.1796875,4577.1796875,2236.36572265625,0
2001-08-03,4577.1796875,4577.1796875,4577.1796875,4577.1796875,2236.36572265625,0
2001-08-06,4577.1796875,4577.1796875,4577.1796875,4577.1796875,2236.36572265625,0
2001-08-07,4577.1796875,4577.1796875,4577.1796875,4577.1796875,2236.36572265625,0
2001-08-08,4577.1796875,4577.1796875,4577.1796875,4577.1796875,2236.36572265625,0
2001-08-09,4577.1796875,4577.1796875,4577.1796875,4577.1796875,2236.36572265625,0
2001-08-10,4577.1796875,4577.1796875,4577.1796875,4577.1796875,2236.36572265625,0
2001-08-13,4577.1796875,4577.1796875,4577.1796875,4577.1796875,2236.36572265625,0
2001-08-14,4577.1796875,4577.1796875,4577.1796875,4577.1796875,2236.36572265625,0
2001-08-15,4577.1796875,4577.1796875,4577.1796875,4577.1796875,2236.36572265625,0
2001-08-16,4577.1796875,4577.1796875,4577.1796875,4577.1796875,2236.36572265625,0
2001-08-17,4577.1796875,4577.1796875,4577.1796875,4577.1796875,2236.36572265625,0
2001-08-20,4577.1796875,4577.1796875,4577.1796875,4577.1796875,2236.36572265625,0
2001-08-21,4577.1796875,4577.1796875,4577.1796875,4577.1796875,2236.36572265625,0
2001-08-22,4577.1796875,4577.1796875,4577.1796875,4577.1796875,2236.36572265625,0
2001-08-23,4577.1796875,4577.1796875,4577.1796875,4577.1796875,2236.36572265625,0
2001-08-24,4577.1796875,4577.1796875,4577.1796875,4577.1796875,2236.36572265625,0
2001-08-27,4577.1796875,4577.1796875,4577.1796875,4577.1796875,2236.36572265625,0
2001-08-28,4577.1796875,4577.1796875,4577.1796875,4577.1796875,2236.36572265625,0
2001-08-29,4577.1796875,4577.1796875,4577.1796875,4577.1796875,2236.36572265625,0
2001-08-30,4577.1796875,4577.1796875,4577.1796875,4577.1796875,2236.36572265625,0
2001-08-31,4577.1796875,4577.1796875,4577.1796875,4577.1796875,2236.36572265625,0
2001-09-03,4577.1796875,4577.1796875,4577.1796875,4577.1796875,2236.36572265625,0
2001-09-04,4577.1796875,4577.1796875,4577.1796875,4577.1796875,2236.36572265625,0
2001-09-05,4577.1796875,4577.1796875,4577.1796875,4577.1796875,2236.36572265625,0
2001-09-06,4577.1796875,4577.1796875,4577.1796875,4577.1796875,2236.36572265625,0
2001-09-07,4577.1796875,4577.1796875,4577.1796875,4577.1796875,2236.36572265625,0
2001-09-10,4577.1796875,4577.1796875,4577.1796875,4577.1796875,2236.36572265625,0
2001-09-11,4577.1796875,4577.1796875,4577.1796875,4577.1796875,2236.36572265625,0
2001-09-12,4577.1796875,4577.1796875,4577.1796875,4577.1796875,2236.36572265625,0
2001-09-13,4577.1796875,4577.1796875,4577.1796875,4577.1796875,2236.36572265625,0
2001-09-14,4577.1796875,4577.1796875,4577.1796875,4577.1796875,2236.36572265625,0
2001-09-17,4577.1796875,4577.1796875,4577.1796875,4577.1796875,2236.36572265625,0
2001-09-18,4577.1796875,4577.1796875,4577.1796875,4577.1796875,2236.36572265625,0
2001-09-19,4577.1796875,4577.1796875,4577.1796875,4577.1796875,2236.36572265625,0
2001-09-20,4577.1796875,4577.1796875,4577.1796875,4577.1796875,2236.36572265625,0
2001-09-21,4577.1796875,4577.1796875,4577.1796875,4577.1796875,2236.36572265625,0
2001-09-24,4577.1796875,4577.1796875,4577.1796875,4577.1796875,2236.36572265625,0
2001-09-25,4577.1796875,4577.1796875,4577.1796875,4577.1796875,2236.36572265625,0
2001-09-26,4577.1796875,4577.1796875,4577.1796875,4577.1796875,2236.36572265625,0
2001-09-27,4577.1796875,4577.1796875,4577.1796875,4577.1796875,2236.36572265625,0
2001-09-28,4577.1796875,4577.1796875,4577.1796875,4577.1796875,2236.36572265625,0
2001-10-01,4577.1796875,4577.1796875,4577.1796875,4577.1796875,2236.36572265625,0
2001-10-02,4577.1796875,4577.1796875,4577.1796875,4577.1796875,2236.36572265625,0
2001-10-03,4577.1796875,4577.1796875,4577.1796875,4577.1796875,2236.36572265625,0
2001-10-04,4577.1796875,4577.1796875,4577.1796875,4577.1796875,2236.36572265625,0
2001-10-05,4577.1796875,4577.1796875,4577.1796875,4577.1796875,2236.36572265625,0
2001-10-08,4577.1796875,4577.1796875,4577.1796875,4577.1796875,2236.36572265625,0
2001-10-09,4577.1796875,4577.1796875,4577.1796875,4577.1796875,2236.36572265625,0
2001-10-10,4577.1796875,4577.1796875,4577.1796875,4577.1796875,2236.36572265625,0
2001-10-11,4577.1796875,4577.1796875,4577.1796875,4577.1796875,2236.36572265625,0
2001-10-12,4577.1796875,4577.1796875,4577.1796875,4577.1796875,2236.36572265625,0
2001-10-15,4577.1796875,4577.1796875,4577.1796875,4577.1796875,2236.36572265625,0
2001-10-16,4577.1796875,4577.1796875,4577.1796875,4577.1796875,2236.36572265625,0
2001-10-17,4577.1796875,4577.1796875,4577.1796875,4577.1796875,2236.36572265625,0
2001-10-18,4577.1796875,4577.1796875,4577.1796875,4577.1796875,2236.36572265625,0
2001-10-19,4577.1796875,4577.1796875,4577.1796875,4577.1796875,2236.36572265625,0
2001-10-22,4577.1796875,4577.1796875,4577.1796875,4577.1796875,2236.36572265625,0
2001-10-23,4577.1796875,4577.1796875,4577.1796875,4577.1796875,2236.36572265625,0
2001-10-24,4577.1796875,4577.1796875,4577.1796875,4577.1796875,2236.36572265625,0
2001-10-25,4577.1796875,4577.1796875,4577.1796875,4577.1796875,2236.36572265625,0
2001-10-26,4577.1796875,4577.1796875,4577.1796875,4577.1796875,2236.36572265625,0
2001-10-29,4577.1796875,4577.1796875,4577.1796875,4577.1796875,2236.36572265625,0
2001-10-30,4577.1796875,4577.1796875,4577.1796875,4577.1796875,2236.36572265625,0
2001-10-31,4577.1796875,4577.1796875,4577.1796875,4577.1796875,2236.36572265625,0
2001-11-01,4577.1796875,4577.1796875,4577.1796875,4577.1796875,2236.36572265625,0
2001-11-02,4577.1796875,4577.1796875,4577.1796875,4577.1796875,2236.36572265625,0
2001-11-05,4577.1796875,4577.1796875,4577.1796875,4577.1796875,2236.36572265625,0
2001-11-06,4577.1796875,4577.1796875,4577.1796875,4577.1796875,2236.36572265625,0
2001-11-07,4577.1796875,4577.1796875,4577.1796875,4577.1796875,2236.36572265625,0
2001-11-08,4577.1796875,4577.1796875,4577.1796875,4577.1796875,2236.36572265625,0
2001-11-09,4577.1796875,4577.1796875,4577.1796875,4577.1796875,2236.36572265625,0
2001-11-12,4577.1796875,4577.1796875,4577.1796875,4577.1796875,2236.36572265625,0
2001-11-13,4577.1796875,4577.1796875,4577.1796875,4577.1796875,2236.36572265625,0
2001-11-14,4577.1796875,4577.1796875,4577.1796875,4577.1796875,2236.36572265625,0
2001-11-15,4577.1796875,4577.1796875,4577.1796875,4577.1796875,2236.36572265625,0
2001-11-16,4577.1796875,4577.1796875,4577.1796875,4577.1796875,2236.36572265625,0
2001-11-19,4577.1796875,4577.1796875,4577.1796875,4577.1796875,2236.36572265625,0
2001-11-20,4577.1796875,4577.1796875,4577.1796875,4577.1796875,2236.36572265625,0
2001-11-21,4577.1796875,4577.1796875,4577.1796875,4577.1796875,2236.36572265625,0
2001-11-22,4577.1796875,4577.1796875,4577.1796875,4577.1796875,2236.36572265625,0
2001-11-23,4577.1796875,4577.1796875,4577.1796875,4577.1796875,2236.36572265625,0
2001-11-26,4577.1796875,4577.1796875,4577.1796875,4577.1796875,2236.36572265625,0
2001-11-27,4577.1796875,4577.1796875,4577.1796875,4577.1796875,2236.36572265625,0
2001-11-28,4577.1796875,4577.1796875,4577.1796875,4577.1796875,2236.36572265625,0
2001-11-29,4577.1796875,4577.1796875,4577.1796875,4577.1796875,2236.36572265625,0
2001-11-30,4577.1796875,4577.1796875,4577.1796875,4577.1796875,2236.36572265625,0
2001-12-03,4577.1796875,4577.1796875,4577.1796875,4577.1796875,2236.36572265625,0
2001-12-04,4577.1796875,4577.1796875,4577.1796875,4577.1796875,2236.36572265625,0
2001-12-05,4577.1796875,4577.1796875,4577.1796875,4577.1796875,2236.36572265625,0
2001-12-06,4577.1796875,4577.1796875,4577.1796875,4577.1796875,2236.36572265625,0
2001-12-07,4577.1796875,4577.1796875,4577.1796875,4577.1796875,2236.36572265625,0
2001-12-10,4577.1796875,4577.1796875,4577.1796875,4577.1796875,2236.36572265625,0
2001-12-11,4577.1796875,4577.1796875,4577.1796875,4577.1796875,2236.36572265625,0
2001-12-12,4577.1796875,4577.1796875,4577.1796875,4577.1796875,2236.36572265625,0
2001-12-13,4577.1796875,4577.1796875,4577.1796875,4577.1796875,2236.36572265625,0
2001-12-14,4577.1796875,4577.1796875,4577.1796875,4577.1796875,2236.36572265625,0
2001-12-17,4577.1796875,4577.1796875,4577.1796875,4577.1796875,2236.36572265625,0
2001-12-18,4577.1796875,4577.1796875,4577.1796875,4577.1796875,2236.36572265625,0
2001-12-19,4577.1796875,4577.1796875,4577.1796875,4577.1796875,2236.36572265625,0
2001-12-20,4577.1796875,4577.1796875,4577.1796875,4577.1796875,2236.36572265625,0
2001-12-21,4577.1796875,4577.1796875,4577.1796875,4577.1796875,2236.36572265625,0
2001-12-24,4577.1796875,4577.1796875,4577.1796875,4577.1796875,2236.36572265625,0
2001-12-25,4577.1796875,4577.1796875,4577.1796875,4577.1796875,2236.36572265625,0
2001-12-26,4577.1796875,4577.1796875,4577.1796875,4577.1796875,2236.36572265625,0
2001-12-27,4577.1796875,4577.1796875,4577.1796875,4577.1796875,2329.1611328125,0
2001-12-28,4577.1796875,4577.1796875,4577.1796875,4577.1796875,2329.1611328125,0
2001-12-31,4577.1796875,4577.1796875,4577.1796875,4577.1796875,2329.1611328125,0
2002-01-01,4577.1796875,4577.1796875,4577.1796875,4577.1796875,2329.1611328125,0
2002-01-02,4577.1796875,4577.1796875,4577.1796875,4577.1796875,2329.1611328125,0
2002-01-03,4577.1796875,4577.1796875,4577.1796875,4577.1796875,2329.1611328125,0
2002-01-04,4577.1796875,4577.1796875,4577.1796875,4577.1796875,2329.1611328125,0
2002-01-07,4577.1796875,4577.1796875,4577.1796875,4577.1796875,2329.1611328125,0
2002-01-08,4577.1796875,4577.1796875,4577.1796875,4577.1796875,2329.1611328125,0
2002-01-09,4577.1796875,4577.1796875,4577.1796875,4577.1796875,2329.1611328125,0
2002-01-10,4577.1796875,4577.1796875,4577.1796875,4577.1796875,2329.1611328125,0
2002-01-11,4577.1796875,4577.1796875,4577.1796875,4577.1796875,2329.1611328125,0
2002-01-14,4577.1796875,4577.1796875,4577.1796875,4577.1796875,2329.1611328125,0
2002-01-15,4577.1796875,4577.1796875,4577.1796875,4577.1796875,2329.1611328125,0
2002-01-16,4577.1796875,4577.1796875,4577.1796875,4577.1796875,2329.1611328125,0
2002-01-17,4577.1796875,4577.1796875,4577.1796875,4577.1796875,2329.1611328125,0
2002-01-18,4577.1796875,4577.1796875,4577.1796875,4577.1796875,2329.1611328125,0
2002-01-21,4577.1796875,4577.1796875,4577.1796875,4577.1796875,2329.1611328125,0
2002-01-22,4577.1796875,4577.1796875,4577.1796875,4577.1796875,2329.1611328125,0
2002-01-23,4577.1796875,4577.1796875,4577.1796875,4577.1796875,2329.1611328125,0
2002-01-24,4577.1796875,4577.1796875,4577.1796875,4577.1796875,2329.1611328125,0
2002-01-25,4577.1796875,4577.1796875,4577.1796875,4577.1796875,2329.1611328125,0
2002-01-28,4577.1796875,4577.1796875,4577.1796875,4577.1796875,2329.1611328125,0
2002-01-29,4577.1796875,4577.1796875,4577.1796875,4577.1796875,2329.1611328125,0
2002-01-30,4577.1796875,4577.1796875,4577.1796875,4577.1796875,2329.1611328125,0
2002-01-31,4577.1796875,4577.1796875,4577.1796875,4577.1796875,2329.1611328125,0
2002-02-01,4577.1796875,4577.1796875,4577.1796875,4577.1796875,2329.1611328125,0
2002-02-04,4577.1796875,4577.1796875,4577.1796875,4577.1796875,2329.1611328125,0
2002-02-05,4577.1796875,4577.1796875,4577.1796875,4577.1796875,2329.1611328125,0
2002-02-06,4577.1796875,4577.1796875,4577.1796875,4577.1796875,2329.1611328125,0
2002-02-07,4577.1796875,4577.1796875,4577.1796875,4577.1796875,2329.1611328125,0
2002-02-08,4577.1796875,4577.1796875,4577.1796875,4577.1796875,2329.1611328125,0
2002-02-11,4577.1796875,4577.1796875,4577.1796875,4577.1796875,2329.1611328125,0
2002-02-12,4577.1796875,4577.1796875,4577.1796875,4577.1796875,2329.1611328125,0
2002-02-13,4577.1796875,4577.1796875,4577.1796875,4577.1796875,2329.1611328125,0
2002-02-14,4577.1796875,4577.1796875,4577.1796875,4577.1796875,2329.1611328125,0
2002-02-15,4577.1796875,4577.1796875,4577.1796875,4577.1796875,2329.1611328125,0
2002-02-18,4577.1796875,4577.1796875,4577.1796875,4577.1796875,2329.1611328125,0
2002-02-19,4577.1796875,4577.1796875,4577.1796875,4577.1796875,2329.1611328125,0
2002-02-20,4577.1796875,4577.1796875,4577.1796875,4577.1796875,2329.1611328125,0
2002-02-21,4577.1796875,4577.1796875,4577.1796875,4577.1796875,2329.1611328125,0
2002-02-22,4577.1796875,4577.1796875,4577.1796875,4577.1796875,2329.1611328125,0
2002-02-25,4577.1796875,4577.1796875,4577.1796875,4577.1796875,2329.1611328125,0
2002-02-26,4577.1796875,4577.1796875,4577.1796875,4577.1796875,2329.1611328125,0
2002-02-27,4577.1796875,4577.1796875,4577.1796875,4577.1796875,2329.1611328125,0
2002-02-28,4577.1796875,4577.1796875,4577.1796875,4577.1796875,2329.1611328125,0
2002-03-01,4577.1796875,4577.1796875,4577.1796875,4577.1796875,2329.1611328125,0
2002-03-04,4577.1796875,4577.1796875,4577.1796875,4577.1796875,2329.1611328125,0
2002-03-05,4577.1796875,4577.1796875,4577.1796875,4577.1796875,2329.1611328125,0
2002-03-06,4577.1796875,4577.1796875,4577.1796875,4577.1796875,2329.1611328125,0
2002-03-07,4577.1796875,4577.1796875,4577.1796875,4577.1796875,2329.1611328125,0
2002-03-08,4577.1796875,4577.1796875,4577.1796875,4577.1796875,2329.1611328125,0
2002-03-11,4577.1796875,4577.1796875,4577.1796875,4577.1796875,2329.1611328125,0
2002-03-12,4577.1796875,4577.1796875,4577.1796875,4577.1796875,2329.1611328125,0
2002-03-13,4577.1796875,4577.1796875,4577.1796875,4577.1796875,2329.1611328125,0
2002-03-14,4577.1796875,4577.1796875,4577.1796875,4577.1796875,2329.1611328125,0
2002-03-15,4577.1796875,4577.1796875,4577.1796875,4577.1796875,2329.1611328125,0
2002-03-18,4577.1796875,4577.1796875,4577.1796875,4577.1796875,2329.1611328125,0
2002-03-19,4577.1796875,4577.1796875,4577.1796875,4577.1796875,2329.1611328125,0
2002-03-20,4577.1796875,4577.1796875,4577.1796875,4577.1796875,2329.1611328125,0
2002-03-21,4577.1796875,4577.1796875,4577.1796875,4577.1796875,2329.1611328125,0
2002-03-22,4577.1796875,4577.1796875,4577.1796875,4577.1796875,2329.1611328125,0
2002-03-25,4577.1796875,4577.1796875,4577.1796875,4577.1796875,2329.1611328125,0
2002-03-26,4577.1796875,4577.1796875,4577.1796875,4577.1796875,2329.1611328125,0
2002-03-27,4577.1796875,4577.1796875,4577.1796875,4577.1796875,2329.1611328125,0
2002-03-28,4577.1796875,4577.1796875,4577.1796875,4577.1796875,2329.1611328125,0
2002-03-29,4577.1796875,4577.1796875,4577.1796875,4577.1796875,2329.1611328125,0
2002-04-01,4577.1796875,4577.1796875,4577.1796875,4577.1796875,2329.1611328125,0
2002-04-02,4577.1796875,4577.1796875,4577.1796875,4577.1796875,2329.1611328125,0
2002-04-03,4577.1796875,4577.1796875,4577.1796875,4577.1796875,2329.1611328125,0
2002-04-04,4577.1796875,4577.1796875,4577.1796875,4577.1796875,2329.1611328125,0
2002-04-05,4577.1796875,4577.1796875,4577.1796875,4577.1796875,2329.1611328125,0
2002-04-08,4577.1796875,4577.1796875,4577.1796875,4577.1796875,2329.1611328125,0
2002-04-09,4577.1796875,4577.1796875,4577.1796875,4577.1796875,2329.1611328125,0
2002-04-10,4577.1796875,4577.1796875,4577.1796875,4577.1796875,2329.1611328125,0
2002-04-11,4577.1796875,4577.1796875,4577.1796875,4577.1796875,2329.1611328125,0
2002-04-12,4577.1796875,4577.1796875,4577.1796875,4577.1796875,2329.1611328125,0
2002-04-15,4577.1796875,4577.1796875,4577.1796875,4577.1796875,2329.1611328125,0
2002-04-16,4577.1796875,4577.1796875,4577.1796875,4577.1796875,2329.1611328125,0
2002-04-17,4577.1796875,4577.1796875,4577.1796875,4577.1796875,2329.1611328125,0
2002-04-18,4577.1796875,4577.1796875,4577.1796875,4577.1796875,2329.1611328125,0
2002-04-19,4577.1796875,4577.1796875,4577.1796875,4577.1796875,2329.1611328125,0
2002-04-22,4577.1796875,4577.1796875,4577.1796875,4577.1796875,2329.1611328125,0
2002-04-23,4577.1796875,4577.1796875,4577.1796875,4577.1796875,2329.1611328125,0
2002-04-24,4577.1796875,4577.1796875,4577.1796875,4577.1796875,2329.1611328125,0
2002-04-25,4577.1796875,4577.1796875,4577.1796875,4577.1796875,2329.1611328125,0
2002-04-26,4577.1796875,4577.1796875,4577.1796875,4577.1796875,2329.1611328125,0
2002-04-29,4577.1796875,4577.1796875,4577.1796875,4577.1796875,2329.1611328125,0
2002-04-30,4577.1796875,4577.1796875,4577.1796875,4577.1796875,2329.1611328125,0
2002-05-01,4577.1796875,4577.1796875,4577.1796875,4577.1796875,2329.1611328125,0
2002-05-02,4577.1796875,4577.1796875,4577.1796875,4577.1796875,2329.1611328125,0
2002-05-03,4577.1796875,4577.1796875,4577.1796875,4577.1796875,2329.1611328125,0
2002-05-06,4577.1796875,4577.1796875,4577.1796875,4577.1796875,2329.1611328125,0
2002-05-07,4577.1796875,4577.1796875,4577.1796875,4577.1796875,2329.1611328125,0
2002-05-08,4577.1796875,4577.1796875,4577.1796875,4577.1796875,2329.1611328125,0
2002-05-09,4577.1796875,4577.1796875,4577.1796875,4577.1796875,2329.1611328125,0
2002-05-10,4577.1796875,4577.1796875,4577.1796875,4577.1796875,2329.1611328125,0
2002-05-13,4577.1796875,4577.1796875,4577.1796875,4577.1796875,2329.1611328125,0
2002-05-14,4577.1796875,4577.1796875,4577.1796875,4577.1796875,2329.1611328125,0
2002-05-15,4577.1796875,4577.1796875,4577.1796875,4577.1796875,2329.1611328125,0
2002-05-16,4577.1796875,4577.1796875,4577.1796875,4577.1796875,2329.1611328125,0
2002-05-17,4577.1796875,4577.1796875,4577.1796875,4577.1796875,2329.1611328125,0
2002-05-20,4577.1796875,4577.1796875,4577.1796875,4577.1796875,2329.1611328125,0
2002-05-21,4577.1796875,4577.1796875,4577.1796875,4577.1796875,2329.1611328125,0
2002-05-22,4577.1796875,4577.1796875,4577.1796875,4577.1796875,2329.1611328125,0
2002-05-23,4577.1796875,4577.1796875,4577.1796875,4577.1796875,2329.1611328125,0
2002-05-24,4577.1796875,4577.1796875,4577.1796875,4577.1796875,2329.1611328125,0
2002-05-27,4577.1796875,4577.1796875,4577.1796875,4577.1796875,2329.1611328125,0
2002-05-28,4577.1796875,4577.1796875,4577.1796875,4577.1796875,2329.1611328125,0
2002-05-29,4577.1796875,4577.1796875,4577.1796875,4577.1796875,2329.1611328125,0
2002-05-30,4577.1796875,4577.1796875,4577.1796875,4577.1796875,2329.1611328125,0
2002-05-31,4577.1796875,4577.1796875,4577.1796875,4577.1796875,2329.1611328125,0
2002-06-03,4577.1796875,4577.1796875,4577.1796875,4577.1796875,2329.1611328125,0
2002-06-04,4577.1796875,4577.1796875,4577.1796875,4577.1796875,2329.1611328125,0
2002-06-05,4577.1796875,4577.1796875,4577.1796875,4577.1796875,2329.1611328125,0
2002-06-06,4577.1796875,4577.1796875,4577.1796875,4577.1796875,2329.1611328125,0
2002-06-07,4577.1796875,4577.1796875,4577.1796875,4577.1796875,2329.1611328125,0
2002-06-10,4577.1796875,4577.1796875,4577.1796875,4577.1796875,2329.1611328125,0
2002-06-11,4577.1796875,4577.1796875,4577.1796875,4577.1796875,2329.1611328125,0
2002-06-12,4577.1796875,4577.1796875,4577.1796875,4577.1796875,2329.1611328125,0
2002-06-13,4577.1796875,4577.1796875,4577.1796875,4577.1796875,2329.1611328125,0
2002-06-14,4577.1796875,4577.1796875,4577.1796875,4577.1796875,2329.1611328125,0
2002-06-17,4577.1796875,4577.1796875,4577.1796875,4577.1796875,2329.1611328125,0
2002-06-18,4577.1796875,4577.1796875,4577.1796875,4577.1796875,2329.1611328125,0
2002-06-19,4577.1796875,4577.1796875,4577.1796875,4577.1796875,2329.1611328125,0
2002-06-20,4577.1796875,4577.1796875,4577.1796875,4577.1796875,2329.1611328125,0
2002-06-21,4577.1796875,4577.1796875,4577.1796875,4577.1796875,2329.1611328125,0
2002-06-24,4577.1796875,4577.1796875,4577.1796875,4577.1796875,2329.1611328125,0
2002-06-25,4577.1796875,4577.1796875,4577.1796875,4577.1796875,2329.1611328125,0
2002-06-26,4577.1796875,4577.1796875,4577.1796875,4577.1796875,2329.1611328125,0
2002-06-27,4577.1796875,4577.1796875,4577.1796875,4577.1796875,2329.1611328125,0
2002-06-28,4577.1796875,4577.1796875,4577.1796875,4577.1796875,2329.1611328125,0
2002-07-01,4577.1796875,4577.1796875,4577.1796875,4577.1796875,2329.1611328125,0
2002-07-02,4577.1796875,4577.1796875,4577.1796875,4577.1796875,2329.1611328125,0
2002-07-03,4577.1796875,4577.1796875,4577.1796875,4577.1796875,2329.1611328125,0
2002-07-04,4577.1796875,4577.1796875,4577.1796875,4577.1796875,2329.1611328125,0
2002-07-05,4577.1796875,4577.1796875,4577.1796875,4577.1796875,2329.1611328125,0
2002-07-08,4577.1796875,4577.1796875,4577.1796875,4577.1796875,2329.1611328125,0
2002-07-09,4577.1796875,4577.1796875,4577.1796875,4577.1796875,2329.1611328125,0
2002-07-10,4577.1796875,4577.1796875,4577.1796875,4577.1796875,2329.1611328125,0
2002-07-11,4577.1796875,4577.1796875,4577.1796875,4577.1796875,2329.1611328125,0
2002-07-12,4577.1796875,4577.1796875,4577.1796875,4577.1796875,2329.1611328125,0
2002-07-15,4577.1796875,4577.1796875,4577.1796875,4577.1796875,2329.1611328125,0
2002-07-16,4577.1796875,4577.1796875,4577.1796875,4577.1796875,2329.1611328125,0
2002-07-17,4577.1796875,4577.1796875,4577.1796875,4577.1796875,2329.1611328125,0
2002-07-18,4577.1796875,4577.1796875,4577.1796875,4577.1796875,2329.1611328125,0
2002-07-19,4577.1796875,4577.1796875,4577.1796875,4577.1796875,2329.1611328125,0
2002-07-22,4577.1796875,4577.1796875,4577.1796875,4577.1796875,2329.1611328125,0
2002-07-23,4577.1796875,4577.1796875,4577.1796875,4577.1796875,2329.1611328125,0
2002-07-24,4577.1796875,4577.1796875,4577.1796875,4577.1796875,2329.1611328125,0
2002-07-25,4577.1796875,4577.1796875,4577.1796875,4577.1796875,2329.1611328125,0
2002-07-26,4577.1796875,4577.1796875,4577.1796875,4577.1796875,2329.1611328125,0
2002-07-29,4577.1796875,4577.1796875,4577.1796875,4577.1796875,2329.1611328125,0
2002-07-30,4577.1796875,4577.1796875,4577.1796875,4577.1796875,2329.1611328125,0
2002-07-31,4577.1796875,4577.1796875,4577.1796875,4577.1796875,2329.1611328125,0
2002-08-01,4577.1796875,4577.1796875,4577.1796875,4577.1796875,2329.1611328125,0
2002-08-02,4577.1796875,4577.1796875,4577.1796875,4577.1796875,2329.1611328125,0
2002-08-05,4577.1796875,4577.1796875,4577.1796875,4577.1796875,2329.1611328125,0
2002-08-06,4577.1796875,4577.1796875,4577.1796875,4577.1796875,2329.1611328125,0
2002-08-07,4577.1796875,4577.1796875,4577.1796875,4577.1796875,2329.1611328125,0
2002-08-08,4577.1796875,4577.1796875,4577.1796875,4577.1796875,2329.1611328125,0
2002-08-09,4577.1796875,4577.1796875,4577.1796875,4577.1796875,2329.1611328125,0
2002-08-12,4577.1796875,4577.1796875,4577.1796875,4577.1796875,2329.1611328125,0
2002-08-13,4577.1796875,4577.1796875,4577.1796875,4577.1796875,2329.1611328125,0
2002-08-14,4577.1796875,4577.1796875,4577.1796875,4577.1796875,2329.1611328125,0
2002-08-15,4577.1796875,4577.1796875,4577.1796875,4577.1796875,2329.1611328125,0
2002-08-16,4577.1796875,4577.1796875,4577.1796875,4577.1796875,2329.1611328125,0
2002-08-19,4577.1796875,4577.1796875,4577.1796875,4577.1796875,2329.1611328125,0
2002-08-20,4577.1796875,4577.1796875,4577.1796875,4577.1796875,2329.1611328125,0
2002-08-21,4577.1796875,4577.1796875,4577.1796875,4577.1796875,2329.1611328125,0
2002-08-22,4577.1796875,4577.1796875,4577.1796875,4577.1796875,2329.1611328125,0
2002-08-23,4577.1796875,4577.1796875,4577.1796875,4577.1796875,2329.1611328125,0
2002-08-26,4577.1796875,4577.1796875,4577.1796875,4577.1796875,2329.1611328125,0
2002-08-27,4577.1796875,4577.1796875,4577.1796875,4577.1796875,2329.1611328125,0
2002-08-28,4577.1796875,4577.1796875,4577.1796875,4577.1796875,2329.1611328125,0
2002-08-29,4577.1796875,4577.1796875,4577.1796875,4577.1796875,2329.1611328125,0
2002-08-30,4577.1796875,4577.1796875,4577.1796875,4577.1796875,2329.1611328125,0
2002-09-02,4577.1796875,4577.1796875,4577.1796875,4577.1796875,2329.1611328125,0
2002-09-03,4577.1796875,4577.1796875,4577.1796875,4577.1796875,2329.1611328125,0
2002-09-04,4577.1796875,4577.1796875,4577.1796875,4577.1796875,2329.1611328125,0
2002-09-05,4577.1796875,4577.1796875,4577.1796875,4577.1796875,2329.1611328125,0
2002-09-06,4577.1796875,4577.1796875,4577.1796875,4577.1796875,2329.1611328125,0
2002-09-09,4577.1796875,4577.1796875,4577.1796875,4577.1796875,2329.1611328125,0
2002-09-10,4577.1796875,4577.1796875,4577.1796875,4577.1796875,2329.1611328125,0
2002-09-11,4577.1796875,4577.1796875,4577.1796875,4577.1796875,2329.1611328125,0
2002-09-12,4577.1796875,4577.1796875,4577.1796875,4577.1796875,2329.1611328125,0
2002-09-13,4577.1796875,4577.1796875,4577.1796875,4577.1796875,2329.1611328125,0
2002-09-16,4577.1796875,4577.1796875,4577.1796875,4577.1796875,2329.1611328125,0
2002-09-17,4577.1796875,4577.1796875,4577.1796875,4577.1796875,2329.1611328125,0
2002-09-18,4577.1796875,4577.1796875,4577.1796875,4577.1796875,2329.1611328125,0
2002-09-19,4577.1796875,4577.1796875,4577.1796875,4577.1796875,2329.1611328125,0
2002-09-20,4577.1796875,4577.1796875,4577.1796875,4577.1796875,2329.1611328125,0
2002-09-23,4577.1796875,4577.1796875,4577.1796875,4577.1796875,2329.1611328125,0
2002-09-24,4577.1796875,4577.1796875,4577.1796875,4577.1796875,2329.1611328125,0
2002-09-25,4577.1796875,4577.1796875,4577.1796875,4577.1796875,2329.1611328125,0
2002-09-26,4577.1796875,4577.1796875,4577.1796875,4577.1796875,2329.1611328125,0
2002-09-27,4577.1796875,4577.1796875,4577.1796875,4577.1796875,2329.1611328125,0
2002-09-30,4577.1796875,4577.1796875,4577.1796875,4577.1796875,2329.1611328125,0
2002-10-01,4577.1796875,4577.1796875,4577.1796875,4577.1796875,2329.1611328125,0
2002-10-02,4577.1796875,4577.1796875,4577.1796875,4577.1796875,2329.1611328125,0
2002-10-03,4577.1796875,4577.1796875,4577.1796875,4577.1796875,2329.1611328125,0
2002-10-04,4577.1796875,4577.1796875,4577.1796875,4577.1796875,2329.1611328125,0
2002-10-07,4577.1796875,4577.1796875,4577.1796875,4577.1796875,2329.1611328125,0
2002-10-08,4577.1796875,4577.1796875,4577.1796875,4577.1796875,2329.1611328125,0
2002-10-09,4577.1796875,4577.1796875,4577.1796875,4577.1796875,2329.1611328125,0
2002-10-10,4577.1796875,4577.1796875,4577.1796875,4577.1796875,2329.1611328125,0
2002-10-11,4577.1796875,4577.1796875,4577.1796875,4577.1796875,2329.1611328125,0
2002-10-14,4577.1796875,4577.1796875,4577.1796875,4577.1796875,2329.1611328125,0
2002-10-15,4577.1796875,4577.1796875,4577.1796875,4577.1796875,2329.1611328125,0
2002-10-16,4577.1796875,4577.1796875,4577.1796875,4577.1796875,2329.1611328125,0
2002-10-17,4577.1796875,4577.1796875,4577.1796875,4577.1796875,2329.1611328125,0
2002-10-18,4577.1796875,4577.1796875,4577.1796875,4577.1796875,2329.1611328125,0
2002-10-21,4577.1796875,4577.1796875,4577.1796875,4577.1796875,2329.1611328125,0
2002-10-22,4577.1796875,4577.1796875,4577.1796875,4577.1796875,2329.1611328125,0
2002-10-23,4577.1796875,4577.1796875,4577.1796875,4577.1796875,2329.1611328125,0
2002-10-24,4577.1796875,4577.1796875,4577.1796875,4577.1796875,2329.1611328125,0
2002-10-25,4577.1796875,4577.1796875,4577.1796875,4577.1796875,2329.1611328125,0
2002-10-28,4577.1796875,4577.1796875,4577.1796875,4577.1796875,2329.1611328125,0
2002-10-29,4577.1796875,4577.1796875,4577.1796875,4577.1796875,2329.1611328125,0
2002-10-30,4577.1796875,4577.1796875,4577.1796875,4577.1796875,2329.1611328125,0
2002-10-31,4577.1796875,4577.1796875,4577.1796875,4577.1796875,2329.1611328125,0
2002-11-01,4577.1796875,4577.1796875,4577.1796875,4577.1796875,2329.1611328125,0
2002-11-04,4577.1796875,4577.1796875,4577.1796875,4577.1796875,2329.1611328125,0
2002-11-05,4577.1796875,4577.1796875,4577.1796875,4577.1796875,2329.1611328125,0
2002-11-06,4577.1796875,4577.1796875,4577.1796875,4577.1796875,2329.1611328125,0
2002-11-07,4577.1796875,4577.1796875,4577.1796875,4577.1796875,2329.1611328125,0
2002-11-08,4577.1796875,4577.1796875,4577.1796875,4577.1796875,2329.1611328125,0
2002-11-11,4577.1796875,4577.1796875,4577.1796875,4577.1796875,2329.1611328125,0
2002-11-12,4577.1796875,4577.1796875,4577.1796875,4577.1796875,2329.1611328125,0
2002-11-13,4577.1796875,4577.1796875,4577.1796875,4577.1796875,2329.1611328125,0
2002-11-14,4577.1796875,4577.1796875,4577.1796875,4577.1796875,2329.1611328125,0
2002-11-15,4577.1796875,4577.1796875,4577.1796875,4577.1796875,2329.1611328125,0
2002-11-18,4577.1796875,4577.1796875,4577.1796875,4577.1796875,2329.1611328125,0
2002-11-19,4577.1796875,4577.1796875,4577.1796875,4577.1796875,2329.1611328125,0
2002-11-20,4577.1796875,4577.1796875,4577.1796875,4577.1796875,2329.1611328125,0
2002-11-21,4577.1796875,4577.1796875,4577.1796875,4577.1796875,2329.1611328125,0
2002-11-22,4577.1796875,4577.1796875,4577.1796875,4577.1796875,2329.1611328125,0
2002-11-25,4577.1796875,4577.1796875,4577.1796875,4577.1796875,2329.1611328125,0
2002-11-26,4577.1796875,4577.1796875,4577.1796875,4577.1796875,2329.1611328125,0
2002-11-27,4577.1796875,4577.1796875,4577.1796875,4577.1796875,2329.1611328125,0
2002-11-28,4577.1796875,4577.1796875,4577.1796875,4577.1796875,2329.1611328125,0
2002-11-29,4577.1796875,4577.1796875,4577.1796875,4577.1796875,2329.1611328125,0
2002-12-02,4577.1796875,4577.1796875,4577.1796875,4577.1796875,2329.1611328125,0
2002-12-03,4577.1796875,4577.1796875,4577.1796875,4577.1796875,2329.1611328125,0
2002-12-04,4577.1796875,4577.1796875,4577.1796875,4577.1796875,2329.1611328125,0
2002-12-05,4577.1796875,4577.1796875,4577.1796875,4577.1796875,2329.1611328125,0
2002-12-06,4577.1796875,4577.1796875,4577.1796875,4577.1796875,2329.1611328125,0
2002-12-09,4577.1796875,4577.1796875,4577.1796875,4577.1796875,2329.1611328125,0
2002-12-10,4577.1796875,4577.1796875,4577.1796875,4577.1796875,2329.1611328125,0
2002-12-11,4577.1796875,4577.1796875,4577.1796875,4577.1796875,2329.1611328125,0
2002-12-12,4577.1796875,4577.1796875,4577.1796875,4577.1796875,2329.1611328125,0
2002-12-13,4577.1796875,4577.1796875,4577.1796875,4577.1796875,2329.1611328125,0
2002-12-16,4577.1796875,4577.1796875,4577.1796875,4577.1796875,2329.1611328125,0
2002-12-17,4577.1796875,4577.1796875,4577.1796875,4577.1796875,2329.1611328125,0
2002-12-18,4577.1796875,4577.1796875,4577.1796875,4577.1796875,2329.1611328125,0
2002-12-19,4577.1796875,4577.1796875,4577.1796875,4577.1796875,2329.1611328125,0
2002-12-20,4577.1796875,4577.1796875,4577.1796875,4577.1796875,2329.1611328125,0
2002-12-23,4577.1796875,4577.1796875,4577.1796875,4577.1796875,2329.1611328125,0
2002-12-24,4577.1796875,4577.1796875,4577.1796875,4577.1796875,2329.1611328125,0
2002-12-25,4577.1796875,4577.1796875,4577.1796875,4577.1796875,2329.1611328125,0
2002-12-26,4577.1796875,4577.1796875,4577.1796875,4577.1796875,2329.1611328125,0
2002-12-27,4577.1796875,4577.1796875,4577.1796875,4577.1796875,2400.901123046875,0
2002-12-30,4577.1796875,4577.1796875,4577.1796875,4577.1796875,2400.901123046875,0
2002-12-31,4577.1796875,4577.1796875,4577.1796875,4577.1796875,2400.901123046875,0
2003-01-01,4577.1796875,4577.1796875,4577.1796875,4577.1796875,2400.901123046875,0
2003-01-02,4577.1796875,4577.1796875,4577.1796875,4577.1796875,2400.901123046875,0
2003-01-03,4577.1796875,4577.1796875,4577.1796875,4577.1796875,2400.901123046875,0
2003-01-06,4577.1796875,4577.1796875,4577.1796875,4577.1796875,2400.901123046875,0
2003-01-07,4577.1796875,4577.1796875,4577.1796875,4577.1796875,2400.901123046875,0
2003-01-08,4577.1796875,4577.1796875,4577.1796875,4577.1796875,2400.901123046875,0
2003-01-09,4577.1796875,4577.1796875,4577.1796875,4577.1796875,2400.901123046875,0
2003-01-10,4577.1796875,4577.1796875,4577.1796875,4577.1796875,2400.901123046875,0
2003-01-13,4577.1796875,4577.1796875,4577.1796875,4577.1796875,2400.901123046875,0
2003-01-14,4577.1796875,4577.1796875,4577.1796875,4577.1796875,2400.901123046875,0
2003-01-15,4577.1796875,4577.1796875,4577.1796875,4577.1796875,2400.901123046875,0
2003-01-16,4577.1796875,4577.1796875,4577.1796875,4577.1796875,2400.901123046875,0
2003-01-17,4577.1796875,4577.1796875,4577.1796875,4577.1796875,2400.901123046875,0
2003-01-20,4577.1796875,4577.1796875,4577.1796875,4577.1796875,2400.901123046875,0
2003-01-21,4577.1796875,4577.1796875,4577.1796875,4577.1796875,2400.901123046875,0
2003-01-22,4577.1796875,4577.1796875,4577.1796875,4577.1796875,2400.901123046875,0
2003-01-23,4577.1796875,4577.1796875,4577.1796875,4577.1796875,2400.901123046875,0
2003-01-24,4577.1796875,4577.1796875,4577.1796875,4577.1796875,2400.901123046875,0
2003-01-27,4577.1796875,4577.1796875,4577.1796875,4577.1796875,2400.901123046875,0
2003-01-28,4577.1796875,4577.1796875,4577.1796875,4577.1796875,2400.901123046875,0
2003-01-29,4577.1796875,4577.1796875,4577.1796875,4577.1796875,2400.901123046875,0
2003-01-30,4577.1796875,4577.1796875,4577.1796875,4577.1796875,2400.901123046875,0
2003-01-31,4577.1796875,4577.1796875,4577.1796875,4577.1796875,2400.901123046875,0
2003-02-03,4577.1796875,4577.1796875,4577.1796875,4577.1796875,2400.901123046875,0
2003-02-04,4577.1796875,4577.1796875,4577.1796875,4577.1796875,2400.901123046875,0
2003-02-05,4577.1796875,4577.1796875,4577.1796875,4577.1796875,2400.901123046875,0
2003-02-06,4577.1796875,4577.1796875,4577.1796875,4577.1796875,2400.901123046875,0
2003-02-07,4577.1796875,4577.1796875,4577.1796875,4577.1796875,2400.901123046875,0
2003-02-10,4577.1796875,4577.1796875,4577.1796875,4577.1796875,2400.901123046875,0
2003-02-11,4577.1796875,4577.1796875,4577.1796875,4577.1796875,2400.901123046875,0
2003-02-12,4577.1796875,4577.1796875,4577.1796875,4577.1796875,2400.901123046875,0
2003-02-13,4577.1796875,4577.1796875,4577.1796875,4577.1796875,2400.901123046875,0
2003-02-14,4577.1796875,4577.1796875,4577.1796875,4577.1796875,2400.901123046875,0
2003-02-17,4577.1796875,4577.1796875,4577.1796875,4577.1796875,2400.901123046875,0
2003-02-18,4577.1796875,4577.1796875,4577.1796875,4577.1796875,2400.901123046875,0
2003-02-19,4577.1796875,4577.1796875,4577.1796875,4577.1796875,2400.901123046875,0
2003-02-20,4577.1796875,4577.1796875,4577.1796875,4577.1796875,2400.901123046875,0
2003-02-21,4577.1796875,4577.1796875,4577.1796875,4577.1796875,2400.901123046875,0
2003-02-24,4577.1796875,4577.1796875,4577.1796875,4577.1796875,2400.901123046875,0
2003-02-25,4577.1796875,4577.1796875,4577.1796875,4577.1796875,2400.901123046875,0
2003-02-26,4577.1796875,4577.1796875,4577.1796875,4577.1796875,2400.901123046875,0
2003-02-27,4577.1796875,4577.1796875,4577.1796875,4577.1796875,2400.901123046875,0
2003-02-28,4577.1796875,4577.1796875,4577.1796875,4577.1796875,2400.901123046875,0
2003-03-03,4577.1796875,4577.1796875,4577.1796875,4577.1796875,2400.901123046875,0
2003-03-04,4577.1796875,4577.1796875,4577.1796875,4577.1796875,2400.901123046875,0
2003-03-05,4577.1796875,4577.1796875,4577.1796875,4577.1796875,2400.901123046875,0
2003-03-06,4577.1796875,4577.1796875,4577.1796875,4577.1796875,2400.901123046875,0
2003-03-07,4577.1796875,4577.1796875,4577.1796875,4577.1796875,2400.901123046875,0
2003-03-10,4577.1796875,4577.1796875,4577.1796875,4577.1796875,2400.901123046875,0
2003-03-11,4577.1796875,4577.1796875,4577.1796875,4577.1796875,2400.901123046875,0
2003-03-12,4577.1796875,4577.1796875,4577.1796875,4577.1796875,2400.901123046875,0
2003-03-13,4577.1796875,4577.1796875,4577.1796875,4577.1796875,2400.901123046875,0
2003-03-14,4577.1796875,4577.1796875,4577.1796875,4577.1796875,2400.901123046875,0
2003-03-17,4577.1796875,4577.1796875,4577.1796875,4577.1796875,2400.901123046875,0
2003-03-18,4577.1796875,4577.1796875,4577.1796875,4577.1796875,2400.901123046875,0
2003-03-19,4577.1796875,4577.1796875,4577.1796875,4577.1796875,2400.901123046875,0
2003-03-20,4577.1796875,4577.1796875,4577.1796875,4577.1796875,2400.901123046875,0
2003-03-21,4577.1796875,4577.1796875,4577.1796875,4577.1796875,2400.901123046875,0
2003-03-24,4577.1796875,4577.1796875,4577.1796875,4577.1796875,2400.901123046875,0
2003-03-25,4577.1796875,4577.1796875,4577.1796875,4577.1796875,2400.901123046875,0
2003-03-26,4577.1796875,4577.1796875,4577.1796875,4577.1796875,2400.901123046875,0
2003-03-27,4577.1796875,4577.1796875,4577.1796875,4577.1796875,2400.901123046875,0
2003-03-28,4577.1796875,4577.1796875,4577.1796875,4577.1796875,2400.901123046875,0
2003-03-31,4577.1796875,4577.1796875,4577.1796875,4577.1796875,2400.901123046875,0
2003-04-01,4577.1796875,4577.1796875,4577.1796875,4577.1796875,2400.901123046875,0
2003-04-02,4577.1796875,4577.1796875,4577.1796875,4577.1796875,2400.901123046875,0
2003-04-03,4577.1796875,4577.1796875,4577.1796875,4577.1796875,2400.901123046875,0
2003-04-04,4577.1796875,4577.1796875,4577.1796875,4577.1796875,2400.901123046875,0
2003-04-07,4577.1796875,4577.1796875,4577.1796875,4577.1796875,2400.901123046875,0
2003-04-08,4577.1796875,4577.1796875,4577.1796875,4577.1796875,2400.901123046875,0
2003-04-09,4577.1796875,4577.1796875,4577.1796875,4577.1796875,2400.901123046875,0
2003-04-10,4577.1796875,4577.1796875,4577.1796875,4577.1796875,2400.901123046875,0
2003-04-11,4577.1796875,4577.1796875,4577.1796875,4577.1796875,2400.901123046875,0
2003-04-14,4577.1796875,4577.1796875,4577.1796875,4577.1796875,2400.901123046875,0
2003-04-15,4577.1796875,4577.1796875,4577.1796875,4577.1796875,2400.901123046875,0
2003-04-16,4577.1796875,4577.1796875,4577.1796875,4577.1796875,2400.901123046875,0
2003-04-17,4577.1796875,4577.1796875,4577.1796875,4577.1796875,2400.901123046875,0
2003-04-18,4577.1796875,4577.1796875,4577.1796875,4577.1796875,2400.901123046875,0
2003-04-21,4577.1796875,4577.1796875,4577.1796875,4577.1796875,2400.901123046875,0
2003-04-22,4577.1796875,4577.1796875,4577.1796875,4577.1796875,2400.901123046875,0
2003-04-23,4577.1796875,4577.1796875,4577.1796875,4577.1796875,2400.901123046875,0
2003-04-24,4577.1796875,4577.1796875,4577.1796875,4577.1796875,2400.901123046875,0
2003-04-25,4577.1796875,4577.1796875,4577.1796875,4577.1796875,2400.901123046875,0
2003-04-28,4577.1796875,4577.1796875,4577.1796875,4577.1796875,2400.901123046875,0
2003-04-29,4577.1796875,4577.1796875,4577.1796875,4577.1796875,2400.901123046875,0
2003-04-30,4577.1796875,4577.1796875,4577.1796875,4577.1796875,2400.901123046875,0
2003-05-01,4577.1796875,4577.1796875,4577.1796875,4577.1796875,2400.901123046875,0
2003-05-02,4577.1796875,4577.1796875,4577.1796875,4577.1796875,2400.901123046875,0
2003-05-05,4577.1796875,4577.1796875,4577.1796875,4577.1796875,2400.901123046875,0
2003-05-06,4577.1796875,4577.1796875,4577.1796875,4577.1796875,2400.901123046875,0
2003-05-07,4577.1796875,4577.1796875,4577.1796875,4577.1796875,2400.901123046875,0
2003-05-08,4577.1796875,4577.1796875,4577.1796875,4577.1796875,2400.901123046875,0
2003-05-09,4577.1796875,4577.1796875,4577.1796875,4577.1796875,2400.901123046875,0
2003-05-12,4577.1796875,4577.1796875,4577.1796875,4577.1796875,2400.901123046875,0
2003-05-13,4577.1796875,4577.1796875,4577.1796875,4577.1796875,2400.901123046875,0
2003-05-14,4577.1796875,4577.1796875,4577.1796875,4577.1796875,2400.901123046875,0
2003-05-15,4577.1796875,4577.1796875,4577.1796875,4577.1796875,2400.901123046875,0
2003-05-16,4577.1796875,4577.1796875,4577.1796875,4577.1796875,2400.901123046875,0
2003-05-19,4577.1796875,4577.1796875,4577.1796875,4577.1796875,2400.901123046875,0
2003-05-20,4577.1796875,4577.1796875,4577.1796875,4577.1796875,2400.901123046875,0
2003-05-21,4577.1796875,4577.1796875,4577.1796875,4577.1796875,2400.901123046875,0
2003-05-22,4577.1796875,4577.1796875,4577.1796875,4577.1796875,2400.901123046875,0
2003-05-23,4577.1796875,4577.1796875,4577.1796875,4577.1796875,2400.901123046875,0
2003-05-26,4577.1796875,4577.1796875,4577.1796875,4577.1796875,2400.901123046875,0
2003-05-27,4577.1796875,4577.1796875,4577.1796875,4577.1796875,2400.901123046875,0
2003-05-28,4577.1796875,4577.1796875,4577.1796875,4577.1796875,2400.901123046875,0
2003-05-29,4577.1796875,4577.1796875,4577.1796875,4577.1796875,2400.901123046875,0
2003-05-30,4577.1796875,4577.1796875,4577.1796875,4577.1796875,2400.901123046875,0
2003-06-02,4577.1796875,4577.1796875,4577.1796875,4577.1796875,2400.901123046875,0
2003-06-03,4577.1796875,4577.1796875,4577.1796875,4577.1796875,2400.901123046875,0
2003-06-04,4577.1796875,4577.1796875,4577.1796875,4577.1796875,2400.901123046875,0
2003-06-05,4577.1796875,4577.1796875,4577.1796875,4577.1796875,2400.901123046875,0
2003-06-06,4577.1796875,4577.1796875,4577.1796875,4577.1796875,2400.901123046875,0
2003-06-09,4577.1796875,4577.1796875,4577.1796875,4577.1796875,2400.901123046875,0
2003-06-10,4577.1796875,4577.1796875,4577.1796875,4577.1796875,2400.901123046875,0
2003-06-11,4577.1796875,4577.1796875,4577.1796875,4577.1796875,2400.901123046875,0
2003-06-12,4577.1796875,4577.1796875,4577.1796875,4577.1796875,2400.901123046875,0
2003-06-13,4577.1796875,4577.1796875,4577.1796875,4577.1796875,2400.901123046875,0
2003-06-16,4577.1796875,4577.1796875,4577.1796875,4577.1796875,2400.901123046875,0
2003-06-17,4577.1796875,4577.1796875,4577.1796875,4577.1796875,2400.901123046875,0
2003-06-18,4577.1796875,4577.1796875,4577.1796875,4577.1796875,2400.901123046875,0
2003-06-19,4577.1796875,4577.1796875,4577.1796875,4577.1796875,2400.901123046875,0
2003-06-20,4577.1796875,4577.1796875,4577.1796875,4577.1796875,2400.901123046875,0
2003-06-23,4577.1796875,4577.1796875,4577.1796875,4577.1796875,2400.901123046875,0
2003-06-24,4577.1796875,4577.1796875,4577.1796875,4577.1796875,2400.901123046875,0
2003-06-25,4577.1796875,4577.1796875,4577.1796875,4577.1796875,2400.901123046875,0
2003-06-26,4577.1796875,4577.1796875,4577.1796875,4577.1796875,2400.901123046875,0
2003-06-27,4577.1796875,4577.1796875,4577.1796875,4577.1796875,2400.901123046875,0
2003-06-30,4577.1796875,4577.1796875,4577.1796875,4577.1796875,2400.901123046875,0
2003-07-01,4577.1796875,4577.1796875,4577.1796875,4577.1796875,2400.901123046875,0
2003-07-02,4577.1796875,4577.1796875,4577.1796875,4577.1796875,2400.901123046875,0
2003-07-03,4577.1796875,4577.1796875,4577.1796875,4577.1796875,2400.901123046875,0
2003-07-04,4577.1796875,4577.1796875,4577.1796875,4577.1796875,2400.901123046875,0
2003-07-07,4577.1796875,4577.1796875,4577.1796875,4577.1796875,2400.901123046875,0
2003-07-08,4577.1796875,4577.1796875,4577.1796875,4577.1796875,2400.901123046875,0
2003-07-09,4577.1796875,4577.1796875,4577.1796875,4577.1796875,2400.901123046875,0
2003-07-10,4577.1796875,4577.1796875,4577.1796875,4577.1796875,2400.901123046875,0
2003-07-11,4577.1796875,4577.1796875,4577.1796875,4577.1796875,2400.901123046875,0
2003-07-14,4577.1796875,4577.1796875,4577.1796875,4577.1796875,2400.901123046875,0
2003-07-15,4577.1796875,4577.1796875,4577.1796875,4577.1796875,2400.901123046875,0
2003-07-16,4577.1796875,4577.1796875,4577.1796875,4577.1796875,2400.901123046875,0
2003-07-17,4577.1796875,4577.1796875,4577.1796875,4577.1796875,2400.901123046875,0
2003-07-18,4577.1796875,4577.1796875,4577.1796875,4577.1796875,2400.901123046875,0
2003-07-21,4577.1796875,4577.1796875,4577.1796875,4577.1796875,2400.901123046875,0
2003-07-22,4577.1796875,4577.1796875,4577.1796875,4577.1796875,2400.901123046875,0
2003-07-23,4577.1796875,4577.1796875,4577.1796875,4577.1796875,2400.901123046875,0
2003-07-24,4577.1796875,4577.1796875,4577.1796875,4577.1796875,2400.901123046875,0
2003-07-25,4577.1796875,4577.1796875,4577.1796875,4577.1796875,2400.901123046875,0
2003-07-28,4577.1796875,4577.1796875,4577.1796875,4577.1796875,2400.901123046875,0
2003-07-29,4577.1796875,4577.1796875,4577.1796875,4577.1796875,2400.901123046875,0
2003-07-30,4577.1796875,4577.1796875,4577.1796875,4577.1796875,2400.901123046875,0
2003-07-31,4577.1796875,4577.1796875,4577.1796875,4577.1796875,2400.901123046875,0
2003-08-01,4577.1796875,4577.1796875,4577.1796875,4577.1796875,2400.901123046875,0
2003-08-04,4577.1796875,4577.1796875,4577.1796875,4577.1796875,2400.901123046875,0
2003-08-05,4577.1796875,4577.1796875,4577.1796875,4577.1796875,2400.901123046875,0
2003-08-06,4577.1796875,4577.1796875,4577.1796875,4577.1796875,2400.901123046875,0
2003-08-07,4577.1796875,4577.1796875,4577.1796875,4577.1796875,2400.901123046875,0
2003-08-08,4577.1796875,4577.1796875,4577.1796875,4577.1796875,2400.901123046875,0
2003-08-11,4577.1796875,4577.1796875,4577.1796875,4577.1796875,2400.901123046875,0
2003-08-12,4577.1796875,4577.1796875,4577.1796875,4577.1796875,2400.901123046875,0
2003-08-13,4577.1796875,4577.1796875,4577.1796875,4577.1796875,2400.901123046875,0
2003-08-14,4577.1796875,4577.1796875,4577.1796875,4577.1796875,2400.901123046875,0
2003-08-15,4577.1796875,4577.1796875,4577.1796875,4577.1796875,2400.901123046875,0
2003-08-18,4577.1796875,4577.1796875,4577.1796875,4577.1796875,2400.901123046875,0
2003-08-19,4577.1796875,4577.1796875,4577.1796875,4577.1796875,2400.901123046875,0
2003-08-20,4577.1796875,4577.1796875,4577.1796875,4577.1796875,2400.901123046875,0
2003-08-21,4577.1796875,4577.1796875,4577.1796875,4577.1796875,2400.901123046875,0
2003-08-22,4577.1796875,4577.1796875,4577.1796875,4577.1796875,2400.901123046875,0
2003-08-25,4577.1796875,4577.1796875,4577.1796875,4577.1796875,2400.901123046875,0
2003-08-26,4577.1796875,4577.1796875,4577.1796875,4577.1796875,2400.901123046875,0
2003-08-27,4577.1796875,4577.1796875,4577.1796875,4577.1796875,2400.901123046875,0
2003-08-28,4577.1796875,4577.1796875,4577.1796875,4577.1796875,2400.901123046875,0
2003-08-29,4577.1796875,4577.1796875,4577.1796875,4577.1796875,2400.901123046875,0
2003-09-01,4577.1796875,4577.1796875,4577.1796875,4577.1796875,2400.901123046875,0
2003-09-02,4577.1796875,4577.1796875,4577.1796875,4577.1796875,2400.901123046875,0
2003-09-03,4577.1796875,4577.1796875,4577.1796875,4577.1796875,2400.901123046875,0
2003-09-04,4577.1796875,4577.1796875,4577.1796875,4577.1796875,2400.901123046875,0
2003-09-05,4577.1796875,4577.1796875,4577.1796875,4577.1796875,2400.901123046875,0
2003-09-08,4577.1796875,4577.1796875,4577.1796875,4577.1796875,2400.901123046875,0
2003-09-09,4577.1796875,4577.1796875,4577.1796875,4577.1796875,2400.901123046875,0
2003-09-10,4577.1796875,4577.1796875,4577.1796875,4577.1796875,2400.901123046875,0
2003-09-11,4577.1796875,4577.1796875,4577.1796875,4577.1796875,2400.901123046875,0
2003-09-12,4577.1796875,4577.1796875,4577.1796875,4577.1796875,2400.901123046875,0
2003-09-15,4577.1796875,4577.1796875,4577.1796875,4577.1796875,2400.901123046875,0
2003-09-16,4577.1796875,4577.1796875,4577.1796875,4577.1796875,2400.901123046875,0
2003-09-17,4577.1796875,4577.1796875,4577.1796875,4577.1796875,2400.901123046875,0
2003-09-18,4577.1796875,4577.1796875,4577.1796875,4577.1796875,2400.901123046875,0
2003-09-19,4577.1796875,4577.1796875,4577.1796875,4577.1796875,2400.901123046875,0
2003-09-22,4577.1796875,4577.1796875,4577.1796875,4577.1796875,2400.901123046875,0
2003-09-23,4577.1796875,4577.1796875,4577.1796875,4577.1796875,2400.901123046875,0
2003-09-24,4577.1796875,4577.1796875,4577.1796875,4577.1796875,2400.901123046875,0
2003-09-25,4577.1796875,4577.1796875,4577.1796875,4577.1796875,2400.901123046875,0
2003-09-26,4577.1796875,4577.1796875,4577.1796875,4577.1796875,2400.901123046875,0
2003-09-29,4577.1796875,4577.1796875,4577.1796875,4577.1796875,2400.901123046875,0
2003-09-30,4577.1796875,4577.1796875,4577.1796875,4577.1796875,2400.901123046875,0
2003-10-01,4577.1796875,4577.1796875,4577.1796875,4577.1796875,2400.901123046875,0
2003-10-02,4577.1796875,4577.1796875,4577.1796875,4577.1796875,2400.901123046875,0
2003-10-03,4577.1796875,4577.1796875,4577.1796875,4577.1796875,2400.901123046875,0
2003-10-06,4577.1796875,4577.1796875,4577.1796875,4577.1796875,2400.901123046875,0
2003-10-07,3132.90625,3132.90625,3038.080322265625,3038.080322265625,1593.586181640625,0
2003-10-08,3038.080322265625,3038.080322265625,3038.080322265625,3038.080322265625,1593.586181640625,0
2003-10-09,3038.080322265625,3038.080322265625,3038.080322265625,3038.080322265625,1593.586181640625,0
2003-10-10,3038.080322265625,3038.080322265625,3038.080322265625,3038.080322265625,1593.586181640625,0
2003-10-13,3038.080322265625,3038.080322265625,3038.080322265625,3038.080322265625,1593.586181640625,0
2003-10-14,3038.080322265625,3038.080322265625,3038.080322265625,3038.080322265625,1593.586181640625,0
2003-10-15,3038.080322265625,3038.080322265625,3038.080322265625,3038.080322265625,1593.586181640625,0
2003-10-16,3038.080322265625,3038.080322265625,3038.080322265625,3038.080322265625,1593.586181640625,0
2003-10-17,3038.080322265625,3038.080322265625,3038.080322265625,3038.080322265625,1593.586181640625,0
2003-10-20,3038.080322265625,3038.080322265625,3038.080322265625,3038.080322265625,1593.586181640625,0
2003-10-21,3038.080322265625,3038.080322265625,3038.080322265625,3038.080322265625,1593.586181640625,0
2003-10-22,3038.080322265625,3038.080322265625,3038.080322265625,3038.080322265625,1593.586181640625,0
2003-10-23,3038.080322265625,3038.080322265625,3038.080322265625,3038.080322265625,1593.586181640625,0
2003-10-24,3038.080322265625,3038.080322265625,3038.080322265625,3038.080322265625,1593.586181640625,0
2003-10-27,3038.080322265625,3038.080322265625,3038.080322265625,3038.080322265625,1593.586181640625,0
2003-10-28,3038.080322265625,3038.080322265625,3038.080322265625,3038.080322265625,1593.586181640625,0
2003-10-29,3038.080322265625,3038.080322265625,3038.080322265625,3038.080322265625,1593.586181640625,0
2003-10-30,3038.080322265625,3038.080322265625,3038.080322265625,3038.080322265625,1593.586181640625,0
2003-10-31,3038.080322265625,3038.080322265625,3038.080322265625,3038.080322265625,1593.586181640625,0
2003-11-03,3038.080322265625,3038.080322265625,3038.080322265625,3038.080322265625,1593.586181640625,0
2003-11-04,3038.080322265625,3038.080322265625,3038.080322265625,3038.080322265625,1593.586181640625,0
2003-11-05,3038.080322265625,3038.080322265625,3038.080322265625,3038.080322265625,1593.586181640625,0
2003-11-06,3038.080322265625,3038.080322265625,3038.080322265625,3038.080322265625,1593.586181640625,0
2003-11-07,3038.080322265625,3038.080322265625,3038.080322265625,3038.080322265625,1593.586181640625,0
2003-11-10,3038.080322265625,3038.080322265625,3038.080322265625,3038.080322265625,1593.586181640625,0
2003-11-11,3038.080322265625,3038.080322265625,3038.080322265625,3038.080322265625,1593.586181640625,0
2003-11-12,3038.080322265625,3038.080322265625,3038.080322265625,3038.080322265625,1593.586181640625,0
2003-11-13,3038.080322265625,3038.080322265625,3038.080322265625,3038.080322265625,1593.586181640625,0
2003-11-14,3038.080322265625,3038.080322265625,3038.080322265625,3038.080322265625,1593.586181640625,0
2003-11-17,3038.080322265625,3038.080322265625,3038.080322265625,3038.080322265625,1593.586181640625,0
2003-11-18,3038.080322265625,3038.080322265625,3038.080322265625,3038.080322265625,1593.586181640625,0
2003-11-19,3038.080322265625,3038.080322265625,3038.080322265625,3038.080322265625,1593.586181640625,0
2003-11-20,3038.080322265625,3038.080322265625,3038.080322265625,3038.080322265625,1593.586181640625,0
2003-11-21,3038.080322265625,3038.080322265625,3038.080322265625,3038.080322265625,1593.586181640625,0
2003-11-24,3282.439697265625,3282.439697265625,3209.49658203125,3209.49658203125,1683.500732421875,0
2003-11-25,3209.49658203125,3209.49658203125,3209.49658203125,3209.49658203125,1683.500732421875,0
2003-11-26,3209.49658203125,3209.49658203125,3209.49658203125,3209.49658203125,1683.500732421875,0
2003-11-27,3209.49658203125,3209.49658203125,3209.49658203125,3209.49658203125,1683.500732421875,0
2003-11-28,3209.49658203125,3209.49658203125,3209.49658203125,3209.49658203125,1683.500732421875,0
2003-12-01,3209.49658203125,3209.49658203125,3209.49658203125,3209.49658203125,1683.500732421875,0
2003-12-02,3209.49658203125,3209.49658203125,3209.49658203125,3209.49658203125,1683.500732421875,0
2003-12-03,3209.49658203125,3209.49658203125,3209.49658203125,3209.49658203125,1683.500732421875,0
2003-12-04,3209.49658203125,3209.49658203125,3209.49658203125,3209.49658203125,1683.500732421875,0
2003-12-05,3209.49658203125,3209.49658203125,3209.49658203125,3209.49658203125,1683.500732421875,0
2003-12-08,3209.49658203125,3209.49658203125,3209.49658203125,3209.49658203125,1683.500732421875,0
2003-12-09,3209.49658203125,3209.49658203125,3209.49658203125,3209.49658203125,1683.500732421875,0
2003-12-10,3209.49658203125,3209.49658203125,3209.49658203125,3209.49658203125,1683.500732421875,0
2003-12-11,3209.49658203125,3209.49658203125,3209.49658203125,3209.49658203125,1683.500732421875,0
2003-12-12,3209.49658203125,3209.49658203125,3209.49658203125,3209.49658203125,1683.500732421875,0
2003-12-15,3209.49658203125,3209.49658203125,3209.49658203125,3209.49658203125,1683.500732421875,0
2003-12-16,3209.49658203125,3209.49658203125,3209.49658203125,3209.49658203125,1683.500732421875,0
2003-12-17,3209.49658203125,3209.49658203125,3209.49658203125,3209.49658203125,1683.500732421875,0
2003-12-18,3209.49658203125,3209.49658203125,3209.49658203125,3209.49658203125,1683.500732421875,0
2003-12-19,3209.49658203125,3209.49658203125,3209.49658203125,3209.49658203125,1683.500732421875,0
2003-12-22,3209.49658203125,3209.49658203125,3209.49658203125,3209.49658203125,1683.500732421875,0
2003-12-23,3209.49658203125,3209.49658203125,3209.49658203125,3209.49658203125,1683.500732421875,0
2003-12-24,3209.49658203125,3209.49658203125,3209.49658203125,3209.49658203125,1683.500732421875,0
2003-12-25,3209.49658203125,3209.49658203125,3209.49658203125,3209.49658203125,1683.500732421875,0
2003-12-26,3209.49658203125,3209.49658203125,3209.49658203125,3209.49658203125,1683.500732421875,0
2003-12-29,3209.49658203125,3209.49658203125,3209.49658203125,3209.49658203125,1732.725830078125,0
2003-12-30,3209.49658203125,3209.49658203125,3209.49658203125,3209.49658203125,1732.725830078125,0
2003-12-31,3209.49658203125,3209.49658203125,3209.49658203125,3209.49658203125,1732.725830078125,0
2004-01-01,3209.49658203125,3209.49658203125,3209.49658203125,3209.49658203125,1732.725830078125,0
2004-01-02,3209.49658203125,3209.49658203125,3209.49658203125,3209.49658203125,1732.725830078125,0
2004-01-05,3209.49658203125,3209.49658203125,3209.49658203125,3209.49658203125,1732.725830078125,0
2004-01-06,3209.49658203125,3209.49658203125,3209.49658203125,3209.49658203125,1732.725830078125,0
2004-01-07,3209.49658203125,3209.49658203125,3209.49658203125,3209.49658203125,1732.725830078125,0
2004-01-08,3209.49658203125,3209.49658203125,3209.49658203125,3209.49658203125,1732.725830078125,0
2004-01-09,3209.49658203125,3209.49658203125,3209.49658203125,3209.49658203125,1732.725830078125,0
2004-01-12,3209.49658203125,3209.49658203125,3209.49658203125,3209.49658203125,1732.725830078125,0
2004-01-13,3209.49658203125,3209.49658203125,3209.49658203125,3209.49658203125,1732.725830078125,0
2004-01-14,3209.49658203125,3209.49658203125,3209.49658203125,3209.49658203125,1732.725830078125,0
2004-01-15,3209.49658203125,3209.49658203125,3209.49658203125,3209.49658203125,1732.725830078125,0
2004-01-16,3209.49658203125,3209.49658203125,3209.49658203125,3209.49658203125,1732.725830078125,0
2004-01-19,3209.49658203125,3209.49658203125,3209.49658203125,3209.49658203125,1732.725830078125,0
2004-01-20,3209.49658203125,3209.49658203125,3209.49658203125,3209.49658203125,1732.725830078125,0
2004-01-21,3209.49658203125,3209.49658203125,3209.49658203125,3209.49658203125,1732.725830078125,0
2004-01-22,3209.49658203125,3209.49658203125,3209.49658203125,3209.49658203125,1732.725830078125,0
2004-01-23,3209.49658203125,3209.49658203125,3209.49658203125,3209.49658203125,1732.725830078125,0
2004-01-26,3209.49658203125,3209.49658203125,3209.49658203125,3209.49658203125,1732.725830078125,0
2004-01-27,3209.49658203125,3209.49658203125,3209.49658203125,3209.49658203125,1732.725830078125,0
2004-01-28,3209.49658203125,3209.49658203125,3209.49658203125,3209.49658203125,1732.725830078125,0
2004-01-29,3209.49658203125,3209.49658203125,3209.49658203125,3209.49658203125,1732.725830078125,0
2004-01-30,3209.49658203125,3209.49658203125,3209.49658203125,3209.49658203125,1732.725830078125,0
2004-02-02,3209.49658203125,3209.49658203125,3209.49658203125,3209.49658203125,1732.725830078125,0
2004-02-03,3209.49658203125,3209.49658203125,3209.49658203125,3209.49658203125,1732.725830078125,0
2004-02-04,3209.49658203125,3209.49658203125,3209.49658203125,3209.49658203125,1732.725830078125,0
2004-02-05,3209.49658203125,3209.49658203125,3209.49658203125,3209.49658203125,1732.725830078125,0
2004-02-06,3209.49658203125,3209.49658203125,3209.49658203125,3209.49658203125,1732.725830078125,0
2004-02-09,3209.49658203125,3209.49658203125,3209.49658203125,3209.49658203125,1732.725830078125,0
2004-02-10,3209.49658203125,3209.49658203125,3209.49658203125,3209.49658203125,1732.725830078125,0
2004-02-11,3209.49658203125,3209.49658203125,3209.49658203125,3209.49658203125,1732.725830078125,0
2004-02-12,3209.49658203125,3209.49658203125,3209.49658203125,3209.49658203125,1732.725830078125,0
2004-02-13,3209.49658203125,3209.49658203125,3209.49658203125,3209.49658203125,1732.725830078125,0
2004-02-16,3209.49658203125,3209.49658203125,3209.49658203125,3209.49658203125,1732.725830078125,0
2004-02-17,3209.49658203125,3209.49658203125,3209.49658203125,3209.49658203125,1732.725830078125,0
2004-02-18,3209.49658203125,3209.49658203125,3209.49658203125,3209.49658203125,1732.725830078125,0
2004-02-19,3209.49658203125,3209.49658203125,3209.49658203125,3209.49658203125,1732.725830078125,0
2004-02-20,3209.49658203125,3209.49658203125,3209.49658203125,3209.49658203125,1732.725830078125,0
2004-02-23,3209.49658203125,3209.49658203125,3209.49658203125,3209.49658203125,1732.725830078125,0
2004-02-24,3209.49658203125,3209.49658203125,3209.49658203125,3209.49658203125,1732.725830078125,0
2004-02-25,3209.49658203125,3209.49658203125,3209.49658203125,3209.49658203125,1732.725830078125,0
2004-02-26,3209.49658203125,3209.49658203125,3209.49658203125,3209.49658203125,1732.725830078125,0
2004-02-27,3209.49658203125,3209.49658203125,3209.49658203125,3209.49658203125,1732.725830078125,0
2004-03-01,3209.49658203125,3209.49658203125,3209.49658203125,3209.49658203125,1732.725830078125,0
2004-03-02,3209.49658203125,3209.49658203125,3209.49658203125,3209.49658203125,1732.725830078125,0
2004-03-03,3209.49658203125,3209.49658203125,3209.49658203125,3209.49658203125,1732.725830078125,0
2004-03-04,3209.49658203125,3209.49658203125,3209.49658203125,3209.49658203125,1732.725830078125,0
2004-03-05,3209.49658203125,3209.49658203125,3209.49658203125,3209.49658203125,1732.725830078125,0
2004-03-08,3209.49658203125,3209.49658203125,3209.49658203125,3209.49658203125,1732.725830078125,0
2004-03-09,3209.49658203125,3209.49658203125,3209.49658203125,3209.49658203125,1732.725830078125,0
2004-03-10,3209.49658203125,3209.49658203125,3209.49658203125,3209.49658203125,1732.725830078125,0
2004-03-11,3209.49658203125,3209.49658203125,3209.49658203125,3209.49658203125,1732.725830078125,0
2004-03-12,3209.49658203125,3209.49658203125,3209.49658203125,3209.49658203125,1732.725830078125,0
2004-03-15,3209.49658203125,3209.49658203125,3209.49658203125,3209.49658203125,1732.725830078125,0
2004-03-16,3209.49658203125,3209.49658203125,3209.49658203125,3209.49658203125,1732.725830078125,0
2004-03-17,3209.49658203125,3209.49658203125,3209.49658203125,3209.49658203125,1732.725830078125,0
2004-03-18,3209.49658203125,3209.49658203125,3209.49658203125,3209.49658203125,1732.725830078125,0
2004-03-19,3209.49658203125,3209.49658203125,3209.49658203125,3209.49658203125,1732.725830078125,0
2004-03-22,3209.49658203125,3209.49658203125,3209.49658203125,3209.49658203125,1732.725830078125,0
2004-03-23,3209.49658203125,3209.49658203125,3209.49658203125,3209.49658203125,1732.725830078125,0
2004-03-24,3209.49658203125,3209.49658203125,3209.49658203125,3209.49658203125,1732.725830078125,0
2004-03-25,3209.49658203125,3209.49658203125,3209.49658203125,3209.49658203125,1732.725830078125,0
2004-03-26,3209.49658203125,3209.49658203125,3209.49658203125,3209.49658203125,1732.725830078125,0
2004-03-29,3209.49658203125,3209.49658203125,3209.49658203125,3209.49658203125,1732.725830078125,0
2004-03-30,3209.49658203125,3209.49658203125,3209.49658203125,3209.49658203125,1732.725830078125,0
2004-03-31,3209.49658203125,3209.49658203125,3209.49658203125,3209.49658203125,1732.725830078125,0
2004-04-01,3209.49658203125,3209.49658203125,3209.49658203125,3209.49658203125,1732.725830078125,0
2004-04-02,3209.49658203125,3209.49658203125,3209.49658203125,3209.49658203125,1732.725830078125,0
2004-04-05,3209.49658203125,3209.49658203125,3209.49658203125,3209.49658203125,1732.725830078125,0
2004-04-06,3209.49658203125,3209.49658203125,3209.49658203125,3209.49658203125,1732.725830078125,0
2004-04-07,3209.49658203125,3209.49658203125,3209.49658203125,3209.49658203125,1732.725830078125,0
2004-04-08,3209.49658203125,3209.49658203125,3209.49658203125,3209.49658203125,1732.725830078125,0
2004-04-09,3209.49658203125,3209.49658203125,3209.49658203125,3209.49658203125,1732.725830078125,0
2004-04-12,3209.49658203125,3209.49658203125,3209.49658203125,3209.49658203125,1732.725830078125,0
2004-04-13,3209.49658203125,3209.49658203125,3209.49658203125,3209.49658203125,1732.725830078125,0
2004-04-14,3209.49658203125,3209.49658203125,3209.49658203125,3209.49658203125,1732.725830078125,0
2004-04-15,3209.49658203125,3209.49658203125,3209.49658203125,3209.49658203125,1732.725830078125,0
2004-04-16,3209.49658203125,3209.49658203125,3209.49658203125,3209.49658203125,1732.725830078125,0
2004-04-19,3209.49658203125,3209.49658203125,3209.49658203125,3209.49658203125,1732.725830078125,0
2004-04-20,3209.49658203125,3209.49658203125,3209.49658203125,3209.49658203125,1732.725830078125,0
2004-04-21,3209.49658203125,3209.49658203125,3209.49658203125,3209.49658203125,1732.725830078125,0
2004-04-22,3209.49658203125,3209.49658203125,3209.49658203125,3209.49658203125,1732.725830078125,0
2004-04-23,3209.49658203125,3209.49658203125,3209.49658203125,3209.49658203125,1732.725830078125,0
2004-04-26,3209.49658203125,3209.49658203125,3209.49658203125,3209.49658203125,1732.725830078125,0
2004-04-27,3209.49658203125,3209.49658203125,3209.49658203125,3209.49658203125,1732.725830078125,0
2004-04-28,3209.49658203125,3209.49658203125,3209.49658203125,3209.49658203125,1732.725830078125,0
2004-04-29,3209.49658203125,3209.49658203125,3209.49658203125,3209.49658203125,1732.725830078125,0
2004-04-30,3209.49658203125,3209.49658203125,3209.49658203125,3209.49658203125,1732.725830078125,0
2004-05-03,3209.49658203125,3209.49658203125,3209.49658203125,3209.49658203125,1732.725830078125,0
2004-05-04,3209.49658203125,3209.49658203125,3209.49658203125,3209.49658203125,1732.725830078125,0
2004-05-05,3209.49658203125,3209.49658203125,3209.49658203125,3209.49658203125,1732.725830078125,0
2004-05-06,3209.49658203125,3209.49658203125,3209.49658203125,3209.49658203125,1732.725830078125,0
2004-05-07,3209.49658203125,3209.49658203125,3209.49658203125,3209.49658203125,1732.725830078125,0
2004-05-10,3209.49658203125,3209.49658203125,3209.49658203125,3209.49658203125,1732.725830078125,0
2004-05-11,3209.49658203125,3209.49658203125,3209.49658203125,3209.49658203125,1732.725830078125,0
2004-05-12,3209.49658203125,3209.49658203125,3209.49658203125,3209.49658203125,1732.725830078125,0
2004-05-13,3209.49658203125,3209.49658203125,3209.49658203125,3209.49658203125,1732.725830078125,0
2004-05-14,3209.49658203125,3209.49658203125,3209.49658203125,3209.49658203125,1732.725830078125,0
2004-05-17,3209.49658203125,3209.49658203125,3209.49658203125,3209.49658203125,1732.725830078125,0
2004-05-18,3209.49658203125,3209.49658203125,3209.49658203125,3209.49658203125,1732.725830078125,0
2004-05-19,3209.49658203125,3209.49658203125,3209.49658203125,3209.49658203125,1732.725830078125,0
2004-05-20,3209.49658203125,3209.49658203125,3209.49658203125,3209.49658203125,1732.725830078125,0
2004-05-21,3209.49658203125,3209.49658203125,3209.49658203125,3209.49658203125,1732.725830078125,0
2004-05-24,3209.49658203125,3209.49658203125,3209.49658203125,3209.49658203125,1732.725830078125,0
2004-05-25,3209.49658203125,3209.49658203125,3209.49658203125,3209.49658203125,1732.725830078125,0
2004-05-26,3209.49658203125,3209.49658203125,3209.49658203125,3209.49658203125,1732.725830078125,0
2004-05-27,3209.49658203125,3209.49658203125,3209.49658203125,3209.49658203125,1732.725830078125,0
2004-05-28,3209.49658203125,3209.49658203125,3209.49658203125,3209.49658203125,1732.725830078125,0
2004-05-31,3209.49658203125,3209.49658203125,3209.49658203125,3209.49658203125,1732.725830078125,0
2004-06-01,3209.49658203125,3209.49658203125,3209.49658203125,3209.49658203125,1732.725830078125,0
2004-06-02,3209.49658203125,3209.49658203125,3209.49658203125,3209.49658203125,1732.725830078125,0
2004-06-03,3209.49658203125,3209.49658203125,3209.49658203125,3209.49658203125,1732.725830078125,0
2004-06-04,3096.434814453125,3096.434814453125,3074.5517578125,3074.5517578125,1659.872802734375,0
2004-06-07,3074.5517578125,3074.5517578125,3074.5517578125,3074.5517578125,1659.872802734375,0
2004-06-08,3074.5517578125,3074.5517578125,3074.5517578125,3074.5517578125,1659.872802734375,0
2004-06-09,3074.5517578125,3074.5517578125,3074.5517578125,3074.5517578125,1659.872802734375,0
2004-06-10,3074.5517578125,3074.5517578125,3074.5517578125,3074.5517578125,1659.872802734375,0
2004-06-11,3074.5517578125,3074.5517578125,3074.5517578125,3074.5517578125,1659.872802734375,0
2004-06-14,3074.5517578125,3074.5517578125,3074.5517578125,3074.5517578125,1659.872802734375,0
2004-06-15,3074.5517578125,3074.5517578125,3074.5517578125,3074.5517578125,1659.872802734375,0
2004-06-16,3074.5517578125,3074.5517578125,3074.5517578125,3074.5517578125,1659.872802734375,0
2004-06-17,3074.5517578125,3074.5517578125,3074.5517578125,3074.5517578125,1659.872802734375,0
2004-06-18,3074.5517578125,3074.5517578125,3074.5517578125,3074.5517578125,1659.872802734375,0
2004-06-21,3074.5517578125,3074.5517578125,3074.5517578125,3074.5517578125,1659.872802734375,0
2004-06-22,3074.5517578125,3074.5517578125,3074.5517578125,3074.5517578125,1659.872802734375,0
2004-06-23,3074.5517578125,3074.5517578125,3074.5517578125,3074.5517578125,1659.872802734375,0
2004-06-24,3074.5517578125,3074.5517578125,3074.5517578125,3074.5517578125,1659.872802734375,0
2004-06-25,3074.5517578125,3074.5517578125,3074.5517578125,3074.5517578125,1659.872802734375,0
2004-06-28,3074.5517578125,3074.5517578125,3074.5517578125,3074.5517578125,1659.872802734375,0
2004-06-29,3074.5517578125,3074.5517578125,3074.5517578125,3074.5517578125,1659.872802734375,0
2004-06-30,3074.5517578125,3074.5517578125,3074.5517578125,3074.5517578125,1659.872802734375,0
2004-07-01,3074.5517578125,3074.5517578125,3074.5517578125,3074.5517578125,1659.872802734375,0
2004-07-02,3074.5517578125,3074.5517578125,3074.5517578125,3074.5517578125,1659.872802734375,0
2004-07-05,3074.5517578125,3074.5517578125,3074.5517578125,3074.5517578125,1659.872802734375,0
2004-07-06,3074.5517578125,3074.5517578125,3074.5517578125,3074.5517578125,1659.872802734375,0
2004-07-07,3063.6103515625,3063.6103515625,3059.963134765625,3059.963134765625,1651.996337890625,0
2004-07-08,3118.317626953125,3118.317626953125,3027.138916015625,3027.138916015625,1634.27587890625,0
2004-07-09,3118.317626953125,3118.317626953125,3111.0234375,3111.0234375,1679.5626220703125,0
2004-07-12,3111.0234375,3111.0234375,3111.0234375,3111.0234375,1679.5626220703125,0
2004-07-13,3111.0234375,3111.0234375,3111.0234375,3111.0234375,1679.5626220703125,0
2004-07-14,3111.0234375,3111.0234375,3111.0234375,3111.0234375,1679.5626220703125,0
2004-07-15,3111.0234375,3111.0234375,3111.0234375,3111.0234375,1679.5626220703125,0
2004-07-16,3008.903076171875,3008.903076171875,2863.016845703125,2863.016845703125,1545.6700439453125,0
2004-07-19,2863.016845703125,2863.016845703125,2863.016845703125,2863.016845703125,1545.6700439453125,0
2004-07-20,2863.016845703125,2863.016845703125,2863.016845703125,2863.016845703125,1545.6700439453125,0
2004-07-21,2863.016845703125,2863.016845703125,2863.016845703125,2863.016845703125,1545.6700439453125,0
2004-07-22,2895.84130859375,2895.84130859375,2790.07373046875,2790.07373046875,1506.2901611328125,0
2004-07-23,2790.07373046875,2790.07373046875,2790.07373046875,2790.07373046875,1506.2901611328125,0
2004-07-26,2914.0771484375,2914.0771484375,2804.662353515625,2804.662353515625,1514.165771484375,0
2004-07-27,2804.662353515625,2804.662353515625,2804.662353515625,2804.662353515625,1514.165771484375,0
2004-07-28,2804.662353515625,2804.662353515625,2804.662353515625,2804.662353515625,1514.165771484375,0
2004-07-29,2804.662353515625,2804.662353515625,2804.662353515625,2804.662353515625,1514.165771484375,0
2004-07-30,2760.896484375,2760.896484375,2698.894775390625,2698.894775390625,1457.0645751953125,0
2004-08-02,2698.894775390625,2698.894775390625,2698.894775390625,2698.894775390625,1457.0645751953125,0
2004-08-03,2698.894775390625,2698.894775390625,2698.894775390625,2698.894775390625,1457.0645751953125,0
2004-08-04,2698.894775390625,2698.894775390625,2698.894775390625,2698.894775390625,1457.0645751953125,0
2004-08-05,2698.894775390625,2698.894775390625,2698.894775390625,2698.894775390625,1457.0645751953125,0
2004-08-06,2731.71923828125,2731.71923828125,2633.24609375,2633.24609375,1421.6226806640625,0
2004-08-09,2633.24609375,2633.24609375,2633.24609375,2633.24609375,1421.6226806640625,0
2004-08-10,2633.24609375,2633.24609375,2633.24609375,2633.24609375,1421.6226806640625,0
2004-08-11,2633.24609375,2633.24609375,2633.24609375,2633.24609375,1421.6226806640625,0
2004-08-12,2633.24609375,2633.24609375,2633.24609375,2633.24609375,1421.6226806640625,0
2004-08-13,2633.24609375,2633.24609375,2633.24609375,2633.24609375,1421.6226806640625,0
2004-08-16,2633.24609375,2633.24609375,2633.24609375,2633.24609375,1421.6226806640625,0
2004-08-17,2633.24609375,2633.24609375,2633.24609375,2633.24609375,1421.6226806640625,0
2004-08-18,2633.24609375,2633.24609375,2633.24609375,2633.24609375,1421.6226806640625,0
2004-08-19,2633.24609375,2633.24609375,2633.24609375,2633.24609375,1421.6226806640625,0
2004-08-20,2633.24609375,2633.24609375,2633.24609375,2633.24609375,1421.6226806640625,0
2004-08-23,2633.24609375,2633.24609375,2633.24609375,2633.24609375,1421.6226806640625,0
2004-08-24,2633.24609375,2633.24609375,2633.24609375,2633.24609375,1421.6226806640625,0
2004-08-25,2633.24609375,2633.24609375,2633.24609375,2633.24609375,1421.6226806640625,0
2004-08-26,2633.24609375,2633.24609375,2633.24609375,2633.24609375,1421.6226806640625,0
2004-08-27,2633.24609375,2633.24609375,2633.24609375,2633.24609375,1421.6226806640625,0
2004-08-30,2633.24609375,2633.24609375,2633.24609375,2633.24609375,1421.6226806640625,0
2004-08-31,2633.24609375,2633.24609375,2633.24609375,2633.24609375,1421.6226806640625,0
2004-09-01,2633.24609375,2633.24609375,2633.24609375,2633.24609375,1421.6226806640625,0
2004-09-02,2633.24609375,2633.24609375,2633.24609375,2633.24609375,1421.6226806640625,0
2004-09-03,2724.425048828125,2724.425048828125,2662.42333984375,2662.42333984375,1437.375,0
2004-09-06,2662.42333984375,2662.42333984375,2662.42333984375,2662.42333984375,1437.375,0
2004-09-07,2662.42333984375,2662.42333984375,2662.42333984375,2662.42333984375,1437.375,0
2004-09-08,2662.42333984375,2662.42333984375,2662.42333984375,2662.42333984375,1437.375,0
2004-09-09,2662.42333984375,2662.42333984375,2662.42333984375,2662.42333984375,1437.375,0
2004-09-10,2662.42333984375,2662.42333984375,2662.42333984375,2662.42333984375,1437.375,0
2004-09-13,2713.4833984375,2713.4833984375,2633.24609375,2633.24609375,1421.6226806640625,0
2004-09-14,2633.24609375,2633.24609375,2633.24609375,2633.24609375,1421.6226806640625,0
2004-09-15,2633.24609375,2633.24609375,2633.24609375,2633.24609375,1421.6226806640625,0
2004-09-16,2633.24609375,2633.24609375,2633.24609375,2633.24609375,1421.6226806640625,0
2004-09-17,2644.1875,2644.1875,2629.598876953125,2629.598876953125,1419.65380859375,0
2004-09-20,2629.598876953125,2629.598876953125,2629.598876953125,2629.598876953125,1419.65380859375,0
2004-09-21,2629.598876953125,2629.598876953125,2629.598876953125,2629.598876953125,1419.65380859375,0
2004-09-22,2629.598876953125,2629.598876953125,2629.598876953125,2629.598876953125,1419.65380859375,0
2004-09-23,2629.598876953125,2629.598876953125,2629.598876953125,2629.598876953125,1419.65380859375,0
2004-09-24,2629.598876953125,2629.598876953125,2629.598876953125,2629.598876953125,1419.65380859375,0
2004-09-27,2629.598876953125,2629.598876953125,2629.598876953125,2629.598876953125,1419.65380859375,0
2004-09-28,2629.598876953125,2629.598876953125,2629.598876953125,2629.598876953125,1419.65380859375,0
2004-09-29,2629.598876953125,2629.598876953125,2629.598876953125,2629.598876953125,1419.65380859375,0
2004-09-30,2629.598876953125,2629.598876953125,2629.598876953125,2629.598876953125,1419.65380859375,0
2004-10-01,2629.598876953125,2629.598876953125,2629.598876953125,2629.598876953125,1419.65380859375,0
2004-10-04,2629.598876953125,2629.598876953125,2629.598876953125,2629.598876953125,1419.65380859375,0
2004-10-05,2629.598876953125,2629.598876953125,2629.598876953125,2629.598876953125,1419.65380859375,0
2004-10-06,2629.598876953125,2629.598876953125,2629.598876953125,2629.598876953125,1419.65380859375,0
2004-10-07,2629.598876953125,2629.598876953125,2629.598876953125,2629.598876953125,1419.65380859375,0
2004-10-08,2629.598876953125,2629.598876953125,2629.598876953125,2629.598876953125,1419.65380859375,0
2004-10-11,2629.598876953125,2629.598876953125,2629.598876953125,2629.598876953125,1419.65380859375,0
2004-10-12,2629.598876953125,2629.598876953125,2629.598876953125,2629.598876953125,1419.65380859375,0
2004-10-13,2629.598876953125,2629.598876953125,2629.598876953125,2629.598876953125,1419.65380859375,0
2004-10-14,2629.598876953125,2629.598876953125,2629.598876953125,2629.598876953125,1419.65380859375,0
2004-10-15,2629.598876953125,2629.598876953125,2629.598876953125,2629.598876953125,1419.65380859375,0
2004-10-18,2629.598876953125,2629.598876953125,2629.598876953125,2629.598876953125,1419.65380859375,0
2004-10-19,2629.598876953125,2629.598876953125,2629.598876953125,2629.598876953125,1419.65380859375,0
2004-10-20,2629.598876953125,2629.598876953125,2629.598876953125,2629.598876953125,1419.65380859375,0
2004-10-21,2629.598876953125,2629.598876953125,2629.598876953125,2629.598876953125,1419.65380859375,0
2004-10-22,2629.598876953125,2629.598876953125,2629.598876953125,2629.598876953125,1419.65380859375,0
2004-10-25,2629.598876953125,2629.598876953125,2629.598876953125,2629.598876953125,1419.65380859375,0
2004-10-26,2629.598876953125,2629.598876953125,2629.598876953125,2629.598876953125,1419.65380859375,0
2004-10-27,2629.598876953125,2629.598876953125,2629.598876953125,2629.598876953125,1419.65380859375,0
2004-10-28,2629.598876953125,2629.598876953125,2629.598876953125,2629.598876953125,1419.65380859375,0
2004-10-29,2629.598876953125,2629.598876953125,2629.598876953125,2629.598876953125,1419.65380859375,0
2004-11-01,2629.598876953125,2629.598876953125,2629.598876953125,2629.598876953125,1419.65380859375,0
2004-11-02,2629.598876953125,2629.598876953125,2629.598876953125,2629.598876953125,1419.65380859375,0
2004-11-03,2629.598876953125,2629.598876953125,2629.598876953125,2629.598876953125,1419.65380859375,0
2004-11-04,2629.598876953125,2629.598876953125,2629.598876953125,2629.598876953125,1419.65380859375,0
2004-11-05,2629.598876953125,2629.598876953125,2629.598876953125,2629.598876953125,1419.65380859375,0
2004-11-08,2629.598876953125,2629.598876953125,2629.598876953125,2629.598876953125,1419.65380859375,0
2004-11-09,2629.598876953125,2629.598876953125,2629.598876953125,2629.598876953125,1419.65380859375,0
2004-11-10,2629.598876953125,2629.598876953125,2629.598876953125,2629.598876953125,1419.65380859375,0
2004-11-11,2629.598876953125,2629.598876953125,2629.598876953125,2629.598876953125,1419.65380859375,0
2004-11-12,2629.598876953125,2629.598876953125,2629.598876953125,2629.598876953125,1419.65380859375,0
2004-11-15,2629.598876953125,2629.598876953125,2629.598876953125,2629.598876953125,1419.65380859375,0
2004-11-16,2629.598876953125,2629.598876953125,2629.598876953125,2629.598876953125,1419.65380859375,0
2004-11-17,2629.598876953125,2629.598876953125,2629.598876953125,2629.598876953125,1419.65380859375,0
2004-11-18,2768.19091796875,2768.19091796875,2764.543701171875,2764.543701171875,1492.5068359375,0
2004-11-19,2764.543701171875,2764.543701171875,2764.543701171875,2764.543701171875,1492.5068359375,0
2004-11-22,2764.543701171875,2764.543701171875,2764.543701171875,2764.543701171875,1492.5068359375,0
2004-11-23,2833.839599609375,2833.839599609375,2728.072021484375,2728.072021484375,1472.8170166015625,0
2004-11-24,2728.072021484375,2728.072021484375,2728.072021484375,2728.072021484375,1472.8170166015625,0
2004-11-25,2728.072021484375,2728.072021484375,2728.072021484375,2728.072021484375,1472.8170166015625,0
2004-11-26,2728.072021484375,2728.072021484375,2728.072021484375,2728.072021484375,1472.8170166015625,0
2004-11-29,2728.072021484375,2728.072021484375,2728.072021484375,2728.072021484375,1472.8170166015625,0
2004-11-30,2728.072021484375,2728.072021484375,2728.072021484375,2728.072021484375,1472.8170166015625,0
2004-12-01,2728.072021484375,2728.072021484375,2728.072021484375,2728.072021484375,1472.8170166015625,0
2004-12-02,2728.072021484375,2728.072021484375,2728.072021484375,2728.072021484375,1472.8170166015625,0
2004-12-03,2728.072021484375,2728.072021484375,2728.072021484375,2728.072021484375,1472.8170166015625,0
2004-12-06,2728.072021484375,2728.072021484375,2728.072021484375,2728.072021484375,1472.8170166015625,0
2004-12-07,2728.072021484375,2728.072021484375,2728.072021484375,2728.072021484375,1472.8170166015625,0
2004-12-08,2728.072021484375,2728.072021484375,2728.072021484375,2728.072021484375,1472.8170166015625,0
2004-12-09,2728.072021484375,2728.072021484375,2728.072021484375,2728.072021484375,1472.8170166015625,0
2004-12-10,2728.072021484375,2728.072021484375,2728.072021484375,2728.072021484375,1472.8170166015625,0
2004-12-13,2728.072021484375,2728.072021484375,2728.072021484375,2728.072021484375,1472.8170166015625,0
2004-12-14,2728.072021484375,2728.072021484375,2728.072021484375,2728.072021484375,1472.8170166015625,0
2004-12-15,2728.072021484375,2728.072021484375,2728.072021484375,2728.072021484375,1472.8170166015625,0
2004-12-16,2728.072021484375,2728.072021484375,2728.072021484375,2728.072021484375,1472.8170166015625,0
2004-12-17,2728.072021484375,2728.072021484375,2728.072021484375,2728.072021484375,1472.8170166015625,0
2004-12-20,2728.072021484375,2728.072021484375,2728.072021484375,2728.072021484375,1472.8170166015625,0
2004-12-21,2728.072021484375,2728.072021484375,2728.072021484375,2728.072021484375,1472.8170166015625,0
2004-12-22,2728.072021484375,2728.072021484375,2728.072021484375,2728.072021484375,1472.8170166015625,0
2004-12-23,2728.072021484375,2728.072021484375,2728.072021484375,2728.072021484375,1472.8170166015625,0
2004-12-24,2728.072021484375,2728.072021484375,2728.072021484375,2728.072021484375,1472.8170166015625,0
2004-12-27,2728.072021484375,2728.072021484375,2728.072021484375,2728.072021484375,1472.8170166015625,0
2004-12-28,2728.072021484375,2728.072021484375,2728.072021484375,2728.072021484375,1472.8170166015625,0
2004-12-29,2728.072021484375,2728.072021484375,2728.072021484375,2728.072021484375,1578.3193359375,0
2004-12-30,2728.072021484375,2728.072021484375,2728.072021484375,2728.072021484375,1578.3193359375,0
2004-12-31,2728.072021484375,2728.072021484375,2728.072021484375,2728.072021484375,1578.3193359375,0
2005-01-04,2728.072021484375,2728.072021484375,2728.072021484375,2728.072021484375,1578.3193359375,0
2005-01-05,2728.072021484375,2728.072021484375,2728.072021484375,2728.072021484375,1578.3193359375,0
2005-01-06,2728.072021484375,2728.072021484375,2728.072021484375,2728.072021484375,1578.3193359375,0
2005-01-07,2728.072021484375,2728.072021484375,2728.072021484375,2728.072021484375,1578.3193359375,0
2005-01-10,2728.072021484375,2728.072021484375,2728.072021484375,2728.072021484375,1578.3193359375,0
2005-01-11,2728.072021484375,2728.072021484375,2728.072021484375,2728.072021484375,1578.3193359375,0
2005-01-12,2728.072021484375,2728.072021484375,2728.072021484375,2728.072021484375,1578.3193359375,0
2005-01-13,2728.072021484375,2728.072021484375,2728.072021484375,2728.072021484375,1578.3193359375,0
2005-01-14,2728.072021484375,2728.072021484375,2728.072021484375,2728.072021484375,1578.3193359375,0
2005-01-17,3461.150390625,3461.150390625,3209.49658203125,3209.49658203125,1856.846435546875,0
2005-01-18,3209.49658203125,3209.49658203125,3209.49658203125,3209.49658203125,1856.846435546875,0
2005-01-19,3209.49658203125,3209.49658203125,3209.49658203125,3209.49658203125,1856.846435546875,0
2005-01-20,3209.49658203125,3209.49658203125,3209.49658203125,3209.49658203125,1856.846435546875,0
2005-01-21,3483.033203125,3483.033203125,3373.61865234375,3373.61865234375,1951.798828125,0
2005-01-24,3373.61865234375,3373.61865234375,3373.61865234375,3373.61865234375,1951.798828125,0
2005-01-25,3570.56494140625,3570.56494140625,3267.85107421875,3267.85107421875,1890.6075439453125,0
2005-01-26,3267.85107421875,3267.85107421875,3267.85107421875,3267.85107421875,1890.6075439453125,0
2005-01-27,3282.439697265625,3282.439697265625,3249.615234375,3249.615234375,1880.056640625,0
2005-01-28,3424.6787109375,3424.6787109375,3373.61865234375,3373.61865234375,1951.798828125,0
2005-01-31,3373.61865234375,3373.61865234375,3373.61865234375,3373.61865234375,1951.798828125,0
2005-02-01,3373.61865234375,3373.61865234375,3373.61865234375,3373.61865234375,1951.798828125,0
2005-02-02,3373.61865234375,3373.61865234375,3373.61865234375,3373.61865234375,1951.798828125,0
2005-02-03,3373.61865234375,3373.61865234375,3373.61865234375,3373.61865234375,1951.798828125,0
2005-02-04,3373.61865234375,3373.61865234375,3373.61865234375,3373.61865234375,1951.798828125,0
2005-02-07,3373.61865234375,3373.61865234375,3373.61865234375,3373.61865234375,1951.798828125,0
2005-02-08,3373.61865234375,3373.61865234375,3373.61865234375,3373.61865234375,1951.798828125,0
2005-02-09,3373.61865234375,3373.61865234375,3373.61865234375,3373.61865234375,1951.798828125,0
2005-02-10,3373.61865234375,3373.61865234375,3373.61865234375,3373.61865234375,1951.798828125,0
2005-02-11,3373.61865234375,3373.61865234375,3373.61865234375,3373.61865234375,1951.798828125,0
2005-02-14,3373.61865234375,3373.61865234375,3373.61865234375,3373.61865234375,1951.798828125,0
2005-02-15,3537.740478515625,3537.740478515625,3359.030029296875,3359.030029296875,1943.3585205078125,0
2005-02-16,3359.030029296875,3359.030029296875,3359.030029296875,3359.030029296875,1943.3585205078125,0
2005-02-17,3359.030029296875,3359.030029296875,3359.030029296875,3359.030029296875,1943.3585205078125,0
2005-02-18,3359.030029296875,3359.030029296875,3359.030029296875,3359.030029296875,1943.3585205078125,0
2005-02-21,3359.030029296875,3359.030029296875,3359.030029296875,3359.030029296875,1943.3585205078125,0
2005-02-22,3359.030029296875,3359.030029296875,3359.030029296875,3359.030029296875,1943.3585205078125,0
2005-02-23,3359.030029296875,3359.030029296875,3359.030029296875,3359.030029296875,1943.3585205078125,0
2005-02-24,3359.030029296875,3359.030029296875,3359.030029296875,3359.030029296875,1943.3585205078125,0
2005-02-25,3359.030029296875,3359.030029296875,3359.030029296875,3359.030029296875,1943.3585205078125,0
2005-02-28,3359.030029296875,3359.030029296875,3359.030029296875,3359.030029296875,1943.3585205078125,0
2005-03-01,3359.030029296875,3359.030029296875,3359.030029296875,3359.030029296875,1943.3585205078125,0
2005-03-02,3359.030029296875,3359.030029296875,3359.030029296875,3359.030029296875,1943.3585205078125,0
2005-03-03,3359.030029296875,3359.030029296875,3359.030029296875,3359.030029296875,1943.3585205078125,0
2005-03-04,3359.030029296875,3359.030029296875,3359.030029296875,3359.030029296875,1943.3585205078125,0
2005-03-07,3359.030029296875,3359.030029296875,3359.030029296875,3359.030029296875,1943.3585205078125,0
2005-03-08,3359.030029296875,3359.030029296875,3359.030029296875,3359.030029296875,1943.3585205078125,0
2005-03-09,3359.030029296875,3359.030029296875,3359.030029296875,3359.030029296875,1943.3585205078125,0
2005-03-10,3359.030029296875,3359.030029296875,3359.030029296875,3359.030029296875,1943.3585205078125,0
2005-03-11,3359.030029296875,3359.030029296875,3359.030029296875,3359.030029296875,1943.3585205078125,0
2005-03-14,3359.030029296875,3359.030029296875,3359.030029296875,3359.030029296875,1943.3585205078125,0
2005-03-15,3359.030029296875,3359.030029296875,3359.030029296875,3359.030029296875,1943.3585205078125,0
2005-03-16,3359.030029296875,3359.030029296875,3359.030029296875,3359.030029296875,1943.3585205078125,0
2005-03-17,3359.030029296875,3359.030029296875,3359.030029296875,3359.030029296875,1943.3585205078125,0
2005-03-18,3359.030029296875,3359.030029296875,3359.030029296875,3359.030029296875,1943.3585205078125,0
2005-03-21,3359.030029296875,3359.030029296875,3359.030029296875,3359.030029296875,1943.3585205078125,0
2005-03-22,3359.030029296875,3359.030029296875,3359.030029296875,3359.030029296875,1943.3585205078125,0
2005-03-23,3359.030029296875,3359.030029296875,3359.030029296875,3359.030029296875,1943.3585205078125,0
2005-03-24,3359.030029296875,3359.030029296875,3359.030029296875,3359.030029296875,1943.3585205078125,0
2005-03-25,3865.984619140625,3865.984619140625,3665.39111328125,3665.39111328125,2120.603271484375,0
2005-03-28,3665.39111328125,3665.39111328125,3665.39111328125,3665.39111328125,2120.603271484375,0
2005-03-29,3665.39111328125,3665.39111328125,3665.39111328125,3665.39111328125,2120.603271484375,0
2005-03-30,3665.39111328125,3665.39111328125,3665.39111328125,3665.39111328125,2120.603271484375,0
2005-03-31,3643.508056640625,3643.508056640625,3617.97802734375,3617.97802734375,2093.1728515625,0
2005-04-01,3617.97802734375,3617.97802734375,3617.97802734375,3617.97802734375,2093.1728515625,0
2005-04-04,3617.97802734375,3617.97802734375,3617.97802734375,3617.97802734375,2093.1728515625,0
2005-04-05,3617.97802734375,3617.97802734375,3617.97802734375,3617.97802734375,2093.1728515625,0
2005-04-06,3847.748779296875,3847.748779296875,3720.098388671875,3720.098388671875,2152.253662109375,0
2005-04-07,3720.098388671875,3720.098388671875,3720.098388671875,3720.098388671875,2152.253662109375,0
2005-04-08,3720.098388671875,3720.098388671875,3720.098388671875,3720.098388671875,2152.253662109375,0
2005-04-11,3720.098388671875,3720.098388671875,3720.098388671875,3720.098388671875,2152.253662109375,0
2005-04-12,3720.098388671875,3720.098388671875,3720.098388671875,3720.098388671875,2152.253662109375,0
2005-04-13,3720.098388671875,3720.098388671875,3720.098388671875,3720.098388671875,2152.253662109375,0
2005-04-14,3720.098388671875,3720.098388671875,3720.098388671875,3720.098388671875,2152.253662109375,0
2005-04-15,3720.098388671875,3720.098388671875,3720.098388671875,3720.098388671875,2152.253662109375,0
2005-04-18,3720.098388671875,3720.098388671875,3720.098388671875,3720.098388671875,2152.253662109375,0
2005-04-19,3720.098388671875,3720.098388671875,3720.098388671875,3720.098388671875,2152.253662109375,0
2005-04-20,3720.098388671875,3720.098388671875,3720.098388671875,3720.098388671875,2152.253662109375,0
2005-04-21,3720.098388671875,3720.098388671875,3720.098388671875,3720.098388671875,2152.253662109375,0
2005-04-22,3720.098388671875,3720.098388671875,3720.098388671875,3720.098388671875,2152.253662109375,0
2005-04-25,3720.098388671875,3720.098388671875,3720.098388671875,3720.098388671875,2152.253662109375,0
2005-04-26,3720.098388671875,3720.098388671875,3720.098388671875,3720.098388671875,2152.253662109375,0
2005-04-27,3720.098388671875,3720.098388671875,3720.098388671875,3720.098388671875,2152.253662109375,0
2005-04-28,3720.098388671875,3720.098388671875,3720.098388671875,3720.098388671875,2152.253662109375,0
2005-04-29,3720.098388671875,3720.098388671875,3720.098388671875,3720.098388671875,2152.253662109375,0
2005-05-02,3720.098388671875,3720.098388671875,3720.098388671875,3720.098388671875,2152.253662109375,0
2005-05-03,3720.098388671875,3720.098388671875,3720.098388671875,3720.098388671875,2152.253662109375,0
2005-05-04,3720.098388671875,3720.098388671875,3720.098388671875,3720.098388671875,2152.253662109375,0
2005-05-05,3720.098388671875,3720.098388671875,3720.098388671875,3720.098388671875,2152.253662109375,0
2005-05-06,3720.098388671875,3720.098388671875,3720.098388671875,3720.098388671875,2152.253662109375,0
2005-05-09,3720.098388671875,3720.098388671875,3720.098388671875,3720.098388671875,2152.253662109375,0
2005-05-10,3720.098388671875,3720.098388671875,3720.098388671875,3720.098388671875,2152.253662109375,0
2005-05-11,3720.098388671875,3720.098388671875,3720.098388671875,3720.098388671875,2152.253662109375,0
2005-05-12,3720.098388671875,3720.098388671875,3720.098388671875,3720.098388671875,2152.253662109375,0
2005-05-13,3720.098388671875,3720.098388671875,3720.098388671875,3720.098388671875,2152.253662109375,0
2005-05-16,3260.556884765625,3260.556884765625,3100.08203125,3100.08203125,1793.5450439453125,0
2005-05-17,3100.08203125,3100.08203125,3100.08203125,3100.08203125,1793.5450439453125,0
2005-05-18,3100.08203125,3100.08203125,3100.08203125,3100.08203125,1793.5450439453125,0
2005-05-19,3216.791015625,3216.791015625,3209.49658203125,3209.49658203125,1856.846435546875,0
2005-05-20,3209.49658203125,3209.49658203125,3209.49658203125,3209.49658203125,1856.846435546875,0
2005-05-23,3209.49658203125,3209.49658203125,3209.49658203125,3209.49658203125,1856.846435546875,0
2005-05-24,3267.85107421875,3267.85107421875,3209.49658203125,3209.49658203125,1856.846435546875,0
2005-05-25,3209.49658203125,3209.49658203125,3209.49658203125,3209.49658203125,1856.846435546875,0
2005-05-26,3264.203857421875,3264.203857421875,3176.672119140625,3176.672119140625,1837.85595703125,0
2005-05-27,3264.203857421875,3264.203857421875,3209.49658203125,3209.49658203125,1856.846435546875,0
2005-05-30,3209.49658203125,3209.49658203125,3209.49658203125,3209.49658203125,1856.846435546875,0
2005-05-31,3209.49658203125,3209.49658203125,3209.49658203125,3209.49658203125,1856.846435546875,0
2005-06-01,3209.49658203125,3209.49658203125,3209.49658203125,3209.49658203125,1856.846435546875,0
2005-06-02,3209.49658203125,3209.49658203125,3209.49658203125,3209.49658203125,1856.846435546875,0
2005-06-03,3209.49658203125,3209.49658203125,3209.49658203125,3209.49658203125,1856.846435546875,0
2005-06-06,3209.49658203125,3209.49658203125,3209.49658203125,3209.49658203125,1856.846435546875,0
2005-06-07,3209.49658203125,3209.49658203125,3209.49658203125,3209.49658203125,1856.846435546875,0
2005-06-08,3209.49658203125,3209.49658203125,3209.49658203125,3209.49658203125,1856.846435546875,0
2005-06-09,3209.49658203125,3209.49658203125,3209.49658203125,3209.49658203125,1856.846435546875,0
2005-06-10,3209.49658203125,3209.49658203125,3209.49658203125,3209.49658203125,1856.846435546875,0
2005-06-13,3209.49658203125,3209.49658203125,3209.49658203125,3209.49658203125,1856.846435546875,0
2005-06-14,3209.49658203125,3209.49658203125,3209.49658203125,3209.49658203125,1856.846435546875,0
2005-06-15,3209.49658203125,3209.49658203125,3209.49658203125,3209.49658203125,1856.846435546875,0
2005-06-16,3209.49658203125,3209.49658203125,3209.49658203125,3209.49658203125,1856.846435546875,0
2005-06-17,3209.49658203125,3209.49658203125,3209.49658203125,3209.49658203125,1856.846435546875,0
2005-06-20,3209.49658203125,3209.49658203125,3209.49658203125,3209.49658203125,1856.846435546875,0
2005-06-21,3209.49658203125,3209.49658203125,3209.49658203125,3209.49658203125,1856.846435546875,0
2005-06-22,3209.49658203125,3209.49658203125,3209.49658203125,3209.49658203125,1856.846435546875,0
2005-06-23,3209.49658203125,3209.49658203125,3209.49658203125,3209.49658203125,1856.846435546875,0
2005-06-24,3209.49658203125,3209.49658203125,3209.49658203125,3209.49658203125,1856.846435546875,0
2005-06-27,3209.49658203125,3209.49658203125,3209.49658203125,3209.49658203125,1856.846435546875,0
2005-06-28,3209.49658203125,3209.49658203125,3209.49658203125,3209.49658203125,1856.846435546875,0
2005-06-29,3209.49658203125,3209.49658203125,3209.49658203125,3209.49658203125,1856.846435546875,0
2005-06-30,3209.49658203125,3209.49658203125,3209.49658203125,3209.49658203125,1856.846435546875,0
2005-07-01,3209.49658203125,3209.49658203125,3209.49658203125,3209.49658203125,1856.846435546875,0
2005-07-04,3209.49658203125,3209.49658203125,3209.49658203125,3209.49658203125,1856.846435546875,0
2005-07-05,3209.49658203125,3209.49658203125,3209.49658203125,3209.49658203125,1856.846435546875,0
2005-07-06,3209.49658203125,3209.49658203125,3209.49658203125,3209.49658203125,1856.846435546875,0
2005-07-07,3209.49658203125,3209.49658203125,3209.49658203125,3209.49658203125,1856.846435546875,0
2005-07-08,3209.49658203125,3209.49658203125,3209.49658203125,3209.49658203125,1856.846435546875,0
2005-07-11,3209.49658203125,3209.49658203125,3209.49658203125,3209.49658203125,1856.846435546875,0
2005-07-12,3209.49658203125,3209.49658203125,3209.49658203125,3209.49658203125,1856.846435546875,0
2005-07-13,3209.49658203125,3209.49658203125,3209.49658203125,3209.49658203125,1856.846435546875,0
2005-07-14,3209.49658203125,3209.49658203125,3209.49658203125,3209.49658203125,1856.846435546875,0
2005-07-15,3209.49658203125,3209.49658203125,3209.49658203125,3209.49658203125,1856.846435546875,0
2005-07-18,3209.49658203125,3209.49658203125,3209.49658203125,3209.49658203125,1856.846435546875,0
2005-07-19,3209.49658203125,3209.49658203125,3209.49658203125,3209.49658203125,1856.846435546875,0
2005-07-20,3209.49658203125,3209.49658203125,3209.49658203125,3209.49658203125,1856.846435546875,0
2005-07-21,3209.49658203125,3209.49658203125,3209.49658203125,3209.49658203125,1856.846435546875,0
2005-07-22,3209.49658203125,3209.49658203125,3209.49658203125,3209.49658203125,1856.846435546875,0
2005-07-25,3209.49658203125,3209.49658203125,3209.49658203125,3209.49658203125,1856.846435546875,0
2005-07-26,3209.49658203125,3209.49658203125,3209.49658203125,3209.49658203125,1856.846435546875,0
2005-07-27,3209.49658203125,3209.49658203125,3209.49658203125,3209.49658203125,1856.846435546875,0
2005-07-28,3209.49658203125,3209.49658203125,3209.49658203125,3209.49658203125,1856.846435546875,0
2005-07-29,3209.49658203125,3209.49658203125,3209.49658203125,3209.49658203125,1856.846435546875,0
2005-08-01,3209.49658203125,3209.49658203125,3209.49658203125,3209.49658203125,1856.846435546875,0
2005-08-02,3209.49658203125,3209.49658203125,3209.49658203125,3209.49658203125,1856.846435546875,0
2005-08-03,3209.49658203125,3209.49658203125,3209.49658203125,3209.49658203125,1856.846435546875,0
2005-08-04,3209.49658203125,3209.49658203125,3209.49658203125,3209.49658203125,1856.846435546875,0
2005-08-05,3209.49658203125,3209.49658203125,3209.49658203125,3209.49658203125,1856.846435546875,0
2005-08-08,3209.49658203125,3209.49658203125,3209.49658203125,3209.49658203125,1856.846435546875,0
2005-08-09,3209.49658203125,3209.49658203125,3209.49658203125,3209.49658203125,1856.846435546875,0
2005-08-10,3209.49658203125,3209.49658203125,3209.49658203125,3209.49658203125,1856.846435546875,0
2005-08-11,3209.49658203125,3209.49658203125,3209.49658203125,3209.49658203125,1856.846435546875,0
2005-08-12,3209.49658203125,3209.49658203125,3209.49658203125,3209.49658203125,1856.846435546875,0
2005-08-15,3209.49658203125,3209.49658203125,3209.49658203125,3209.49658203125,1856.846435546875,0
2005-08-16,3209.49658203125,3209.49658203125,3209.49658203125,3209.49658203125,1856.846435546875,0
2005-08-17,3209.49658203125,3209.49658203125,3209.49658203125,3209.49658203125,1856.846435546875,0
2005-08-18,3209.49658203125,3209.49658203125,3209.49658203125,3209.49658203125,1856.846435546875,0
2005-08-19,3209.49658203125,3209.49658203125,3209.49658203125,3209.49658203125,1856.846435546875,0
2005-08-22,3209.49658203125,3209.49658203125,3209.49658203125,3209.49658203125,1856.846435546875,0
2005-08-23,3209.49658203125,3209.49658203125,3209.49658203125,3209.49658203125,1856.846435546875,0
2005-08-24,3209.49658203125,3209.49658203125,3209.49658203125,3209.49658203125,1856.846435546875,0
2005-08-25,3209.49658203125,3209.49658203125,3209.49658203125,3209.49658203125,1856.846435546875,0
2005-08-26,3209.49658203125,3209.49658203125,3209.49658203125,3209.49658203125,1856.846435546875,0
2005-08-29,3209.49658203125,3209.49658203125,3209.49658203125,3209.49658203125,1856.846435546875,0
2005-08-30,3209.49658203125,3209.49658203125,3209.49658203125,3209.49658203125,1856.846435546875,0
2005-08-31,3209.49658203125,3209.49658203125,3209.49658203125,3209.49658203125,1856.846435546875,0
2005-09-01,3209.49658203125,3209.49658203125,3209.49658203125,3209.49658203125,1856.846435546875,0
2005-09-02,3209.49658203125,3209.49658203125,3209.49658203125,3209.49658203125,1856.846435546875,0
2005-09-05,3209.49658203125,3209.49658203125,3209.49658203125,3209.49658203125,1856.846435546875,0
2005-09-06,3209.49658203125,3209.49658203125,3209.49658203125,3209.49658203125,1856.846435546875,0
2005-09-07,3209.49658203125,3209.49658203125,3209.49658203125,3209.49658203125,1856.846435546875,0
2005-09-08,3209.49658203125,3209.49658203125,3209.49658203125,3209.49658203125,1856.846435546875,0
2005-09-09,3209.49658203125,3209.49658203125,3209.49658203125,3209.49658203125,1856.846435546875,0
2005-09-12,3209.49658203125,3209.49658203125,3209.49658203125,3209.49658203125,1856.846435546875,0
2005-09-13,3209.49658203125,3209.49658203125,3209.49658203125,3209.49658203125,1856.846435546875,0
2005-09-14,3209.49658203125,3209.49658203125,3209.49658203125,3209.49658203125,1856.846435546875,0
2005-09-15,3209.49658203125,3209.49658203125,3209.49658203125,3209.49658203125,1856.846435546875,0
2005-09-16,3209.49658203125,3209.49658203125,3209.49658203125,3209.49658203125,1856.846435546875,0
2005-09-19,3209.49658203125,3209.49658203125,3209.49658203125,3209.49658203125,1856.846435546875,0
2005-09-20,3209.49658203125,3209.49658203125,3209.49658203125,3209.49658203125,1856.846435546875,0
2005-09-21,3209.49658203125,3209.49658203125,3209.49658203125,3209.49658203125,1856.846435546875,0
2005-09-22,3209.49658203125,3209.49658203125,3209.49658203125,3209.49658203125,1856.846435546875,0
2005-09-23,3209.49658203125,3209.49658203125,3209.49658203125,3209.49658203125,1856.846435546875,0
2005-09-26,3209.49658203125,3209.49658203125,3209.49658203125,3209.49658203125,1856.846435546875,0
2005-09-27,3209.49658203125,3209.49658203125,3209.49658203125,3209.49658203125,1856.846435546875,0
2005-09-28,3209.49658203125,3209.49658203125,3209.49658203125,3209.49658203125,1856.846435546875,0
2005-09-29,4340.11474609375,4686.59423828125,4303.64306640625,4686.59423828125,2711.41796875,10940
2005-09-30,4723.06591796875,4723.06591796875,4467.76513671875,4595.41552734375,2658.66748046875,3893
2005-10-03,4595.41552734375,4595.41552734375,4595.41552734375,4595.41552734375,2658.66748046875,0
2005-10-04,4996.6025390625,4996.6025390625,4522.47265625,4923.65966796875,2848.571044921875,41676
2005-10-05,4558.94384765625,4668.35888671875,4431.29345703125,4522.47265625,2616.465576171875,8691
2005-10-06,4577.1796875,4577.1796875,4449.529296875,4486.0009765625,2595.364990234375,8280
2005-10-07,4449.529296875,4558.94384765625,4449.529296875,4558.94384765625,2637.566650390625,5236
2005-10-10,4595.41552734375,4631.88720703125,4431.29345703125,4467.76513671875,2584.81494140625,4962
2005-10-11,4376.58642578125,4704.830078125,4358.3505859375,4558.94384765625,2637.566650390625,4112
2005-10-12,4704.830078125,4741.3017578125,4540.70849609375,4704.830078125,2721.9677734375,1837
2005-10-13,4467.76513671875,4814.2451171875,4467.76513671875,4631.88720703125,2679.76708984375,4757
2005-10-14,4741.3017578125,4777.7734375,4486.0009765625,4686.59423828125,2711.41796875,7567
2005-10-17,4686.59423828125,4686.59423828125,4686.59423828125,4686.59423828125,2711.41796875,0
2005-10-18,4504.23681640625,4668.35888671875,4504.23681640625,4668.35888671875,2700.867919921875,3153
2005-10-19,4631.88720703125,4741.3017578125,4157.7568359375,4449.529296875,2574.264404296875,8773
2005-10-20,4449.529296875,4741.3017578125,4449.529296875,4741.3017578125,2743.0693359375,9733
2005-10-21,4668.35888671875,4887.18798828125,4540.70849609375,4540.70849609375,2627.015380859375,4798
2005-10-24,4631.88720703125,4631.88720703125,4631.88720703125,4631.88720703125,2679.76708984375,219
2005-10-25,4631.88720703125,5306.61083984375,4522.47265625,4996.6025390625,2890.772216796875,9486
2005-10-26,5288.375,5288.375,5014.83837890625,5069.5458984375,2932.973388671875,4907
2005-10-27,5197.1962890625,5251.9033203125,5033.07421875,5106.01708984375,2954.073974609375,5867
2005-10-28,4960.13134765625,5087.78173828125,4704.830078125,4704.830078125,2721.9677734375,7238
2005-10-31,4595.41552734375,4796.00927734375,4595.41552734375,4796.00927734375,2774.71923828125,2193
2005-11-01,4650.123046875,4796.00927734375,4650.123046875,4777.7734375,2764.169677734375,466
2005-11-02,4650.123046875,4814.2451171875,4650.123046875,4814.2451171875,2785.27001953125,3454
2005-11-03,4686.59423828125,4832.48046875,4686.59423828125,4741.3017578125,2743.0693359375,29968
2005-11-04,4723.06591796875,4814.2451171875,4723.06591796875,4796.00927734375,2774.71923828125,1699
2005-11-07,4741.3017578125,5178.96044921875,4686.59423828125,5178.96044921875,2996.27490234375,411
2005-11-08,5069.5458984375,5178.96044921875,4741.3017578125,4832.48046875,2795.819580078125,31202
2005-11-09,4923.65966796875,5178.96044921875,4923.65966796875,5178.96044921875,2996.27490234375,2358
2005-11-10,4996.6025390625,5106.01708984375,4996.6025390625,5014.83837890625,2901.322509765625,1351
2005-11-11,5361.318359375,5361.318359375,4996.6025390625,5106.01708984375,2954.073974609375,1343
2005-11-14,5106.01708984375,5178.96044921875,5069.5458984375,5069.5458984375,2932.973388671875,1316
2005-11-15,5069.5458984375,5233.66796875,5033.07421875,5033.07421875,2911.872802734375,520
2005-11-16,5033.07421875,5178.96044921875,5033.07421875,5178.96044921875,2996.27490234375,2495
2005-11-17,5106.01708984375,5726.03369140625,5106.01708984375,5197.1962890625,3006.825439453125,2248
2005-11-18,5251.9033203125,5288.375,5251.9033203125,5288.375,3059.57666015625,191
2005-11-21,5215.43212890625,5288.375,5160.724609375,5160.724609375,2985.72509765625,1069
2005-11-22,5033.07421875,5160.724609375,5033.07421875,5160.724609375,2985.72509765625,740
2005-11-23,5178.96044921875,5178.96044921875,5124.2529296875,5124.2529296875,2964.624267578125,0
2005-11-24,4996.6025390625,5124.2529296875,4868.9521484375,4887.18798828125,2827.470947265625,603
2005-11-25,4923.65966796875,5106.01708984375,4923.65966796875,5106.01708984375,2954.073974609375,3728
2005-11-28,5087.78173828125,5160.724609375,4960.13134765625,5142.48876953125,2975.174560546875,1672
2005-11-29,5106.01708984375,5106.01708984375,5106.01708984375,5106.01708984375,2954.073974609375,3372
2005-11-30,4978.36669921875,5087.78173828125,4978.36669921875,5014.83837890625,2901.322509765625,2001
2005-12-01,5014.83837890625,5178.96044921875,5014.83837890625,5142.48876953125,2975.174560546875,5045
2005-12-02,5470.73291015625,5908.3916015625,5470.73291015625,5908.3916015625,3418.2861328125,32581
2005-12-05,6418.9931640625,6783.708984375,6236.63525390625,6783.708984375,3924.69873046875,25433
2005-12-06,7731.96923828125,7731.96923828125,5817.21240234375,6747.2373046875,3903.59765625,30489
2005-12-07,6765.47314453125,7184.89599609375,6017.80615234375,6382.521484375,3692.5927734375,24896
2005-12-08,6036.0419921875,6637.82275390625,5981.33447265625,6273.10693359375,3629.29150390625,13435
2005-12-09,5689.56201171875,6364.28564453125,5689.56201171875,6309.57861328125,3650.391357421875,4469
2005-12-12,6127.220703125,6127.220703125,5798.97705078125,5926.62744140625,3428.836181640625,11790
2005-12-13,6090.7490234375,6200.1640625,5798.97705078125,6090.7490234375,3523.788330078125,7430
2005-12-14,5944.86279296875,6382.521484375,5944.86279296875,6163.6923828125,3565.9892578125,5675
2005-12-15,6017.80615234375,6200.1640625,5944.86279296875,5944.86279296875,3439.38623046875,2168
2005-12-16,5671.326171875,5944.86279296875,5671.326171875,5944.86279296875,3439.38623046875,1508
2005-12-19,6054.27783203125,6054.27783203125,5871.919921875,6036.0419921875,3492.13720703125,1179
2005-12-20,5926.62744140625,5944.86279296875,5689.56201171875,5890.15576171875,3407.736083984375,3920
2005-12-21,5981.33447265625,6017.80615234375,5744.26953125,5981.33447265625,3460.487060546875,795
2005-12-22,5981.33447265625,5981.33447265625,5981.33447265625,5981.33447265625,3460.487060546875,0
2005-12-23,5798.97705078125,6455.46484375,5798.97705078125,6163.6923828125,3565.9892578125,1590
2005-12-26,6163.6923828125,6163.6923828125,6163.6923828125,6163.6923828125,3565.9892578125,0
2005-12-27,5835.4482421875,5999.5703125,5835.4482421875,5999.5703125,3471.03759765625,1343
2005-12-28,5835.4482421875,6200.1640625,5835.4482421875,6200.1640625,3722.879638671875,877
2005-12-29,5853.68408203125,6200.1640625,5580.1474609375,6200.1640625,3722.879638671875,6780
2006-01-02,6437.22900390625,6437.22900390625,6437.22900390625,6437.22900390625,3865.224365234375,191
2006-01-03,5944.86279296875,6181.92822265625,5908.3916015625,5908.3916015625,3547.684326171875,5650
2006-01-04,5908.3916015625,5908.3916015625,5835.4482421875,5835.4482421875,3503.88525390625,3948
2006-01-05,5798.97705078125,5944.86279296875,5762.50537109375,5890.15576171875,3536.734130859375,301
2006-01-06,5689.56201171875,5689.56201171875,5379.55419921875,5598.38330078125,3361.541015625,4252
2006-01-09,5598.38330078125,5616.619140625,5397.78955078125,5598.38330078125,3361.541015625,1837
2006-01-10,5470.73291015625,5598.38330078125,5470.73291015625,5580.1474609375,3350.590576171875,1288
2006-01-11,5634.85498046875,5634.85498046875,5634.85498046875,5634.85498046875,3383.440185546875,27
2006-01-12,5653.0908203125,5653.0908203125,5397.78955078125,5397.78955078125,3241.0947265625,0
2006-01-13,5470.73291015625,5634.85498046875,5397.78955078125,5634.85498046875,3383.440185546875,411
2006-01-16,5634.85498046875,5653.0908203125,5507.20458984375,5653.0908203125,3394.389892578125,987
2006-01-17,5470.73291015625,5780.7412109375,5470.73291015625,5689.56201171875,3416.28857421875,1206
2006-01-18,5306.61083984375,5343.08251953125,5033.07421875,5251.9033203125,3153.497314453125,3399
2006-01-19,5288.375,5470.73291015625,5288.375,5397.78955078125,3241.0947265625,877
2006-01-20,5434.26123046875,5470.73291015625,5215.43212890625,5215.43212890625,3131.59814453125,3537
2006-01-23,4887.18798828125,5215.43212890625,4814.2451171875,5106.01708984375,3065.900390625,4853
2006-01-24,5106.01708984375,5397.78955078125,4923.65966796875,5106.01708984375,3065.900390625,12777
2006-01-25,4741.3017578125,5361.318359375,4741.3017578125,5361.318359375,3219.1953125,987
2006-01-26,5653.0908203125,5653.0908203125,4923.65966796875,5561.91162109375,3339.640869140625,630
2006-01-27,5397.78955078125,5561.91162109375,5397.78955078125,5561.91162109375,3339.640869140625,54
2006-01-31,5470.73291015625,5653.0908203125,5470.73291015625,5653.0908203125,3394.389892578125,932
2006-02-01,5634.85498046875,5634.85498046875,5142.48876953125,5142.48876953125,3087.800048828125,0
2006-02-02,5306.61083984375,5634.85498046875,5215.43212890625,5616.619140625,3372.49072265625,3948
2006-02-03,5470.73291015625,5543.67578125,5470.73291015625,5543.67578125,3328.691162109375,1124
2006-02-06,5178.96044921875,5470.73291015625,5178.96044921875,5470.73291015625,3284.892822265625,137
2006-02-07,5233.66796875,5434.26123046875,5178.96044921875,5178.96044921875,3109.698974609375,219
2006-02-08,5160.724609375,5616.619140625,5106.01708984375,5598.38330078125,3361.541015625,1699
2006-02-09,5634.85498046875,5653.0908203125,5452.4970703125,5452.4970703125,3273.943603515625,1124
2006-02-10,5288.375,5689.56201171875,5288.375,5689.56201171875,3416.28857421875,109
2006-02-13,5488.96875,6017.80615234375,5488.96875,6017.80615234375,3613.38232421875,438
2006-02-14,5598.38330078125,6017.80615234375,5598.38330078125,6017.80615234375,3613.38232421875,54
2006-02-15,5634.85498046875,6017.80615234375,5634.85498046875,5908.3916015625,3547.684326171875,466
2006-02-16,5653.0908203125,5890.15576171875,5653.0908203125,5890.15576171875,3536.734130859375,164
2006-02-17,5871.919921875,5871.919921875,5616.619140625,5616.619140625,3372.49072265625,8225
2006-02-20,5616.619140625,5944.86279296875,5616.619140625,5944.86279296875,3569.584228515625,54
2006-02-21,5835.4482421875,5835.4482421875,5270.13916015625,5270.13916015625,3164.446533203125,0
2006-02-22,5653.0908203125,5963.0986328125,5653.0908203125,5963.0986328125,3580.533447265625,82
2006-02-23,5926.62744140625,5926.62744140625,5397.78955078125,5397.78955078125,3241.0947265625,0
2006-02-24,5890.15576171875,5890.15576171875,5178.96044921875,5178.96044921875,3109.698974609375,0
2006-02-27,5580.1474609375,5580.1474609375,5580.1474609375,5580.1474609375,3350.590576171875,27
2006-02-28,5981.33447265625,5981.33447265625,5944.86279296875,5981.33447265625,3591.483154296875,329
2006-03-02,5981.33447265625,5981.33447265625,5981.33447265625,5981.33447265625,3591.483154296875,82
2006-03-03,5598.38330078125,5908.3916015625,5580.1474609375,5580.1474609375,3350.590576171875,301
2006-03-06,5470.73291015625,5470.73291015625,5434.26123046875,5434.26123046875,3262.993408203125,1727
2006-03-07,5288.375,5598.38330078125,5288.375,5580.1474609375,3350.590576171875,822
2006-03-08,5379.55419921875,5379.55419921875,5361.318359375,5361.318359375,3219.1953125,959
2006-03-09,5543.67578125,6127.220703125,5233.66796875,5434.26123046875,3262.993408203125,6306
2006-03-10,5434.26123046875,5653.0908203125,5397.78955078125,5543.67578125,3328.691162109375,11680
2006-03-13,5525.43994140625,5525.43994140625,5361.318359375,5525.43994140625,3317.741943359375,301
2006-03-14,5488.96875,5488.96875,5397.78955078125,5470.73291015625,3284.892822265625,4332
2006-03-15,5452.4970703125,5580.1474609375,5452.4970703125,5488.96875,3295.8427734375,2933
2006-03-16,5343.08251953125,5525.43994140625,5306.61083984375,5379.55419921875,3230.1455078125,1562
2006-03-17,5416.025390625,5434.26123046875,5416.025390625,5434.26123046875,3262.993408203125,164
2006-03-20,5434.26123046875,5488.96875,5197.1962890625,5470.73291015625,3284.892822265625,603
2006-03-21,5470.73291015625,5470.73291015625,5397.78955078125,5470.73291015625,3284.892822265625,438
2006-03-22,5324.8466796875,5416.025390625,5324.8466796875,5416.025390625,3252.044189453125,301
2006-03-23,5434.26123046875,5434.26123046875,5434.26123046875,5434.26123046875,3262.993408203125,137
2006-03-24,5470.73291015625,5488.96875,5397.78955078125,5488.96875,3295.8427734375,1398
2006-03-27,5397.78955078125,5470.73291015625,5397.78955078125,5452.4970703125,3273.943603515625,301
2006-03-28,5470.73291015625,5470.73291015625,5452.4970703125,5452.4970703125,3273.943603515625,2330
2006-03-29,5488.96875,5488.96875,5434.26123046875,5434.26123046875,3262.993408203125,6169
2006-03-30,5561.91162109375,5561.91162109375,5488.96875,5488.96875,3295.8427734375,411
2006-03-31,5416.025390625,5416.025390625,5416.025390625,5416.025390625,3252.044189453125,137
2006-04-03,5361.318359375,5416.025390625,5160.724609375,5306.61083984375,3186.345947265625,2933
2006-04-04,5343.08251953125,5470.73291015625,5306.61083984375,5397.78955078125,3241.0947265625,1864
2006-04-05,5434.26123046875,5470.73291015625,5379.55419921875,5470.73291015625,3284.892822265625,329
2006-04-06,5580.1474609375,5580.1474609375,5324.8466796875,5416.025390625,3252.044189453125,2604
2006-04-07,5416.025390625,5470.73291015625,5324.8466796875,5470.73291015625,3284.892822265625,3043
2006-04-10,5434.26123046875,5452.4970703125,5397.78955078125,5452.4970703125,3273.943603515625,1370
2006-04-11,5379.55419921875,5452.4970703125,5379.55419921875,5452.4970703125,3273.943603515625,191
2006-04-12,5434.26123046875,5452.4970703125,5416.025390625,5452.4970703125,3273.943603515625,1014
2006-04-13,5452.4970703125,5452.4970703125,5434.26123046875,5434.26123046875,3262.993408203125,712
2006-04-14,5470.73291015625,5507.20458984375,5470.73291015625,5470.73291015625,3284.892822265625,3180
2006-04-17,5543.67578125,5543.67578125,5543.67578125,5543.67578125,3328.691162109375,274
2006-04-18,5434.26123046875,5470.73291015625,5397.78955078125,5452.4970703125,3273.943603515625,1425
2006-04-19,5397.78955078125,5470.73291015625,5397.78955078125,5470.73291015625,3284.892822265625,822
2006-04-20,5306.61083984375,5324.8466796875,4741.3017578125,5324.8466796875,3197.296142578125,22839
2006-04-21,5288.375,5288.375,5069.5458984375,5106.01708984375,3065.900390625,9404
2006-04-24,5215.43212890625,5215.43212890625,5087.78173828125,5124.2529296875,3076.849609375,7622
2006-04-25,5142.48876953125,5160.724609375,5014.83837890625,5069.5458984375,3044.000732421875,3591
2006-04-26,5160.724609375,5160.724609375,4941.8955078125,5014.83837890625,3011.15185546875,6498
2006-04-27,5178.96044921875,5178.96044921875,5033.07421875,5033.07421875,3022.101806640625,1946
2006-04-28,5069.5458984375,5106.01708984375,5033.07421875,5087.78173828125,3054.95068359375,849
2006-05-02,5087.78173828125,5106.01708984375,5087.78173828125,5106.01708984375,3065.900390625,520
2006-05-03,5087.78173828125,5142.48876953125,4996.6025390625,5124.2529296875,3076.849609375,6415
2006-05-04,5106.01708984375,5106.01708984375,4960.13134765625,5051.31005859375,3033.05126953125,1096
2006-05-08,5178.96044921875,5178.96044921875,5178.96044921875,5178.96044921875,3109.698974609375,137
2006-05-09,5124.2529296875,5124.2529296875,5033.07421875,5106.01708984375,3065.900390625,3838
2006-05-10,5124.2529296875,5160.724609375,5069.5458984375,5160.724609375,3098.74951171875,1974
2006-05-11,5160.724609375,5178.96044921875,5069.5458984375,5178.96044921875,3109.698974609375,1370
2006-05-12,5178.96044921875,5178.96044921875,5033.07421875,5142.48876953125,3087.800048828125,3427
2006-05-15,5069.5458984375,5160.724609375,5069.5458984375,5160.724609375,3098.74951171875,1754
2006-05-16,5142.48876953125,5142.48876953125,5033.07421875,5033.07421875,3022.101806640625,0
2006-05-17,5106.01708984375,5106.01708984375,5014.83837890625,5069.5458984375,3044.000732421875,1453
2006-05-18,5069.5458984375,5069.5458984375,5069.5458984375,5069.5458984375,3044.000732421875,0
2006-05-19,5106.01708984375,5106.01708984375,5051.31005859375,5051.31005859375,3033.05126953125,0
2006-05-22,5051.31005859375,5051.31005859375,5051.31005859375,5051.31005859375,3033.05126953125,0
2006-05-23,5069.5458984375,5069.5458984375,5051.31005859375,5051.31005859375,3033.05126953125,0
2006-05-24,4941.8955078125,5033.07421875,4941.8955078125,5033.07421875,3022.101806640625,54
2006-05-25,5051.31005859375,5051.31005859375,5033.07421875,5033.07421875,3022.101806640625,685
2006-05-26,5106.01708984375,5106.01708984375,4941.8955078125,5069.5458984375,3044.000732421875,740
2006-05-29,5069.5458984375,5069.5458984375,5069.5458984375,5069.5458984375,3044.000732421875,0
2006-05-30,4996.6025390625,5106.01708984375,4996.6025390625,5106.01708984375,3065.900390625,219
2006-05-31,5106.01708984375,5106.01708984375,5106.01708984375,5106.01708984375,3065.900390625,137
2006-06-01,5069.5458984375,5069.5458984375,4923.65966796875,4923.65966796875,2956.403564453125,3290
2006-06-02,4814.2451171875,4923.65966796875,4723.06591796875,4923.65966796875,2956.403564453125,1206
2006-06-05,4923.65966796875,4923.65966796875,4850.71630859375,4850.71630859375,2912.605712890625,0
2006-06-07,4868.9521484375,4868.9521484375,4850.71630859375,4850.71630859375,2912.605712890625,0
2006-06-08,4741.3017578125,4868.9521484375,4431.29345703125,4868.9521484375,2923.554931640625,2056
2006-06-09,4868.9521484375,4905.423828125,4868.9521484375,4905.423828125,2945.454345703125,3153
2006-06-12,4814.2451171875,4814.2451171875,4741.3017578125,4741.3017578125,2846.9072265625,3564
2006-06-13,4741.3017578125,4741.3017578125,4723.06591796875,4723.06591796875,2835.95751953125,0
2006-06-14,4741.3017578125,4741.3017578125,4741.3017578125,4741.3017578125,2846.9072265625,27
2006-06-15,4704.830078125,4759.53759765625,4686.59423828125,4686.59423828125,2814.05810546875,822
2006-06-16,4796.00927734375,4796.00927734375,4741.3017578125,4741.3017578125,2846.9072265625,685
2006-06-19,4814.2451171875,5106.01708984375,4814.2451171875,4978.36669921875,2989.252197265625,29063
2006-06-20,4941.8955078125,5106.01708984375,4941.8955078125,5106.01708984375,3065.900390625,7512
2006-06-21,5106.01708984375,5106.01708984375,5069.5458984375,5069.5458984375,3044.000732421875,274
2006-06-22,5178.96044921875,5178.96044921875,5106.01708984375,5106.01708984375,3065.900390625,54892
2006-06-23,5106.01708984375,5106.01708984375,5033.07421875,5033.07421875,3022.101806640625,0
2006-06-26,5160.724609375,5160.724609375,5160.724609375,5160.724609375,3098.74951171875,13709
2006-06-27,4960.13134765625,4960.13134765625,4923.65966796875,4923.65966796875,2956.403564453125,1096
2006-06-28,4978.36669921875,4978.36669921875,4978.36669921875,4978.36669921875,2989.252197265625,137
2006-06-29,4996.6025390625,4996.6025390625,4814.2451171875,4814.2451171875,2890.7060546875,548
2006-06-30,4960.13134765625,5106.01708984375,4960.13134765625,5106.01708984375,3065.900390625,2330
2006-07-03,5106.01708984375,5106.01708984375,4996.6025390625,4996.6025390625,3000.2021484375,0
2006-07-04,4996.6025390625,4996.6025390625,4996.6025390625,4996.6025390625,3000.2021484375,0
2006-07-05,4996.6025390625,4996.6025390625,4996.6025390625,4996.6025390625,3000.2021484375,0
2006-07-06,4996.6025390625,4996.6025390625,4996.6025390625,4996.6025390625,3000.2021484375,0
2006-07-07,4996.6025390625,4996.6025390625,4996.6025390625,4996.6025390625,3000.2021484375,0
2006-07-10,4996.6025390625,4996.6025390625,4996.6025390625,4996.6025390625,3000.2021484375,0
2006-07-11,4996.6025390625,4996.6025390625,4996.6025390625,4996.6025390625,3000.2021484375,0
2006-07-12,4996.6025390625,4996.6025390625,4996.6025390625,4996.6025390625,3000.2021484375,0
2006-07-13,4996.6025390625,4996.6025390625,4996.6025390625,4996.6025390625,3000.2021484375,0
2006-07-14,4996.6025390625,4996.6025390625,4996.6025390625,4996.6025390625,3000.2021484375,0
2006-07-18,4996.6025390625,4996.6025390625,4996.6025390625,4996.6025390625,3000.2021484375,0
2006-07-19,4996.6025390625,4996.6025390625,4996.6025390625,4996.6025390625,3000.2021484375,0
2006-07-20,4996.6025390625,4996.6025390625,4996.6025390625,4996.6025390625,3000.2021484375,0
2006-07-21,5324.8466796875,5324.8466796875,5324.8466796875,5324.8466796875,3197.296142578125,137
2006-07-24,5270.13916015625,5270.13916015625,5251.9033203125,5251.9033203125,3153.497314453125,0
2006-07-25,5251.9033203125,5288.375,5251.9033203125,5288.375,3175.39697265625,164
2006-07-26,5288.375,5288.375,5215.43212890625,5215.43212890625,3131.59814453125,0
2006-07-27,5215.43212890625,5215.43212890625,5215.43212890625,5215.43212890625,3131.59814453125,0
2006-07-28,5215.43212890625,5288.375,5215.43212890625,5288.375,3175.39697265625,191
2006-07-31,5178.96044921875,5470.73291015625,5178.96044921875,5397.78955078125,3241.0947265625,685
2006-08-01,5580.1474609375,5598.38330078125,5324.8466796875,5324.8466796875,3197.296142578125,411
2006-08-02,5215.43212890625,5215.43212890625,5142.48876953125,5142.48876953125,3087.800048828125,493
2006-08-03,5142.48876953125,5197.1962890625,5142.48876953125,5197.1962890625,3120.6484375,3838
2006-08-04,5233.66796875,5233.66796875,5142.48876953125,5142.48876953125,3087.800048828125,0
2006-08-07,5197.1962890625,5197.1962890625,5197.1962890625,5197.1962890625,3120.6484375,5483
2006-08-08,4887.18798828125,5051.31005859375,4887.18798828125,4996.6025390625,3000.2021484375,10446
2006-08-09,5033.07421875,5106.01708984375,5033.07421875,5106.01708984375,3065.900390625,246
2006-08-10,5033.07421875,5106.01708984375,5014.83837890625,5087.78173828125,3054.95068359375,1535
2006-08-11,5033.07421875,5142.48876953125,5033.07421875,5142.48876953125,3087.800048828125,575
2006-08-14,5251.9033203125,5251.9033203125,5215.43212890625,5215.43212890625,3131.59814453125,685
2006-08-16,5014.83837890625,5106.01708984375,5014.83837890625,5087.78173828125,3054.95068359375,575
2006-08-17,5069.5458984375,5142.48876953125,5069.5458984375,5142.48876953125,3087.800048828125,411
2006-08-18,5106.01708984375,5106.01708984375,5106.01708984375,5106.01708984375,3065.900390625,137
2006-08-21,5106.01708984375,5106.01708984375,5106.01708984375,5106.01708984375,3065.900390625,0
2006-08-22,5106.01708984375,5106.01708984375,5106.01708984375,5106.01708984375,3065.900390625,0
2006-08-23,5106.01708984375,5142.48876953125,5106.01708984375,5142.48876953125,3087.800048828125,301
2006-08-24,5178.96044921875,5215.43212890625,5106.01708984375,5106.01708984375,3065.900390625,712
2006-08-25,4960.13134765625,5160.724609375,4960.13134765625,5160.724609375,3098.74951171875,1343
2006-08-28,5106.01708984375,5106.01708984375,4996.6025390625,5033.07421875,3022.101806640625,1425
2006-08-29,5033.07421875,5142.48876953125,5033.07421875,5142.48876953125,3087.800048828125,1645
2006-08-30,5069.5458984375,5306.61083984375,5069.5458984375,5233.66796875,3142.548095703125,1096
2006-08-31,5142.48876953125,5160.724609375,5124.2529296875,5124.2529296875,3076.849609375,1096
2006-09-01,5343.08251953125,5343.08251953125,5288.375,5288.375,3175.39697265625,548
2006-09-04,5270.13916015625,5270.13916015625,5160.724609375,5160.724609375,3098.74951171875,0
2006-09-05,5251.9033203125,5251.9033203125,5142.48876953125,5142.48876953125,3087.800048828125,0
2006-09-06,5251.9033203125,5251.9033203125,5142.48876953125,5142.48876953125,3087.800048828125,0
2006-09-07,5270.13916015625,5270.13916015625,5142.48876953125,5142.48876953125,3087.800048828125,0
2006-09-08,5288.375,5288.375,5288.375,5288.375,3175.39697265625,27
2006-09-11,5270.13916015625,5270.13916015625,5160.724609375,5160.724609375,3098.74951171875,1041
2006-09-12,5069.5458984375,5069.5458984375,5069.5458984375,5069.5458984375,3044.000732421875,274
2006-09-13,5142.48876953125,5142.48876953125,5142.48876953125,5142.48876953125,3087.800048828125,27
2006-09-14,5106.01708984375,5178.96044921875,5106.01708984375,5178.96044921875,3109.698974609375,54
2006-09-15,5215.43212890625,5215.43212890625,5215.43212890625,5215.43212890625,3131.59814453125,27
2006-09-18,5251.9033203125,5251.9033203125,5251.9033203125,5251.9033203125,3153.497314453125,27
2006-09-19,5324.8466796875,5416.025390625,5197.1962890625,5288.375,3175.39697265625,1316
2006-09-20,5251.9033203125,5251.9033203125,5233.66796875,5251.9033203125,3153.497314453125,548
2006-09-21,5215.43212890625,5324.8466796875,5215.43212890625,5324.8466796875,3197.296142578125,191
2006-09-22,5306.61083984375,5324.8466796875,5306.61083984375,5324.8466796875,3197.296142578125,4716
2006-09-25,5361.318359375,5361.318359375,5361.318359375,5361.318359375,3219.1953125,27
2006-09-26,5306.61083984375,5324.8466796875,5251.9033203125,5324.8466796875,3197.296142578125,1124
2006-09-27,5324.8466796875,5324.8466796875,5288.375,5324.8466796875,3197.296142578125,329
2006-09-28,5306.61083984375,5306.61083984375,5251.9033203125,5251.9033203125,3153.497314453125,0
2006-09-29,5324.8466796875,5434.26123046875,5270.13916015625,5434.26123046875,3262.993408203125,1782
2006-10-02,5397.78955078125,5507.20458984375,5397.78955078125,5507.20458984375,3306.792236328125,164
2006-10-04,5580.1474609375,5580.1474609375,5452.4970703125,5580.1474609375,3350.590576171875,1151
2006-10-09,5580.1474609375,5580.1474609375,5397.78955078125,5452.4970703125,3273.943603515625,493
2006-10-10,5416.025390625,5525.43994140625,5416.025390625,5525.43994140625,3317.741943359375,822
2006-10-11,5525.43994140625,5525.43994140625,5397.78955078125,5397.78955078125,3241.0947265625,0
2006-10-12,5361.318359375,6346.05029296875,5361.318359375,5543.67578125,3328.691162109375,849
2006-10-13,5470.73291015625,5470.73291015625,5397.78955078125,5397.78955078125,3241.0947265625,0
2006-10-16,5525.43994140625,5634.85498046875,5525.43994140625,5634.85498046875,3383.440185546875,383
2006-10-17,5689.56201171875,5689.56201171875,5689.56201171875,5689.56201171875,3416.28857421875,27
2006-10-18,5616.619140625,5780.7412109375,5616.619140625,5780.7412109375,3471.03759765625,164
2006-10-19,5835.4482421875,5835.4482421875,5835.4482421875,5835.4482421875,3503.88525390625,35
2006-10-20,5561.91162109375,5726.03369140625,5561.91162109375,5726.03369140625,3438.188232421875,246
2006-10-23,5707.7978515625,5707.7978515625,5580.1474609375,5580.1474609375,3350.590576171875,0
2006-10-24,5762.50537109375,5762.50537109375,5762.50537109375,5762.50537109375,3460.0869140625,27
2006-10-25,5616.619140625,5780.7412109375,5616.619140625,5780.7412109375,3471.03759765625,301
2006-10-26,5762.50537109375,5762.50537109375,5598.38330078125,5598.38330078125,3361.541015625,0
2006-10-27,5671.326171875,5835.4482421875,5671.326171875,5762.50537109375,3460.0869140625,849
2006-10-30,5653.0908203125,5653.0908203125,5488.96875,5634.85498046875,3383.440185546875,356
2006-10-31,5689.56201171875,5689.56201171875,5689.56201171875,5689.56201171875,3416.28857421875,27
2006-11-01,5726.03369140625,5726.03369140625,5726.03369140625,5726.03369140625,3438.188232421875,27
2006-11-02,5726.03369140625,5726.03369140625,5616.619140625,5616.619140625,3372.49072265625,0
2006-11-03,5616.619140625,5653.0908203125,5543.67578125,5653.0908203125,3394.389892578125,849
2006-11-06,5580.1474609375,5671.326171875,5580.1474609375,5671.326171875,3405.339599609375,54
2006-11-07,5543.67578125,5726.03369140625,5543.67578125,5726.03369140625,3438.188232421875,438
2006-11-08,5653.0908203125,5726.03369140625,5653.0908203125,5726.03369140625,3438.188232421875,301
2006-11-09,5726.03369140625,5726.03369140625,5634.85498046875,5634.85498046875,3383.440185546875,0
2006-11-10,5653.0908203125,5653.0908203125,5324.8466796875,5470.73291015625,3284.892822265625,2632
2006-11-13,5543.67578125,5726.03369140625,5543.67578125,5726.03369140625,3438.188232421875,493
2006-11-14,5580.1474609375,5616.619140625,5543.67578125,5616.619140625,3372.49072265625,1058
2006-11-15,5543.67578125,5543.67578125,5470.73291015625,5470.73291015625,3284.892822265625,630
2006-11-16,5470.73291015625,6145.45654296875,5470.73291015625,5707.7978515625,3427.238525390625,493
2006-11-17,5616.619140625,5726.03369140625,5580.1474609375,5726.03369140625,3438.188232421875,1041
2006-11-20,5744.26953125,5744.26953125,5726.03369140625,5726.03369140625,3438.188232421875,1124
2006-11-21,5616.619140625,5689.56201171875,5580.1474609375,5689.56201171875,3416.28857421875,438
2006-11-22,5689.56201171875,5744.26953125,5561.91162109375,5653.0908203125,3394.389892578125,383
2006-11-23,5744.26953125,5744.26953125,5653.0908203125,5726.03369140625,3438.188232421875,630
2006-11-24,5726.03369140625,5726.03369140625,5598.38330078125,5726.03369140625,3438.188232421875,301
2006-11-27,5634.85498046875,5634.85498046875,5598.38330078125,5598.38330078125,3361.541015625,548
2006-11-28,5634.85498046875,5653.0908203125,5634.85498046875,5653.0908203125,3394.389892578125,82
2006-11-29,5561.91162109375,5561.91162109375,5434.26123046875,5561.91162109375,3339.640869140625,411
2006-11-30,5488.96875,5561.91162109375,5488.96875,5561.91162109375,3339.640869140625,329
2006-12-01,5616.619140625,5616.619140625,5616.619140625,5616.619140625,3372.49072265625,27
2006-12-04,5616.619140625,5616.619140625,5616.619140625,5616.619140625,3372.49072265625,0
2006-12-05,5543.67578125,5634.85498046875,5543.67578125,5634.85498046875,3383.440185546875,54
2006-12-06,5616.619140625,5616.619140625,5324.8466796875,5361.318359375,3219.1953125,987
2006-12-07,5397.78955078125,5434.26123046875,5343.08251953125,5434.26123046875,3262.993408203125,795
2006-12-08,5434.26123046875,5434.26123046875,5270.13916015625,5270.13916015625,3164.446533203125,548
2006-12-11,5306.61083984375,5416.025390625,5306.61083984375,5343.08251953125,3208.244873046875,329
2006-12-12,5343.08251953125,5343.08251953125,5270.13916015625,5270.13916015625,3164.446533203125,1508
2006-12-13,5324.8466796875,5397.78955078125,5324.8466796875,5397.78955078125,3241.0947265625,274
2006-12-14,5361.318359375,5416.025390625,5361.318359375,5416.025390625,3252.044189453125,101
2006-12-15,5416.025390625,5416.025390625,5416.025390625,5416.025390625,3252.044189453125,0
2006-12-18,5507.20458984375,5726.03369140625,5507.20458984375,5634.85498046875,3383.440185546875,1343
2006-12-19,5616.619140625,5671.326171875,5434.26123046875,5671.326171875,3405.339599609375,2440
2006-12-20,5561.91162109375,5653.0908203125,5561.91162109375,5653.0908203125,3394.389892578125,1343
2006-12-21,5726.03369140625,5726.03369140625,5726.03369140625,5726.03369140625,3438.188232421875,27
2006-12-22,5616.619140625,5616.619140625,5470.73291015625,5616.619140625,3372.49072265625,987
2006-12-26,5343.08251953125,5580.1474609375,5343.08251953125,5580.1474609375,3350.590576171875,2385
2006-12-27,5470.73291015625,5543.67578125,5470.73291015625,5543.67578125,3406.620849609375,164
2006-12-28,5525.43994140625,5525.43994140625,5416.025390625,5416.025390625,3328.17919921875,0
2007-01-02,5507.20458984375,5507.20458984375,5416.025390625,5416.025390625,3328.17919921875,0
2007-01-03,5343.08251953125,5470.73291015625,5343.08251953125,5470.73291015625,3361.79638671875,438
2007-01-04,5434.26123046875,5434.26123046875,5306.61083984375,5306.61083984375,3260.942626953125,0
2007-01-05,5397.78955078125,5397.78955078125,5270.13916015625,5270.13916015625,3238.531005859375,0
2007-01-08,5361.318359375,5361.318359375,5233.66796875,5233.66796875,3216.119140625,0
2007-01-09,5288.375,5671.326171875,5215.43212890625,5434.26123046875,3339.385009765625,658
2007-01-10,5324.8466796875,5397.78955078125,5270.13916015625,5397.78955078125,3316.97314453125,219
2007-01-11,5288.375,5397.78955078125,5288.375,5397.78955078125,3316.97314453125,658
2007-01-12,5416.025390625,5416.025390625,5306.61083984375,5416.025390625,3328.17919921875,4304
2007-01-15,5416.025390625,5416.025390625,5324.8466796875,5324.8466796875,3272.149169921875,0
2007-01-16,5324.8466796875,5416.025390625,5251.9033203125,5416.025390625,3328.17919921875,932
2007-01-17,5324.8466796875,5470.73291015625,5288.375,5470.73291015625,3361.79638671875,1151
2007-01-18,5543.67578125,5543.67578125,5543.67578125,5543.67578125,3406.620849609375,27
2007-01-19,5361.318359375,5470.73291015625,5361.318359375,5470.73291015625,3361.79638671875,685
2007-01-22,5470.73291015625,5470.73291015625,5470.73291015625,5470.73291015625,3361.79638671875,0
2007-01-23,5397.78955078125,5397.78955078125,5397.78955078125,5397.78955078125,3316.97314453125,27
2007-01-24,5434.26123046875,5434.26123046875,5434.26123046875,5434.26123046875,3339.385009765625,27
2007-01-25,5470.73291015625,5470.73291015625,5470.73291015625,5470.73291015625,3361.79638671875,54
2007-01-26,5470.73291015625,5470.73291015625,5379.55419921875,5379.55419921875,3305.76708984375,0
2007-01-29,5361.318359375,5361.318359375,5343.08251953125,5343.08251953125,3283.355224609375,0
2007-01-30,5397.78955078125,5397.78955078125,5397.78955078125,5397.78955078125,3316.97314453125,27
2007-01-31,5416.025390625,5416.025390625,5416.025390625,5416.025390625,3328.17919921875,27446
2007-02-01,5434.26123046875,5434.26123046875,5434.26123046875,5434.26123046875,3339.385009765625,27
2007-02-02,5470.73291015625,5470.73291015625,5470.73291015625,5470.73291015625,3361.79638671875,27
2007-02-05,5361.318359375,5434.26123046875,5361.318359375,5434.26123046875,3339.385009765625,301
2007-02-06,5324.8466796875,5324.8466796875,5251.9033203125,5251.9033203125,3227.3251953125,11543
2007-02-07,5361.318359375,5361.318359375,5361.318359375,5361.318359375,3294.56103515625,54
2007-02-08,5397.78955078125,5397.78955078125,5397.78955078125,5397.78955078125,3316.97314453125,27
2007-02-09,5434.26123046875,5434.26123046875,5434.26123046875,5434.26123046875,3339.385009765625,27
2007-02-12,5343.08251953125,5470.73291015625,5324.8466796875,5470.73291015625,3361.79638671875,109
2007-02-13,5470.73291015625,5470.73291015625,5470.73291015625,5470.73291015625,3361.79638671875,0
2007-02-14,5488.96875,5488.96875,5488.96875,5488.96875,3373.003173828125,27
2007-02-15,5470.73291015625,5470.73291015625,5470.73291015625,5470.73291015625,3361.79638671875,548
2007-02-16,5434.26123046875,5470.73291015625,5434.26123046875,5470.73291015625,3361.79638671875,383
2007-02-20,5397.78955078125,5397.78955078125,5397.78955078125,5397.78955078125,3316.97314453125,137
2007-02-21,5397.78955078125,5397.78955078125,5397.78955078125,5397.78955078125,3316.97314453125,0
2007-02-22,5379.55419921875,5488.96875,5361.318359375,5488.96875,3373.003173828125,548
2007-02-23,5452.4970703125,5452.4970703125,5361.318359375,5361.318359375,3294.56103515625,0
2007-02-26,5470.73291015625,5470.73291015625,5470.73291015625,5470.73291015625,3361.79638671875,7891
2007-02-27,5470.73291015625,5470.73291015625,5470.73291015625,5470.73291015625,3361.79638671875,27
2007-02-28,5324.8466796875,5324.8466796875,5324.8466796875,5324.8466796875,3272.149169921875,191
2007-03-01,5324.8466796875,5324.8466796875,5324.8466796875,5324.8466796875,3272.149169921875,0
2007-03-05,5397.78955078125,5397.78955078125,5306.61083984375,5306.61083984375,3260.942626953125,0
2007-03-06,5416.025390625,5416.025390625,5416.025390625,5416.025390625,3328.17919921875,137
2007-03-07,5288.375,5324.8466796875,5215.43212890625,5324.8466796875,3272.149169921875,7403
2007-03-08,5343.08251953125,5343.08251953125,5343.08251953125,5343.08251953125,3283.355224609375,3646
2007-03-09,5324.8466796875,5416.025390625,5324.8466796875,5416.025390625,3328.17919921875,4414
2007-03-12,5434.26123046875,5470.73291015625,5434.26123046875,5470.73291015625,3361.79638671875,3207
2007-03-13,5397.78955078125,6291.3427734375,5397.78955078125,6291.3427734375,3866.06640625,13380
2007-03-14,6200.1640625,6564.87939453125,5580.1474609375,6273.10693359375,3854.860107421875,18534
2007-03-15,6364.28564453125,6382.521484375,5981.33447265625,6108.98486328125,3754.006103515625,2714
2007-03-16,5908.3916015625,5908.3916015625,5653.0908203125,5908.3916015625,3630.740478515625,2220
2007-03-19,5798.97705078125,5908.3916015625,5798.97705078125,5908.3916015625,3630.740478515625,246
2007-03-20,5835.4482421875,6090.7490234375,5835.4482421875,5944.86279296875,3653.15283203125,2275
2007-03-21,6346.05029296875,6346.05029296875,5926.62744140625,6054.27783203125,3720.38916015625,1891
2007-03-22,5871.919921875,6364.28564453125,5871.919921875,6072.513671875,3731.59521484375,1288
2007-03-23,5890.15576171875,5999.5703125,5890.15576171875,5999.5703125,3686.771484375,274
2007-03-26,6181.92822265625,6273.10693359375,5981.33447265625,5999.5703125,3686.771484375,6607
2007-03-27,6072.513671875,6163.6923828125,6017.80615234375,6090.7490234375,3742.801513671875,2851
2007-03-28,6273.10693359375,6309.57861328125,6036.0419921875,6273.10693359375,3854.860107421875,4469
2007-03-29,6054.27783203125,6218.39990234375,6017.80615234375,6127.220703125,3765.21240234375,5072
2007-03-30,6145.45654296875,6309.57861328125,6145.45654296875,6273.10693359375,3854.860107421875,438
2007-04-02,6273.10693359375,7148.42431640625,6145.45654296875,6291.3427734375,3866.06640625,2138
2007-04-03,6346.05029296875,6747.2373046875,6346.05029296875,6418.9931640625,3944.5078125,1316
2007-04-04,6400.75732421875,6729.00146484375,6382.521484375,6729.00146484375,4135.0107421875,795
2007-04-05,6510.171875,6637.82275390625,6491.9365234375,6637.82275390625,4078.98095703125,219
2007-04-06,6491.9365234375,6564.87939453125,6382.521484375,6382.521484375,3922.096923828125,1425
2007-04-09,6218.39990234375,6364.28564453125,6200.1640625,6364.28564453125,3910.890625,548
2007-04-10,6364.28564453125,6437.22900390625,6309.57861328125,6346.05029296875,3899.68505859375,1919
2007-04-11,6346.05029296875,6692.52978515625,6346.05029296875,6528.40771484375,4011.743896484375,767
2007-04-12,6546.6435546875,6546.6435546875,6528.40771484375,6528.40771484375,4011.743896484375,219
2007-04-13,6437.22900390625,6564.87939453125,6437.22900390625,6564.87939453125,4034.15673828125,274
2007-04-16,6583.115234375,6583.115234375,6583.115234375,6583.115234375,4045.362060546875,27
2007-04-17,6583.115234375,6583.115234375,6583.115234375,6583.115234375,4045.362060546875,0
2007-04-18,7239.60302734375,7239.60302734375,6801.9443359375,7002.5380859375,4303.10009765625,1316
2007-04-19,6893.12353515625,6947.83056640625,6783.708984375,6947.83056640625,4269.48193359375,630
2007-04-20,6838.416015625,7020.77392578125,6838.416015625,7020.77392578125,4314.30615234375,82
2007-04-23,6820.18017578125,6838.416015625,6783.708984375,6783.708984375,4168.62890625,603
2007-04-24,6820.18017578125,6820.18017578125,6674.2939453125,6674.2939453125,4101.39208984375,82
2007-04-25,6546.6435546875,7294.310546875,6528.40771484375,7294.310546875,4482.39599609375,1480
2007-04-26,7039.009765625,7203.1318359375,7039.009765625,7203.1318359375,4426.3671875,274
2007-04-27,7002.5380859375,7002.5380859375,6801.9443359375,6947.83056640625,4269.48193359375,658
2007-04-30,6947.83056640625,6947.83056640625,6893.12353515625,6929.5947265625,4258.2763671875,329
2007-05-02,7093.716796875,7093.716796875,6765.47314453125,6947.83056640625,4269.48193359375,658
2007-05-03,7002.5380859375,7312.54638671875,7002.5380859375,7294.310546875,4482.39599609375,4551
2007-05-04,7239.60302734375,7494.90380859375,7057.24560546875,7294.310546875,4482.39599609375,1316
2007-05-07,7075.48095703125,7221.3671875,7057.24560546875,7221.3671875,4437.572265625,329
2007-05-08,7039.009765625,7804.912109375,6929.5947265625,6929.5947265625,4258.2763671875,36357
2007-05-09,6929.5947265625,7057.24560546875,6929.5947265625,7057.24560546875,4336.71826171875,1782
2007-05-10,7039.009765625,7093.716796875,7039.009765625,7093.716796875,4359.13037109375,548
2007-05-11,6966.06640625,7111.95263671875,6966.06640625,7111.95263671875,4370.33642578125,219
2007-05-14,7130.1884765625,7130.1884765625,7111.95263671875,7111.95263671875,4370.33642578125,0
2007-05-15,7020.77392578125,7057.24560546875,6893.12353515625,6929.5947265625,4258.2763671875,4085
2007-05-16,6801.9443359375,6874.8876953125,6765.47314453125,6765.47314453125,4157.421875,274
2007-05-17,6783.708984375,7184.89599609375,6783.708984375,6856.65185546875,4213.45263671875,1233
2007-05-18,6801.9443359375,7111.95263671875,6801.9443359375,7111.95263671875,4370.33642578125,520
2007-05-21,6929.5947265625,7604.31884765625,6893.12353515625,7276.07470703125,4471.189453125,2056
2007-05-22,7002.5380859375,7257.8388671875,7002.5380859375,7257.8388671875,4459.98388671875,438
2007-05-23,6984.30224609375,7367.25341796875,6984.30224609375,7166.66015625,4403.95458984375,575
2007-05-25,7166.66015625,7367.25341796875,7166.66015625,7294.310546875,4482.39599609375,548
2007-05-28,7367.25341796875,7421.9609375,7203.1318359375,7367.25341796875,4527.22021484375,575
2007-05-29,7367.25341796875,7841.3837890625,7221.3671875,7804.912109375,4796.1630859375,10501
2007-05-30,7877.85546875,7877.85546875,7294.310546875,7531.37548828125,4628.07373046875,1124
2007-05-31,7659.02587890625,8333.75,7421.9609375,7549.611328125,4639.2802734375,658
2007-06-01,7549.611328125,7549.611328125,7549.611328125,7549.611328125,4639.2802734375,0
2007-06-04,7385.4892578125,7385.4892578125,7002.5380859375,7111.95263671875,4370.33642578125,1699
2007-06-05,7075.48095703125,7239.60302734375,7075.48095703125,7239.60302734375,4448.77783203125,164
2007-06-07,7111.95263671875,7312.54638671875,6254.87109375,6838.416015625,4202.24609375,4277
2007-06-08,6838.416015625,7166.66015625,6838.416015625,7166.66015625,4403.95458984375,5593
2007-06-11,6984.30224609375,7148.42431640625,6984.30224609375,7148.42431640625,4392.74853515625,1124
2007-06-12,7294.310546875,7458.4326171875,7257.8388671875,7458.4326171875,4583.25048828125,10202
2007-06-13,7367.25341796875,7476.66845703125,7330.7822265625,7476.66845703125,4594.45654296875,551
2007-06-14,7458.4326171875,7659.02587890625,7385.4892578125,7659.02587890625,4706.51513671875,2056
2007-06-15,7659.02587890625,7877.85546875,7659.02587890625,7659.02587890625,4706.51513671875,1809
2007-06-18,7659.02587890625,7823.14794921875,7659.02587890625,7823.14794921875,4807.36962890625,466
2007-06-19,7786.67626953125,7841.3837890625,7713.7333984375,7713.7333984375,4740.1337890625,383
2007-06-20,7713.7333984375,7713.7333984375,7713.7333984375,7713.7333984375,4740.1337890625,0
2007-06-21,7841.3837890625,8133.15625,7841.3837890625,8133.15625,4997.87158203125,877
2007-06-22,8060.212890625,9263.7744140625,8060.212890625,8972.001953125,5513.3466796875,18205
2007-06-25,8607.2861328125,9829.0830078125,8607.2861328125,8826.115234375,5423.7001953125,3427
2007-06-26,8643.7578125,8789.64453125,8643.7578125,8789.64453125,5401.28857421875,5401
2007-06-27,8643.7578125,8680.2294921875,8643.7578125,8680.2294921875,5334.05126953125,6059
2007-06-28,8661.994140625,8826.115234375,8424.9287109375,8826.115234375,5423.7001953125,849
2007-06-29,8826.115234375,8826.115234375,8826.115234375,8826.115234375,5423.7001953125,0
2007-07-02,9190.8310546875,9190.8310546875,9117.8876953125,9117.8876953125,5602.994140625,191
2007-07-03,8789.64453125,10430.8642578125,8753.1728515625,9737.904296875,5984.0,904
2007-07-04,9245.5380859375,10795.5791015625,9044.9453125,9792.611328125,6017.6171875,2111
2007-07-05,9810.84765625,10029.6767578125,9810.84765625,10011.44140625,6152.0888671875,356
2007-07-06,10576.75,10576.75,9464.3681640625,9737.904296875,5984.0,1096
2007-07-09,9519.0751953125,9519.0751953125,9409.66015625,9409.66015625,5782.291015625,246
2007-07-10,9409.66015625,9409.66015625,9209.0673828125,9209.0673828125,5659.025390625,0
2007-07-11,9063.1806640625,9482.603515625,9063.1806640625,9482.603515625,5827.11474609375,329
2007-07-12,9482.603515625,9482.603515625,9482.603515625,9482.603515625,5827.11474609375,0
2007-07-13,9409.66015625,9482.603515625,9300.24609375,9482.603515625,5827.11474609375,383
2007-07-16,9354.953125,9628.490234375,9354.953125,9592.0185546875,5894.35205078125,246
2007-07-18,9446.1318359375,9664.9609375,9300.24609375,9664.9609375,5939.1748046875,1686
2007-07-19,9628.490234375,9664.9609375,9628.490234375,9664.9609375,5939.1748046875,301
2007-07-20,9701.4326171875,9701.4326171875,9537.310546875,9683.197265625,5950.38134765625,603
2007-07-23,9354.953125,9592.0185546875,9354.953125,9592.0185546875,5894.35205078125,164
2007-07-24,9482.603515625,9555.546875,9446.1318359375,9555.546875,5871.93896484375,2385
2007-07-25,9573.7822265625,9573.7822265625,9573.7822265625,9573.7822265625,5883.1455078125,137
2007-07-26,9701.4326171875,9701.4326171875,9701.4326171875,9701.4326171875,5961.58642578125,27
2007-07-27,9555.546875,9555.546875,9409.66015625,9409.66015625,5782.291015625,191
2007-07-30,9464.3681640625,9464.3681640625,9227.302734375,9227.302734375,5670.23193359375,164
2007-07-31,9446.1318359375,9446.1318359375,9227.302734375,9227.302734375,5670.23193359375,0
2007-08-01,9154.359375,9209.0673828125,9081.4169921875,9209.0673828125,5659.025390625,466
2007-08-02,9209.0673828125,9209.0673828125,9209.0673828125,9209.0673828125,5659.025390625,0
2007-08-03,9172.595703125,9172.595703125,8935.5302734375,9099.65234375,5591.78955078125,274
2007-08-06,8972.001953125,9136.1240234375,8972.001953125,9136.1240234375,5614.2001953125,82
2007-08-07,9117.8876953125,9373.1884765625,9117.8876953125,9373.1884765625,5759.8779296875,740
2007-08-08,9190.8310546875,9373.1884765625,9190.8310546875,9373.1884765625,5759.8779296875,4030
2007-08-09,9318.4814453125,9373.1884765625,9318.4814453125,9373.1884765625,5759.8779296875,54
2007-08-10,9664.9609375,9664.9609375,8023.74169921875,9154.359375,5625.4072265625,2083
2007-08-13,9154.359375,9154.359375,8880.8232421875,8972.001953125,5513.3466796875,6251
2007-08-14,8972.001953125,9227.302734375,8972.001953125,9227.302734375,5670.23193359375,466
2007-08-16,9026.708984375,9026.708984375,8734.9365234375,8935.5302734375,5490.935546875,1727
2007-08-17,8406.6923828125,8698.46484375,8406.6923828125,8607.2861328125,5289.2275390625,603
2007-08-20,8589.05078125,9519.0751953125,8589.05078125,9482.603515625,5827.11474609375,20070
2007-08-21,9300.24609375,9482.603515625,9300.24609375,9482.603515625,5827.11474609375,548
2007-08-22,9373.1884765625,9628.490234375,9373.1884765625,9628.490234375,5916.763671875,685
2007-08-23,9737.904296875,9774.3759765625,9391.4248046875,9774.3759765625,6006.41064453125,1151
2007-08-24,9664.9609375,9956.7333984375,9664.9609375,9774.3759765625,6006.41064453125,1370
2007-08-27,9774.3759765625,9883.791015625,9737.904296875,9883.791015625,6073.64697265625,1050
2007-08-28,9883.791015625,9883.791015625,9883.791015625,9883.791015625,6073.64697265625,0
2007-08-29,9500.83984375,9847.3193359375,9500.83984375,9847.3193359375,6051.23486328125,745
2007-08-30,9865.5546875,9993.205078125,9865.5546875,9993.205078125,6140.8818359375,356
2007-08-31,10102.6201171875,10102.6201171875,10084.3837890625,10102.6201171875,6208.1181640625,1233
2007-09-03,10102.6201171875,10102.6201171875,10102.6201171875,10102.6201171875,6208.1181640625,0
2007-09-04,9829.0830078125,10011.44140625,9829.0830078125,10011.44140625,6152.0888671875,630
2007-09-05,9774.3759765625,9938.498046875,9664.9609375,9938.498046875,6107.26416015625,575
2007-09-06,9829.0830078125,9920.2626953125,9829.0830078125,9920.2626953125,6096.06005859375,137
2007-09-07,10977.9375,10977.9375,9683.197265625,9956.7333984375,6118.4697265625,1370
2007-09-10,9956.7333984375,9956.7333984375,9956.7333984375,9956.7333984375,6118.4697265625,0
2007-09-11,10029.6767578125,10029.6767578125,10029.6767578125,10029.6767578125,6163.294921875,191
2007-09-12,10029.6767578125,10029.6767578125,10029.6767578125,10029.6767578125,6163.294921875,0
2007-09-13,10102.6201171875,10102.6201171875,9519.0751953125,10011.44140625,6152.0888671875,1151
2007-09-14,9610.25390625,10029.6767578125,9610.25390625,9883.791015625,6073.64697265625,493
2007-09-17,10613.2216796875,10613.2216796875,10212.0341796875,10212.0341796875,6275.3544921875,548
2007-09-18,10613.2216796875,10613.2216796875,10248.505859375,10376.15625,6376.20751953125,1124
2007-09-19,10284.9775390625,10576.75,10266.7421875,10540.2783203125,6477.06201171875,1672
2007-09-20,10631.45703125,10631.45703125,10376.15625,10522.04296875,6465.857421875,329
2007-09-21,10394.392578125,10485.5712890625,9956.7333984375,10485.5712890625,6443.4443359375,1672
2007-09-27,10212.0341796875,12053.84765625,10212.0341796875,10613.2216796875,6521.88525390625,6388
2007-09-28,10613.2216796875,10631.45703125,10558.5146484375,10558.5146484375,6488.26904296875,685
2007-10-01,10540.2783203125,10576.75,10321.44921875,10576.75,6499.47412109375,4414
2007-10-02,10576.75,10613.2216796875,10576.75,10613.2216796875,6521.88525390625,877
2007-10-04,10613.2216796875,10613.2216796875,10613.2216796875,10613.2216796875,6521.88525390625,0
2007-10-05,10339.685546875,10412.6279296875,10248.505859375,10376.15625,6376.20751953125,2138
2007-10-08,10376.15625,10376.15625,10376.15625,10376.15625,6376.20751953125,0
2007-10-09,10376.15625,10686.1650390625,10120.85546875,10686.1650390625,6566.71044921875,20372
2007-10-10,10686.1650390625,10686.1650390625,10686.1650390625,10686.1650390625,6566.71044921875,0
2007-10-11,10576.75,10649.693359375,10485.5712890625,10485.5712890625,6443.4443359375,822
2007-10-12,10175.5634765625,10449.099609375,10175.5634765625,10449.099609375,6421.033203125,219
2007-10-15,10540.2783203125,10722.63671875,10467.3359375,10722.63671875,6589.1220703125,877
2007-10-16,10722.63671875,10759.1083984375,10576.75,10759.1083984375,6611.5341796875,3920
2007-10-17,10540.2783203125,10886.7587890625,10540.2783203125,10886.7587890625,6689.97705078125,18452
2007-10-18,10759.1083984375,10759.1083984375,10576.75,10704.400390625,6577.91650390625,191
2007-10-19,10576.75,10704.400390625,10576.75,10704.400390625,6577.91650390625,191
2007-10-22,10576.75,10649.693359375,10284.9775390625,10649.693359375,6544.29833984375,1041
2007-10-23,10576.75,10686.1650390625,10576.75,10686.1650390625,6566.71044921875,329
2007-10-24,10394.392578125,10613.2216796875,10394.392578125,10394.392578125,6387.41455078125,301
2007-10-25,10357.9208984375,10394.392578125,10102.6201171875,10394.392578125,6387.41455078125,3975
2007-10-26,10321.44921875,10467.3359375,10266.7421875,10467.3359375,6432.23828125,658
2007-10-29,10576.75,10576.75,10576.75,10576.75,6499.47412109375,27
2007-10-30,10394.392578125,11999.140625,10376.15625,10777.34375,6622.74072265625,9788
2007-10-31,10594.986328125,10740.8720703125,10576.75,10594.986328125,6510.67919921875,603
2007-11-01,10613.2216796875,10740.8720703125,10613.2216796875,10740.8720703125,6600.3271484375,1508
2007-11-02,10485.5712890625,10941.4658203125,10485.5712890625,10941.4658203125,6723.5927734375,2358
2007-11-05,10667.9287109375,10977.9375,10667.9287109375,10977.9375,6746.00634765625,3043
2007-11-06,10759.1083984375,11050.8798828125,10759.1083984375,11050.8798828125,6790.83056640625,493
2007-11-07,10923.2294921875,10923.2294921875,10795.5791015625,10795.5791015625,6633.9462890625,0
2007-11-08,10576.75,10576.75,10576.75,10576.75,6499.47412109375,2687
2007-11-09,10558.5146484375,11160.294921875,10558.5146484375,10904.994140625,6701.18212890625,3901
2007-11-12,10904.994140625,10904.994140625,10904.994140625,10904.994140625,6701.18212890625,0
2007-11-13,10904.994140625,10904.994140625,10904.994140625,10904.994140625,6701.18212890625,0
2007-11-14,10303.2138671875,10303.2138671875,9993.205078125,9993.205078125,6140.8818359375,1645
2007-11-15,9847.3193359375,10139.091796875,9464.3681640625,9883.791015625,6073.64697265625,1206
2007-11-16,10011.44140625,10011.44140625,10011.44140625,10011.44140625,6152.0888671875,27
2007-11-19,10540.2783203125,10576.75,9920.2626953125,10485.5712890625,6443.4443359375,548
2007-11-20,10394.392578125,10540.2783203125,10394.392578125,10540.2783203125,6477.06201171875,493
2007-11-21,10212.0341796875,10212.0341796875,10212.0341796875,10212.0341796875,6275.3544921875,137
2007-11-22,9810.84765625,10175.5634765625,9810.84765625,10175.5634765625,6252.9423828125,575
2007-11-23,10284.9775390625,10284.9775390625,10139.091796875,10139.091796875,6230.5302734375,548
2007-11-26,10139.091796875,10139.091796875,10139.091796875,10139.091796875,6230.5302734375,0
2007-11-27,10212.0341796875,10212.0341796875,10212.0341796875,10212.0341796875,6275.3544921875,548
2007-11-28,9847.3193359375,10175.5634765625,9847.3193359375,10175.5634765625,6252.9423828125,712
2007-11-29,9737.904296875,10102.6201171875,9737.904296875,9993.205078125,6140.8818359375,822
2007-11-30,9956.7333984375,9993.205078125,9847.3193359375,9847.3193359375,6051.23486328125,2604
2007-12-03,9555.546875,10029.6767578125,9519.0751953125,9519.0751953125,5849.52734375,1562
2007-12-04,9482.603515625,9664.9609375,9482.603515625,9664.9609375,5939.1748046875,740
2007-12-05,9300.24609375,9409.66015625,9300.24609375,9409.66015625,5782.291015625,329
2007-12-06,9117.8876953125,9391.4248046875,9044.9453125,9044.9453125,5558.1708984375,740
2007-12-07,8589.05078125,9044.9453125,8589.05078125,9044.9453125,5558.1708984375,1096
2007-12-10,10394.392578125,10394.392578125,8607.2861328125,10376.15625,6376.20751953125,603
2007-12-11,9300.24609375,9592.0185546875,9300.24609375,9592.0185546875,5894.35205078125,523
2007-12-12,9117.8876953125,10886.7587890625,9117.8876953125,9263.7744140625,5692.642578125,8198
2007-12-13,9081.4169921875,9300.24609375,9081.4169921875,9245.5380859375,5681.43701171875,822
2007-12-14,9263.7744140625,9263.7744140625,9263.7744140625,9263.7744140625,5692.642578125,137
2007-12-17,9099.65234375,9099.65234375,9044.9453125,9044.9453125,5558.1708984375,0
2007-12-18,9044.9453125,9044.9453125,9044.9453125,9044.9453125,5558.1708984375,0
2007-12-20,8935.5302734375,9190.8310546875,8935.5302734375,9190.8310546875,5647.818359375,54
2007-12-21,9117.8876953125,9117.8876953125,9117.8876953125,9117.8876953125,5602.994140625,0
2007-12-24,9482.603515625,9683.197265625,8753.1728515625,9044.9453125,5558.1708984375,2659
2007-12-26,9044.9453125,9044.9453125,9044.9453125,9044.9453125,5558.1708984375,0
2007-12-27,9847.3193359375,9847.3193359375,9446.1318359375,9446.1318359375,5887.796875,356
2007-12-28,8899.05859375,10795.5791015625,8899.05859375,10503.806640625,6547.04833984375,19247
2008-01-02,10503.806640625,10503.806640625,9810.84765625,9920.2626953125,6183.32470703125,219
2008-01-03,9920.2626953125,9920.2626953125,9701.4326171875,9920.2626953125,6183.32470703125,301
2008-01-04,9664.9609375,9664.9609375,9664.9609375,9664.9609375,6024.193359375,137
2008-01-07,10941.4658203125,10941.4658203125,9300.24609375,9482.603515625,5910.52978515625,411
2008-01-08,9044.9453125,9847.3193359375,9044.9453125,9464.3681640625,5899.1630859375,1425
2008-01-09,9190.8310546875,10813.8154296875,9190.8310546875,9847.3193359375,6137.857421875,2303
2008-01-10,9537.310546875,9719.6689453125,9537.310546875,9719.6689453125,6058.2939453125,219
2008-01-11,9719.6689453125,9719.6689453125,9117.8876953125,9464.3681640625,5899.1630859375,987
2008-01-14,9282.009765625,9519.0751953125,9282.009765625,9519.0751953125,5933.2626953125,575
2008-01-15,9482.603515625,9482.603515625,9409.66015625,9482.603515625,5910.52978515625,301
2008-01-16,8917.294921875,9701.4326171875,8917.294921875,9592.0185546875,5978.72900390625,2193
2008-01-17,9099.65234375,9427.896484375,9099.65234375,9427.896484375,5876.43115234375,383
2008-01-18,8753.1728515625,9628.490234375,8753.1728515625,9628.490234375,6001.46142578125,822
2008-01-21,9446.1318359375,9646.7255859375,9446.1318359375,9646.7255859375,6012.8271484375,712
2008-01-22,9409.66015625,10430.8642578125,8351.9853515625,9920.2626953125,6183.32470703125,8554
2008-01-23,8972.001953125,10284.9775390625,8972.001953125,9664.9609375,6024.193359375,3728
2008-01-24,9446.1318359375,10540.2783203125,9446.1318359375,9883.791015625,6160.59033203125,2933
2008-01-25,9737.904296875,10576.75,9701.4326171875,9938.498046875,6194.68896484375,3591
2008-01-28,9664.9609375,11014.4091796875,9664.9609375,9938.498046875,6194.68896484375,3180
2008-01-29,9810.84765625,9883.791015625,9810.84765625,9883.791015625,6160.59033203125,411
2008-01-30,9664.9609375,9664.9609375,9263.7744140625,9263.7744140625,5774.1328125,712
2008-01-31,8880.8232421875,10284.9775390625,8862.5869140625,9300.24609375,5796.86572265625,3427
2008-02-01,10430.8642578125,10430.8642578125,9664.9609375,9993.205078125,6228.78857421875,3235
2008-02-04,9482.603515625,11123.8232421875,9482.603515625,10029.6767578125,6251.521484375,4578
2008-02-05,9810.84765625,10284.9775390625,9592.0185546875,9902.0263671875,6171.95703125,2495
2008-02-11,9756.140625,9756.140625,9756.140625,9756.140625,6081.025390625,137
2008-02-12,9318.4814453125,10941.4658203125,9318.4814453125,9701.4326171875,6046.9267578125,15080
2008-02-13,9719.6689453125,9719.6689453125,9719.6689453125,9719.6689453125,6058.2939453125,82
2008-02-14,9664.9609375,9847.3193359375,8753.1728515625,9172.595703125,5717.3017578125,3317
2008-02-15,9464.3681640625,10212.0341796875,9464.3681640625,9847.3193359375,6137.857421875,1837
2008-02-18,9774.3759765625,11014.4091796875,8461.400390625,9519.0751953125,5933.2626953125,4140
2008-02-19,9409.66015625,9683.197265625,9409.66015625,9664.9609375,6024.193359375,383
2008-02-20,9683.197265625,9883.791015625,9555.546875,9555.546875,5955.99560546875,630
2008-02-21,9592.0185546875,9592.0185546875,9573.7822265625,9573.7822265625,5967.36181640625,164
2008-02-22,9318.4814453125,9500.83984375,9263.7744140625,9263.7744140625,5774.1328125,493
2008-02-25,9282.009765625,9427.896484375,9282.009765625,9427.896484375,5876.43115234375,164
2008-02-26,9300.24609375,9956.7333984375,9300.24609375,9847.3193359375,6137.857421875,3427
2008-02-27,9701.4326171875,9792.611328125,9555.546875,9792.611328125,6103.7587890625,849
2008-02-28,9409.66015625,9664.9609375,9409.66015625,9610.25390625,5990.09375,904
2008-02-29,9245.5380859375,9610.25390625,9245.5380859375,9610.25390625,5990.09375,246
2008-03-03,9555.546875,9555.546875,9519.0751953125,9519.0751953125,5933.2626953125,548
2008-03-04,9482.603515625,9664.9609375,9482.603515625,9664.9609375,6024.193359375,1014
2008-03-05,9446.1318359375,9847.3193359375,9446.1318359375,9847.3193359375,6137.857421875,877
2008-03-06,9847.3193359375,9847.3193359375,9555.546875,9555.546875,5955.99560546875,904
2008-03-07,9263.7744140625,10667.9287109375,9263.7744140625,9628.490234375,6001.46142578125,1480
2008-03-10,9646.7255859375,9646.7255859375,9026.708984375,9026.708984375,5626.369140625,685
2008-03-11,9245.5380859375,9263.7744140625,8771.408203125,9263.7744140625,5774.1328125,493
2008-03-12,8917.294921875,10102.6201171875,8917.294921875,9482.603515625,5910.52978515625,1343
2008-03-13,9227.302734375,9664.9609375,8206.099609375,9409.66015625,5865.06396484375,1261
2008-03-14,8807.8798828125,9737.904296875,8807.8798828125,9209.0673828125,5740.03369140625,1261
2008-03-17,9482.603515625,9810.84765625,9172.595703125,9482.603515625,5910.52978515625,4167
2008-03-18,9373.1884765625,10212.0341796875,9263.7744140625,9263.7744140625,5774.1328125,2440
2008-03-19,9373.1884765625,10394.392578125,9373.1884765625,9920.2626953125,6183.32470703125,1727
2008-03-20,9646.7255859375,9792.611328125,9646.7255859375,9792.611328125,6103.7587890625,54
2008-03-21,9701.4326171875,9701.4326171875,9701.4326171875,9701.4326171875,6046.9267578125,0
2008-03-24,10284.9775390625,10284.9775390625,10284.9775390625,10284.9775390625,6410.65283203125,137
2008-03-25,9993.205078125,9993.205078125,9537.310546875,9646.7255859375,6012.8271484375,411
2008-03-26,9154.359375,9354.953125,9136.1240234375,9136.1240234375,5694.5673828125,493
2008-03-27,9300.24609375,9300.24609375,9117.8876953125,9117.8876953125,5683.20068359375,16478
2008-03-28,9172.595703125,9172.595703125,9172.595703125,9172.595703125,5717.3017578125,13873
2008-03-31,9209.0673828125,9336.7177734375,9209.0673828125,9336.7177734375,5819.59912109375,54
2008-04-01,9136.1240234375,9227.302734375,9081.4169921875,9081.4169921875,5660.46923828125,767
2008-04-02,9081.4169921875,9209.0673828125,9081.4169921875,9209.0673828125,5740.03369140625,301
2008-04-03,8990.2373046875,9117.8876953125,8990.2373046875,9117.8876953125,5683.20068359375,54
2008-04-04,9081.4169921875,9081.4169921875,9081.4169921875,9081.4169921875,5660.46923828125,0
2008-04-07,8698.46484375,8844.3515625,8698.46484375,8716.701171875,5433.140625,603
2008-04-08,8424.9287109375,8935.5302734375,8424.9287109375,8935.5302734375,5569.5380859375,1096
2008-04-10,8935.5302734375,9008.4736328125,8935.5302734375,9008.4736328125,5615.00244140625,109
2008-04-11,8789.64453125,8972.001953125,8789.64453125,8972.001953125,5592.26953125,191
2008-04-14,8753.1728515625,8753.1728515625,8753.1728515625,8753.1728515625,5455.87451171875,27
2008-04-15,8899.05859375,8899.05859375,8899.05859375,8899.05859375,5546.8046875,137
2008-04-16,8789.64453125,8789.64453125,8680.2294921875,8680.2294921875,5410.40771484375,109
2008-04-17,8753.1728515625,8753.1728515625,8753.1728515625,8753.1728515625,5455.87451171875,27
2008-04-18,8826.115234375,8953.765625,8826.115234375,8953.765625,5580.90478515625,54
2008-04-21,8753.1728515625,8753.1728515625,8716.701171875,8716.701171875,5433.140625,137
2008-04-22,8625.5224609375,8935.5302734375,8625.5224609375,8935.5302734375,5569.5380859375,1453
2008-04-23,8589.05078125,8753.1728515625,8589.05078125,8753.1728515625,5455.87451171875,54
2008-04-24,8570.814453125,10029.6767578125,8552.5791015625,8917.294921875,5558.17041015625,3920
2008-04-25,8935.5302734375,9117.8876953125,8935.5302734375,9117.8876953125,5683.20068359375,137
2008-04-28,8753.1728515625,10193.798828125,8753.1728515625,8880.8232421875,5535.4375,685
2008-04-29,9154.359375,9154.359375,8880.8232421875,9117.8876953125,5683.20068359375,1425
2008-04-30,8935.5302734375,9774.3759765625,8899.05859375,9409.66015625,5865.06396484375,1041
2008-05-01,9409.66015625,9409.66015625,9409.66015625,9409.66015625,5865.06396484375,0
2008-05-02,9245.5380859375,9920.2626953125,9245.5380859375,9920.2626953125,6183.32470703125,849
2008-05-05,9920.2626953125,9920.2626953125,9920.2626953125,9920.2626953125,6183.32470703125,0
2008-05-06,9664.9609375,9664.9609375,9318.4814453125,9318.4814453125,5808.23291015625,329
2008-05-07,9610.25390625,9610.25390625,9373.1884765625,9373.1884765625,5842.330078125,54
2008-05-08,9409.66015625,9628.490234375,9409.66015625,9628.490234375,6001.46142578125,54
2008-05-09,9482.603515625,10248.505859375,9446.1318359375,9628.490234375,6001.46142578125,1727
2008-05-12,9628.490234375,9628.490234375,9628.490234375,9628.490234375,6001.46142578125,0
2008-05-13,9282.009765625,9719.6689453125,9282.009765625,9519.0751953125,5933.2626953125,658
2008-05-14,9263.7744140625,10576.75,9263.7744140625,9573.7822265625,5967.36181640625,2242
2008-05-15,9573.7822265625,9701.4326171875,9573.7822265625,9683.197265625,6035.560546875,329
2008-05-16,9628.490234375,10029.6767578125,9628.490234375,9737.904296875,6069.66015625,575
2008-05-19,9847.3193359375,9956.7333984375,9774.3759765625,9774.3759765625,6092.3916015625,1754
2008-05-20,9774.3759765625,9774.3759765625,9592.0185546875,9592.0185546875,5978.72900390625,164
2008-05-21,9810.84765625,10102.6201171875,9555.546875,9555.546875,5955.99560546875,1069
2008-05-22,9373.1884765625,9737.904296875,9373.1884765625,9500.83984375,5921.89599609375,7403
2008-05-23,9482.603515625,9719.6689453125,9482.603515625,9701.4326171875,6046.9267578125,137
2008-05-26,9446.1318359375,9519.0751953125,9446.1318359375,9482.603515625,5910.52978515625,411
2008-05-27,9336.7177734375,9920.2626953125,9336.7177734375,9592.0185546875,5978.72900390625,438
2008-05-28,9519.0751953125,10139.091796875,9117.8876953125,9227.302734375,5751.40087890625,3537
2008-05-29,9282.009765625,9427.896484375,9245.5380859375,9245.5380859375,5762.7666015625,411
2008-05-30,9008.4736328125,9664.9609375,9008.4736328125,9482.603515625,5910.52978515625,438
2008-06-02,9482.603515625,9482.603515625,9482.603515625,9482.603515625,5910.52978515625,27
2008-06-03,9701.4326171875,9701.4326171875,9482.603515625,9482.603515625,5910.52978515625,411
2008-06-04,9482.603515625,9646.7255859375,9482.603515625,9646.7255859375,6012.8271484375,164
2008-06-05,9646.7255859375,9646.7255859375,9482.603515625,9482.603515625,5910.52978515625,0
2008-06-06,9482.603515625,9482.603515625,9482.603515625,9482.603515625,5910.52978515625,0
2008-06-09,9482.603515625,9592.0185546875,9482.603515625,9592.0185546875,5978.72900390625,164
2008-06-10,9446.1318359375,9446.1318359375,9446.1318359375,9446.1318359375,5887.796875,0
2008-06-11,9136.1240234375,9409.66015625,9136.1240234375,9245.5380859375,5762.7666015625,520
2008-06-12,9810.84765625,9810.84765625,9117.8876953125,9336.7177734375,5819.59912109375,548
2008-06-13,9227.302734375,9737.904296875,9227.302734375,9482.603515625,5910.52978515625,548
2008-06-16,9409.66015625,9409.66015625,8953.765625,9373.1884765625,5842.330078125,301
2008-06-17,9810.84765625,9810.84765625,9409.66015625,9409.66015625,5865.06396484375,411
2008-06-18,9792.611328125,9792.611328125,9336.7177734375,9409.66015625,5865.06396484375,301
2008-06-19,9482.603515625,9482.603515625,9482.603515625,9482.603515625,5910.52978515625,27
2008-06-20,9482.603515625,9482.603515625,9318.4814453125,9318.4814453125,5808.23291015625,0
2008-06-23,9227.302734375,9446.1318359375,9227.302734375,9446.1318359375,5887.796875,164
2008-06-24,9810.84765625,9847.3193359375,9482.603515625,9482.603515625,5910.52978515625,411
2008-06-25,9117.8876953125,9482.603515625,9117.8876953125,9482.603515625,5910.52978515625,82
2008-06-26,9409.66015625,9555.546875,9373.1884765625,9555.546875,5955.99560546875,191
2008-06-27,9482.603515625,9482.603515625,9482.603515625,9482.603515625,5910.52978515625,137
2008-06-30,9482.603515625,9482.603515625,9300.24609375,9300.24609375,5796.86572265625,0
2008-07-01,9482.603515625,9482.603515625,9482.603515625,9482.603515625,5910.52978515625,274
2008-07-02,9774.3759765625,9774.3759765625,9482.603515625,9482.603515625,5910.52978515625,411
2008-07-03,9373.1884765625,9373.1884765625,8862.5869140625,9263.7744140625,5774.1328125,575
2008-07-04,9081.4169921875,9081.4169921875,8516.107421875,8570.814453125,5342.20947265625,658
2008-07-07,9117.8876953125,9482.603515625,8534.3427734375,8935.5302734375,5569.5380859375,1727
2008-07-08,8935.5302734375,8935.5302734375,8734.9365234375,8935.5302734375,5569.5380859375,1288
2008-07-09,8935.5302734375,9044.9453125,8935.5302734375,9008.4736328125,5615.00244140625,1233
2008-07-10,8753.1728515625,8753.1728515625,8279.0419921875,8370.2216796875,5217.1787109375,438
2008-07-11,8388.45703125,9008.4736328125,8388.45703125,8862.5869140625,5524.07177734375,2083
2008-07-14,9044.9453125,9044.9453125,8789.64453125,8789.64453125,5478.607421875,411
2008-07-15,8570.814453125,8789.64453125,8570.814453125,8789.64453125,5478.607421875,252
2008-07-16,8826.115234375,8826.115234375,8680.2294921875,8680.2294921875,5410.40771484375,0
2008-07-17,8753.1728515625,8917.294921875,8753.1728515625,8917.294921875,5558.17041015625,877
2008-07-18,8899.05859375,8917.294921875,8899.05859375,8917.294921875,5558.17041015625,904
2008-07-21,8935.5302734375,9300.24609375,8935.5302734375,9190.8310546875,5728.666015625,1124
2008-07-22,8625.5224609375,9737.904296875,8625.5224609375,9409.66015625,5865.06396484375,1562
2008-07-23,9409.66015625,9537.310546875,9409.66015625,9537.310546875,5944.62890625,712
2008-07-24,9282.009765625,9555.546875,9282.009765625,9555.546875,5955.99560546875,575
2008-07-25,9409.66015625,9482.603515625,9409.66015625,9482.603515625,5910.52978515625,685
2008-07-28,8917.294921875,9592.0185546875,8917.294921875,9482.603515625,5910.52978515625,1974
2008-07-29,9409.66015625,9427.896484375,9300.24609375,9427.896484375,5876.43115234375,301
2008-07-30,9282.009765625,9373.1884765625,9282.009765625,9373.1884765625,5842.330078125,191
2008-07-31,9409.66015625,9482.603515625,9409.66015625,9482.603515625,5910.52978515625,658
2008-08-01,9482.603515625,9993.205078125,9209.0673828125,9482.603515625,5910.52978515625,1974
2008-08-04,9190.8310546875,9646.7255859375,9190.8310546875,9336.7177734375,5819.59912109375,740
2008-08-05,9318.4814453125,9318.4814453125,9318.4814453125,9318.4814453125,5808.23291015625,28926
2008-08-06,9117.8876953125,9956.7333984375,9117.8876953125,9482.603515625,5910.52978515625,822
2008-08-07,9409.66015625,9409.66015625,9409.66015625,9409.66015625,5865.06396484375,137
2008-08-08,9409.66015625,9592.0185546875,9409.66015625,9592.0185546875,5978.72900390625,712
2008-08-11,9482.603515625,9592.0185546875,9482.603515625,9592.0185546875,5978.72900390625,685
2008-08-12,9537.310546875,9737.904296875,9482.603515625,9482.603515625,5910.52978515625,822
2008-08-13,9847.3193359375,9847.3193359375,9482.603515625,9482.603515625,5910.52978515625,1535
2008-08-14,9482.603515625,9628.490234375,9482.603515625,9610.25390625,5990.09375,1179
2008-08-15,9610.25390625,9610.25390625,9610.25390625,9610.25390625,5990.09375,0
2008-08-18,9482.603515625,9482.603515625,8406.6923828125,8406.6923828125,5239.91162109375,274
2008-08-19,8826.115234375,9664.9609375,8643.7578125,9117.8876953125,5683.20068359375,4688
2008-08-20,8570.814453125,9209.0673828125,8570.814453125,9154.359375,5705.9345703125,28186
2008-08-21,8826.115234375,9373.1884765625,8826.115234375,9336.7177734375,5819.59912109375,24018
2008-08-22,9300.24609375,9519.0751953125,9117.8876953125,9519.0751953125,5933.2626953125,1233
2008-08-25,9482.603515625,9482.603515625,9482.603515625,9482.603515625,5910.52978515625,274
2008-08-26,9464.3681640625,9464.3681640625,9464.3681640625,9464.3681640625,5899.1630859375,0
2008-08-27,9482.603515625,9482.603515625,9063.1806640625,9245.5380859375,5762.7666015625,329
2008-08-28,9683.197265625,9683.197265625,9373.1884765625,9409.66015625,5865.06396484375,329
2008-08-29,9227.302734375,9409.66015625,9227.302734375,9409.66015625,5865.06396484375,54
2008-09-01,9409.66015625,9409.66015625,9227.302734375,9227.302734375,5751.40087890625,0
2008-09-02,9154.359375,9190.8310546875,8224.3349609375,9190.8310546875,5728.666015625,822
2008-09-03,9008.4736328125,9008.4736328125,9008.4736328125,9008.4736328125,5615.00244140625,274
2008-09-04,8990.2373046875,8990.2373046875,8862.5869140625,8862.5869140625,5524.07177734375,0
2008-09-05,8935.5302734375,8935.5302734375,8862.5869140625,8862.5869140625,5524.07177734375,191
2008-09-08,8935.5302734375,9117.8876953125,8935.5302734375,9117.8876953125,5683.20068359375,274
2008-09-09,9117.8876953125,9117.8876953125,9117.8876953125,9117.8876953125,5683.20068359375,137
2008-09-10,9117.8876953125,9117.8876953125,8953.765625,8953.765625,5580.90478515625,0
2008-09-11,9044.9453125,9044.9453125,8935.5302734375,8935.5302734375,5569.5380859375,0
2008-09-12,9117.8876953125,9117.8876953125,9117.8876953125,9117.8876953125,5683.20068359375,27
2008-09-15,9117.8876953125,9117.8876953125,9117.8876953125,9117.8876953125,5683.20068359375,0
2008-09-16,7950.79833984375,8680.2294921875,7950.79833984375,8607.2861328125,5364.94189453125,520
2008-09-17,8406.6923828125,8552.5791015625,8406.6923828125,8552.5791015625,5330.84375,54
2008-09-18,8388.45703125,8388.45703125,8388.45703125,8388.45703125,5228.54443359375,137
2008-09-19,8570.814453125,8698.46484375,7859.61962890625,8461.400390625,5274.01123046875,548
2008-09-22,8169.6279296875,8279.0419921875,8169.6279296875,8206.099609375,5114.88134765625,1535
2008-09-23,7604.31884765625,8023.74169921875,7604.31884765625,7841.3837890625,4887.5537109375,822
2008-09-24,7695.49755859375,7859.61962890625,7695.49755859375,7859.61962890625,4898.9208984375,1233
2008-09-25,7476.66845703125,7914.32666015625,7476.66845703125,7914.32666015625,4933.01806640625,1069
2008-09-26,7859.61962890625,7859.61962890625,7841.3837890625,7841.3837890625,4887.5537109375,0
2008-09-29,7713.7333984375,7896.09130859375,7713.7333984375,7896.09130859375,4921.65234375,164
2008-09-30,7148.42431640625,8643.7578125,7148.42431640625,7695.49755859375,4796.6220703125,1343
2008-10-01,7695.49755859375,7987.27001953125,7549.611328125,7768.4404296875,4842.08740234375,438
2008-10-02,8424.9287109375,8424.9287109375,7859.61962890625,7859.61962890625,4898.9208984375,822
2008-10-03,7859.61962890625,7859.61962890625,7859.61962890625,7859.61962890625,4898.9208984375,0
2008-10-06,7367.25341796875,8680.2294921875,7075.48095703125,7148.42431640625,4455.62939453125,5593
2008-10-07,7166.66015625,7804.912109375,6783.708984375,7567.84716796875,4717.0576171875,6196
2008-10-08,7148.42431640625,7731.96923828125,6510.171875,6510.171875,4057.8056640625,6169
2008-10-09,6510.171875,7476.66845703125,6510.171875,7476.66845703125,4660.2255859375,15738
2008-10-10,8023.74169921875,8023.74169921875,6856.65185546875,7330.7822265625,4569.2939453125,4524
2008-10-13,7659.02587890625,7659.02587890625,7184.89599609375,7403.72509765625,4614.759765625,767
2008-10-14,7002.5380859375,7786.67626953125,7002.5380859375,7403.72509765625,4614.759765625,1837
2008-10-15,7312.54638671875,7312.54638671875,7312.54638671875,7312.54638671875,4557.927734375,740
2008-10-16,7294.310546875,7330.7822265625,6418.9931640625,6601.35107421875,4114.638671875,6251
2008-10-17,6382.521484375,7294.310546875,6382.521484375,7276.07470703125,4535.19482421875,14504
2008-10-20,6473.70068359375,7440.19677734375,6473.70068359375,6966.06640625,4341.96533203125,32710
2008-10-21,6637.82275390625,7440.19677734375,6637.82275390625,7111.95263671875,4432.89794921875,2358
2008-10-22,6783.708984375,7914.32666015625,6783.708984375,7075.48095703125,4410.16455078125,18249
2008-10-23,6236.63525390625,7294.310546875,6236.63525390625,7294.310546875,4546.5615234375,23552
2008-10-24,7294.310546875,7294.310546875,7002.5380859375,7148.42431640625,4455.62939453125,24073
2008-10-27,7148.42431640625,7221.3671875,6090.7490234375,7148.42431640625,4455.62939453125,14997
2008-10-28,7148.42431640625,7440.19677734375,7111.95263671875,7166.66015625,4466.99658203125,7923
2008-10-29,6674.2939453125,8023.74169921875,6674.2939453125,7221.3671875,4501.095703125,12283
2008-10-30,6929.5947265625,7312.54638671875,6929.5947265625,7294.310546875,4546.5615234375,767
2008-10-31,7276.07470703125,7786.67626953125,7276.07470703125,7276.07470703125,4535.19482421875,4578
2008-11-03,7476.66845703125,7513.1396484375,7458.4326171875,7513.1396484375,4682.95751953125,438
2008-11-04,7476.66845703125,7476.66845703125,7476.66845703125,7476.66845703125,4660.2255859375,27
2008-11-05,7148.42431640625,7349.017578125,7148.42431640625,7349.017578125,4580.66064453125,301
2008-11-06,7476.66845703125,7476.66845703125,7367.25341796875,7367.25341796875,4592.02685546875,0
2008-11-07,6783.708984375,8461.400390625,6783.708984375,7276.07470703125,4535.19482421875,4304
2008-11-10,6929.5947265625,7786.67626953125,6929.5947265625,7513.1396484375,4682.95751953125,1453
2008-11-11,7221.3671875,8315.513671875,7221.3671875,7622.5546875,4751.1572265625,1316
2008-11-12,7330.7822265625,8497.8720703125,7111.95263671875,7513.1396484375,4682.95751953125,2138
2008-11-13,7148.42431640625,7969.0341796875,7148.42431640625,7586.0830078125,4728.42431640625,1398
2008-11-14,8005.505859375,8005.505859375,7476.66845703125,7586.0830078125,4728.42431640625,1508
2008-11-17,7330.7822265625,7786.67626953125,7330.7822265625,7586.0830078125,4728.42431640625,2303
2008-11-18,8005.505859375,8005.505859375,7330.7822265625,7731.96923828125,4819.3544921875,1483
2008-11-19,7804.912109375,7804.912109375,7476.66845703125,7622.5546875,4751.1572265625,2275
2008-11-20,7622.5546875,7622.5546875,7148.42431640625,7403.72509765625,4614.759765625,3016
2008-11-21,7294.310546875,7403.72509765625,6619.5869140625,7148.42431640625,4455.62939453125,3070
2008-11-24,6966.06640625,7403.72509765625,6966.06640625,7184.89599609375,4478.36279296875,548
2008-11-25,7039.009765625,8023.74169921875,7039.009765625,8005.505859375,4989.85107421875,8911
2008-11-26,7476.66845703125,7786.67626953125,7476.66845703125,7494.90380859375,4671.591796875,2001
2008-11-27,7622.5546875,8133.15625,7622.5546875,7659.02587890625,4773.888671875,411
2008-11-28,7659.02587890625,7659.02587890625,7494.90380859375,7622.5546875,4751.1572265625,904
2008-12-01,7367.25341796875,7804.912109375,7367.25341796875,7476.66845703125,4660.2255859375,630
2008-12-02,6783.708984375,7768.4404296875,6783.708984375,7440.19677734375,4637.4921875,1480
2008-12-03,7367.25341796875,7804.912109375,7367.25341796875,7731.96923828125,4819.3544921875,1261
2008-12-04,7312.54638671875,7786.67626953125,7312.54638671875,7622.5546875,4751.1572265625,575
2008-12-05,7622.5546875,7950.79833984375,7294.310546875,7294.310546875,4546.5615234375,7156
2008-12-08,8023.74169921875,8023.74169921875,7330.7822265625,7403.72509765625,4614.759765625,3180
2008-12-09,7221.3671875,7640.7900390625,7221.3671875,7421.9609375,4626.12548828125,5867
2008-12-10,7421.9609375,7695.49755859375,7421.9609375,7586.0830078125,4728.42431640625,301
2008-12-11,7330.7822265625,7731.96923828125,7330.7822265625,7731.96923828125,4819.3544921875,274
2008-12-12,7330.7822265625,8133.15625,7330.7822265625,7531.37548828125,4694.32421875,849
2008-12-15,7111.95263671875,7768.4404296875,7111.95263671875,7513.1396484375,4682.95751953125,822
2008-12-16,7403.72509765625,8005.505859375,7367.25341796875,7969.0341796875,4967.1181640625,5319
2008-12-17,7804.912109375,7804.912109375,7586.0830078125,7804.912109375,4864.8203125,658
2008-12-18,7659.02587890625,7841.3837890625,7531.37548828125,7531.37548828125,4694.32421875,1069
2008-12-19,7421.9609375,8406.6923828125,7421.9609375,7421.9609375,4626.12548828125,4159
2008-12-22,8279.0419921875,8279.0419921875,7476.66845703125,7987.27001953125,4978.484375,959
2008-12-23,7804.912109375,8005.505859375,7330.7822265625,7896.09130859375,4921.65234375,3701
2008-12-24,7494.90380859375,8789.64453125,7494.90380859375,7567.84716796875,4717.0576171875,849
2008-12-25,7567.84716796875,7567.84716796875,7567.84716796875,7567.84716796875,4717.0576171875,0
2008-12-26,7111.95263671875,8461.400390625,7111.95263671875,7695.49755859375,4796.6220703125,1919
2008-12-29,7567.84716796875,8005.505859375,7567.84716796875,8005.505859375,5061.8203125,1453
2008-12-30,7859.61962890625,7859.61962890625,7476.66845703125,7786.67626953125,4923.45556640625,987
2008-12-31,7786.67626953125,7786.67626953125,7786.67626953125,7786.67626953125,4923.45556640625,0
2009-01-02,7349.017578125,7804.912109375,7349.017578125,7731.96923828125,4888.865234375,849
2009-01-05,7750.205078125,7841.3837890625,7750.205078125,7841.3837890625,4958.0478515625,109
2009-01-06,7622.5546875,7768.4404296875,7586.0830078125,7659.02587890625,4842.7431640625,446
2009-01-07,7367.25341796875,7950.79833984375,7367.25341796875,7950.79833984375,5027.22900390625,191
2009-01-08,7859.61962890625,7859.61962890625,7659.02587890625,7659.02587890625,4842.7431640625,0
2009-01-09,7713.7333984375,7713.7333984375,7039.009765625,7039.009765625,4450.71142578125,0
2009-01-12,7312.54638671875,7659.02587890625,7312.54638671875,7659.02587890625,4842.7431640625,82
2009-01-13,7039.009765625,7513.1396484375,7039.009765625,7513.1396484375,4750.50048828125,329
2009-01-14,8005.505859375,8005.505859375,8005.505859375,8005.505859375,5061.8203125,27
2009-01-15,7877.85546875,7877.85546875,7877.85546875,7877.85546875,4981.107421875,27
2009-01-16,7039.009765625,7804.912109375,7039.009765625,7804.912109375,4934.98583984375,575
2009-01-19,7586.0830078125,7713.7333984375,7312.54638671875,7713.7333984375,4877.33447265625,246
2009-01-20,7859.61962890625,7859.61962890625,7859.61962890625,7859.61962890625,4969.578125,27
2009-01-21,7786.67626953125,7987.27001953125,7276.07470703125,7987.27001953125,5050.28955078125,301
2009-01-22,7804.912109375,7804.912109375,7786.67626953125,7786.67626953125,4923.45556640625,164
2009-01-23,7750.205078125,7750.205078125,7549.611328125,7549.611328125,4773.56103515625,0
2009-01-28,7950.79833984375,7950.79833984375,7257.8388671875,7257.8388671875,4589.07568359375,0
2009-01-29,7914.32666015625,7914.32666015625,7221.3671875,7221.3671875,4566.015625,0
2009-01-30,7549.611328125,7549.611328125,6929.5947265625,7531.37548828125,4762.03076171875,274
2009-02-02,7659.02587890625,7659.02587890625,7659.02587890625,7659.02587890625,4842.7431640625,27
2009-02-03,7622.5546875,7622.5546875,7458.4326171875,7458.4326171875,4715.90966796875,0
2009-02-04,7184.89599609375,7659.02587890625,7184.89599609375,7659.02587890625,4842.7431640625,191
2009-02-05,7622.5546875,7622.5546875,7421.9609375,7421.9609375,4692.84912109375,0
2009-02-06,7622.5546875,7731.96923828125,7622.5546875,7731.96923828125,4888.865234375,246
2009-02-09,7659.02587890625,7659.02587890625,7659.02587890625,7659.02587890625,4842.7431640625,137
2009-02-10,7622.5546875,7804.912109375,7622.5546875,7768.4404296875,4911.92529296875,603
2009-02-11,7002.5380859375,7513.1396484375,7002.5380859375,7513.1396484375,4750.50048828125,164
2009-02-12,7713.7333984375,7713.7333984375,7713.7333984375,7713.7333984375,4877.33447265625,27
2009-02-13,7713.7333984375,7969.0341796875,7713.7333984375,7969.0341796875,5038.75927734375,109
2009-02-16,7823.14794921875,7859.61962890625,7385.4892578125,7859.61962890625,4969.578125,301
2009-02-17,7184.89599609375,7804.912109375,7184.89599609375,7804.912109375,4934.98583984375,246
2009-02-18,7075.48095703125,7731.96923828125,7075.48095703125,7731.96923828125,4888.865234375,191
2009-02-19,7659.02587890625,7896.09130859375,7659.02587890625,7896.09130859375,4992.63818359375,191
2009-02-20,7659.02587890625,7768.4404296875,7476.66845703125,7731.96923828125,4888.865234375,712
2009-02-23,7987.27001953125,7987.27001953125,7531.37548828125,7531.37548828125,4762.03076171875,0
2009-02-24,7586.0830078125,7586.0830078125,7440.19677734375,7440.19677734375,4704.37890625,0
2009-02-25,7476.66845703125,7768.4404296875,6710.765625,7768.4404296875,4911.92529296875,383
2009-02-26,7549.611328125,7549.611328125,7549.611328125,7549.611328125,4773.56103515625,137
2009-02-27,7440.19677734375,7549.611328125,7440.19677734375,7549.611328125,4773.56103515625,164
2009-03-02,7586.0830078125,7586.0830078125,7367.25341796875,7367.25341796875,4658.25830078125,0
2009-03-03,7513.1396484375,7513.1396484375,7403.72509765625,7403.72509765625,4681.3193359375,0
2009-03-04,7294.310546875,7476.66845703125,7294.310546875,7476.66845703125,4727.4404296875,191
2009-03-05,7294.310546875,7294.310546875,7294.310546875,7294.310546875,4612.13671875,137
2009-03-06,7294.310546875,7294.310546875,7111.95263671875,7111.95263671875,4496.83349609375,0
2009-03-09,7093.716796875,7093.716796875,7075.48095703125,7075.48095703125,4473.7724609375,0
2009-03-10,6656.05810546875,6911.359375,6656.05810546875,6911.359375,4369.9990234375,334
2009-03-11,6911.359375,7640.7900390625,6528.40771484375,7349.017578125,4646.728515625,2687
2009-03-12,7294.310546875,7294.310546875,7276.07470703125,7276.07470703125,4600.60595703125,274
2009-03-13,7203.1318359375,7203.1318359375,7166.66015625,7166.66015625,4531.42529296875,274
2009-03-16,7276.07470703125,7276.07470703125,7057.24560546875,7057.24560546875,4462.2421875,828
2009-03-17,7093.716796875,7093.716796875,7020.77392578125,7020.77392578125,4439.181640625,329
2009-03-18,7093.716796875,7111.95263671875,7093.716796875,7111.95263671875,4496.83349609375,164
2009-03-19,7184.89599609375,7184.89599609375,7166.66015625,7166.66015625,4531.42529296875,0
2009-03-20,7002.5380859375,7294.310546875,7002.5380859375,7294.310546875,4612.13671875,411
2009-03-23,8023.74169921875,8023.74169921875,7385.4892578125,7385.4892578125,4669.78759765625,603
2009-03-24,7458.4326171875,7458.4326171875,7458.4326171875,7458.4326171875,4715.90966796875,137
2009-03-25,7349.017578125,7349.017578125,7203.1318359375,7203.1318359375,4554.48583984375,0
2009-03-26,7385.4892578125,8388.45703125,7385.4892578125,7421.9609375,4692.84912109375,3016
2009-03-27,7421.9609375,7421.9609375,7421.9609375,7421.9609375,4692.84912109375,27
2009-03-30,7421.9609375,7421.9609375,7330.7822265625,7330.7822265625,4635.19677734375,164
2009-03-31,7166.66015625,7166.66015625,7111.95263671875,7111.95263671875,4496.83349609375,0
2009-04-01,7111.95263671875,7111.95263671875,7111.95263671875,7111.95263671875,4496.83349609375,0
2009-04-02,6947.83056640625,6984.30224609375,6929.5947265625,6984.30224609375,4416.12158203125,1102
2009-04-03,6856.65185546875,7257.8388671875,6856.65185546875,6893.12353515625,4358.46923828125,3186
2009-04-06,6838.416015625,6838.416015625,6820.18017578125,6820.18017578125,4312.34814453125,438
2009-04-07,6801.9443359375,6893.12353515625,6801.9443359375,6856.65185546875,4335.408203125,1453
2009-04-08,7604.31884765625,7604.31884765625,6838.416015625,6838.416015625,4323.87841796875,992
2009-04-09,6838.416015625,7567.84716796875,6747.2373046875,7075.48095703125,4473.7724609375,2193
2009-04-10,6947.83056640625,7786.67626953125,6947.83056640625,7020.77392578125,4439.181640625,1782
2009-04-13,6947.83056640625,7020.77392578125,6947.83056640625,7020.77392578125,4439.181640625,1425
2009-04-14,7020.77392578125,7020.77392578125,7020.77392578125,7020.77392578125,4439.181640625,246
2009-04-15,7020.77392578125,7075.48095703125,6966.06640625,7020.77392578125,4439.181640625,2412
2009-04-16,7184.89599609375,7203.1318359375,7020.77392578125,7020.77392578125,4439.181640625,411
2009-04-17,6966.06640625,6966.06640625,6966.06640625,6966.06640625,4404.59033203125,137
2009-04-20,6528.40771484375,6820.18017578125,6528.40771484375,6710.765625,4243.16650390625,712
2009-04-21,6929.5947265625,6929.5947265625,6583.115234375,6583.115234375,4162.45263671875,548
2009-04-22,6874.8876953125,6874.8876953125,6747.2373046875,6747.2373046875,4266.2265625,1782
2009-04-23,6747.2373046875,6911.359375,6327.814453125,6893.12353515625,4358.46923828125,246
2009-04-24,7239.60302734375,7239.60302734375,6418.9931640625,6747.2373046875,4266.2265625,2059
2009-04-27,6838.416015625,6966.06640625,6692.52978515625,6710.765625,4243.16650390625,795
2009-04-28,6710.765625,6710.765625,6637.82275390625,6637.82275390625,4197.044921875,1129
2009-04-29,6783.708984375,6783.708984375,6601.35107421875,6601.35107421875,4173.984375,1266
2009-04-30,6729.00146484375,7294.310546875,6218.39990234375,6510.171875,4116.33203125,3462
2009-05-04,6528.40771484375,6656.05810546875,6528.40771484375,6656.05810546875,4208.5751953125,329
2009-05-06,6747.2373046875,6929.5947265625,6674.2939453125,6674.2939453125,4220.10498046875,904
2009-05-07,6674.2939453125,6820.18017578125,6674.2939453125,6820.18017578125,4312.34814453125,2687
2009-05-08,6929.5947265625,6929.5947265625,6747.2373046875,6783.708984375,4289.28759765625,1151
2009-05-11,7057.24560546875,7057.24560546875,6801.9443359375,6929.5947265625,4381.52978515625,2275
2009-05-12,6929.5947265625,7476.66845703125,6820.18017578125,6820.18017578125,4312.34814453125,685
2009-05-13,7257.8388671875,7257.8388671875,6966.06640625,7148.42431640625,4519.89404296875,2632
2009-05-14,7148.42431640625,7148.42431640625,7039.009765625,7111.95263671875,4496.83349609375,1206
2009-05-15,7020.77392578125,7221.3671875,7020.77392578125,7221.3671875,4566.015625,331
2009-05-18,7276.07470703125,7276.07470703125,7075.48095703125,7276.07470703125,4600.60595703125,1562
2009-05-19,7203.1318359375,7203.1318359375,7203.1318359375,7203.1318359375,4554.48583984375,274
2009-05-20,7184.89599609375,7184.89599609375,7002.5380859375,7002.5380859375,4427.6513671875,0
2009-05-21,6984.30224609375,7111.95263671875,6929.5947265625,7111.95263671875,4496.83349609375,411
2009-05-22,7294.310546875,7312.54638671875,7294.310546875,7312.54638671875,4623.6669921875,274
2009-05-25,7276.07470703125,7276.07470703125,7075.48095703125,7221.3671875,4566.015625,1891
2009-05-26,7221.3671875,7476.66845703125,6966.06640625,7221.3671875,4566.015625,2522
2009-05-27,7057.24560546875,7203.1318359375,7057.24560546875,7203.1318359375,4554.48583984375,54
2009-05-28,7276.07470703125,7276.07470703125,7093.716796875,7111.95263671875,4496.83349609375,1041
2009-05-29,7476.66845703125,7476.66845703125,7020.77392578125,7203.1318359375,4554.48583984375,2303
2009-06-01,7002.5380859375,7421.9609375,7002.5380859375,7421.9609375,4692.84912109375,3180
2009-06-02,7494.90380859375,7494.90380859375,7130.1884765625,7294.310546875,4612.13671875,1151
2009-06-03,7184.89599609375,7184.89599609375,7166.66015625,7166.66015625,4531.42529296875,0
2009-06-04,7257.8388671875,7257.8388671875,7057.24560546875,7057.24560546875,4462.2421875,1096
2009-06-05,7039.009765625,7039.009765625,6947.83056640625,6966.06640625,4404.59033203125,520
2009-06-08,7294.310546875,7294.310546875,6820.18017578125,7093.716796875,4485.30322265625,1233
2009-06-09,7294.310546875,7294.310546875,7057.24560546875,7057.24560546875,4462.2421875,795
2009-06-10,7294.310546875,7294.310546875,6893.12353515625,7276.07470703125,4600.60595703125,3756
2009-06-11,7276.07470703125,7476.66845703125,6856.65185546875,7039.009765625,4450.71142578125,1645
2009-06-12,7276.07470703125,7276.07470703125,6783.708984375,7039.009765625,4450.71142578125,959
2009-06-15,6947.83056640625,7093.716796875,6929.5947265625,7002.5380859375,4427.6513671875,740
2009-06-16,7203.1318359375,7203.1318359375,6893.12353515625,7130.1884765625,4508.36376953125,1288
2009-06-17,7294.310546875,7294.310546875,7057.24560546875,7057.24560546875,4462.2421875,759
2009-06-18,7294.310546875,7294.310546875,7039.009765625,7039.009765625,4450.71142578125,411
2009-06-19,7093.716796875,7093.716796875,7039.009765625,7075.48095703125,4473.7724609375,520
2009-06-22,7294.310546875,7494.90380859375,6929.5947265625,7166.66015625,4531.42529296875,3043
2009-06-23,7312.54638671875,7312.54638671875,7075.48095703125,7276.07470703125,4600.60595703125,2495
2009-06-24,7312.54638671875,7312.54638671875,7130.1884765625,7203.1318359375,4554.48583984375,767
2009-06-25,7294.310546875,7294.310546875,7075.48095703125,7294.310546875,4612.13671875,1398
2009-06-26,7312.54638671875,7312.54638671875,7203.1318359375,7203.1318359375,4554.48583984375,1946
2009-06-29,7312.54638671875,7312.54638671875,6765.47314453125,7075.48095703125,4473.7724609375,2933
2009-06-30,7312.54638671875,7312.54638671875,6929.5947265625,7148.42431640625,4519.89404296875,1535
2009-07-01,7111.95263671875,7276.07470703125,7057.24560546875,7184.89599609375,4542.9541015625,1645
2009-07-02,7312.54638671875,7476.66845703125,7111.95263671875,7130.1884765625,4508.36376953125,1124
2009-07-03,7294.310546875,7312.54638671875,7166.66015625,7166.66015625,4531.42529296875,685
2009-07-06,7312.54638671875,7312.54638671875,7057.24560546875,7111.95263671875,4496.83349609375,2028
2009-07-07,7057.24560546875,7221.3671875,7057.24560546875,7221.3671875,4566.015625,1316
2009-07-08,7002.5380859375,7093.716796875,7002.5380859375,7093.716796875,4485.30322265625,1206
2009-07-09,7075.48095703125,7093.716796875,7039.009765625,7039.009765625,4450.71142578125,1590
2009-07-10,7276.07470703125,7476.66845703125,7057.24560546875,7075.48095703125,4473.7724609375,1562
2009-07-13,7294.310546875,7294.310546875,7075.48095703125,7075.48095703125,4473.7724609375,548
2009-07-14,6218.39990234375,7203.1318359375,6218.39990234375,7203.1318359375,4554.48583984375,329
2009-07-15,7203.1318359375,7203.1318359375,7148.42431640625,7184.89599609375,4542.9541015625,685
2009-07-16,7203.1318359375,7203.1318359375,7075.48095703125,7148.42431640625,4519.89404296875,219
2009-07-17,7203.1318359375,7203.1318359375,7002.5380859375,7111.95263671875,4496.83349609375,987
2009-07-20,7294.310546875,7312.54638671875,7093.716796875,7148.42431640625,4519.89404296875,1233
2009-07-21,7057.24560546875,7093.716796875,7039.009765625,7093.716796875,4485.30322265625,959
2009-07-22,7166.66015625,7166.66015625,7166.66015625,7166.66015625,4531.42529296875,959
2009-07-23,7349.017578125,7349.017578125,6254.87109375,7093.716796875,4485.30322265625,1124
2009-07-24,7093.716796875,7148.42431640625,7093.716796875,7148.42431640625,4519.89404296875,54
2009-07-27,7075.48095703125,7166.66015625,7075.48095703125,7166.66015625,4531.42529296875,1480
2009-07-28,7148.42431640625,7166.66015625,7057.24560546875,7166.66015625,4531.42529296875,575
2009-07-29,7130.1884765625,7130.1884765625,7057.24560546875,7057.24560546875,4462.2421875,0
2009-07-30,7294.310546875,7312.54638671875,7057.24560546875,7130.1884765625,4508.36376953125,630
2009-07-31,7148.42431640625,7330.7822265625,7130.1884765625,7184.89599609375,4542.9541015625,987
2009-08-03,7294.310546875,7312.54638671875,7148.42431640625,7184.89599609375,4542.9541015625,1261
2009-08-04,7312.54638671875,7312.54638671875,7184.89599609375,7221.3671875,4566.015625,1768
2009-08-05,7276.07470703125,7276.07470703125,7221.3671875,7239.60302734375,4577.5458984375,383
2009-08-06,7312.54638671875,7312.54638671875,7111.95263671875,7130.1884765625,4508.36376953125,822
2009-08-07,7312.54638671875,7312.54638671875,7111.95263671875,7130.1884765625,4508.36376953125,1041
2009-08-10,7166.66015625,7166.66015625,7166.66015625,7166.66015625,4531.42529296875,27
2009-08-11,7184.89599609375,7239.60302734375,7184.89599609375,7239.60302734375,4577.5458984375,1014
2009-08-12,7312.54638671875,7312.54638671875,6783.708984375,7312.54638671875,4623.6669921875,712
2009-08-13,7294.310546875,7294.310546875,7257.8388671875,7257.8388671875,4589.07568359375,3153
2009-08-14,7312.54638671875,7312.54638671875,7312.54638671875,7312.54638671875,4623.6669921875,137
2009-08-17,7349.017578125,7349.017578125,7257.8388671875,7257.8388671875,4589.07568359375,164
2009-08-18,7349.017578125,7349.017578125,6966.06640625,7349.017578125,4646.728515625,1096
2009-08-19,7349.017578125,7349.017578125,7349.017578125,7349.017578125,4646.728515625,137
2009-08-20,7513.1396484375,7513.1396484375,7002.5380859375,7257.8388671875,4589.07568359375,1206
2009-08-21,7257.8388671875,7257.8388671875,7075.48095703125,7075.48095703125,4473.7724609375,0
2009-08-24,7330.7822265625,7330.7822265625,7330.7822265625,7330.7822265625,4635.19677734375,137
2009-08-25,7330.7822265625,7403.72509765625,7330.7822265625,7403.72509765625,4681.3193359375,411
2009-08-26,7349.017578125,7513.1396484375,7057.24560546875,7385.4892578125,4669.78759765625,411
2009-08-27,7349.017578125,7349.017578125,7111.95263671875,7312.54638671875,4623.6669921875,1645
2009-08-28,7130.1884765625,7349.017578125,7130.1884765625,7239.60302734375,4577.5458984375,3207
2009-08-31,7239.60302734375,7330.7822265625,7075.48095703125,7148.42431640625,4519.89404296875,2001
2009-09-01,7148.42431640625,7349.017578125,7093.716796875,7349.017578125,4646.728515625,1069
2009-09-02,7330.7822265625,7330.7822265625,7130.1884765625,7166.66015625,4531.42529296875,822
2009-09-03,7349.017578125,7349.017578125,7148.42431640625,7166.66015625,4531.42529296875,1316
2009-09-04,7349.017578125,7349.017578125,7148.42431640625,7148.42431640625,4519.89404296875,329
2009-09-07,7148.42431640625,7166.66015625,7111.95263671875,7166.66015625,4531.42529296875,112
2009-09-08,7002.5380859375,7166.66015625,7002.5380859375,7166.66015625,4531.42529296875,849
2009-09-09,7002.5380859375,7330.7822265625,7002.5380859375,7257.8388671875,4589.07568359375,740
2009-09-10,7349.017578125,7349.017578125,7111.95263671875,7184.89599609375,4542.9541015625,2056
2009-09-11,7093.716796875,7349.017578125,7093.716796875,7294.310546875,4612.13671875,1041
2009-09-14,7130.1884765625,7330.7822265625,7130.1884765625,7330.7822265625,4635.19677734375,2933
2009-09-15,7184.89599609375,7257.8388671875,7166.66015625,7166.66015625,4531.42529296875,2056
2009-09-16,7166.66015625,7166.66015625,7166.66015625,7166.66015625,4531.42529296875,137
2009-09-17,7166.66015625,7166.66015625,7075.48095703125,7148.42431640625,4519.89404296875,411
2009-09-18,7130.1884765625,7276.07470703125,7130.1884765625,7276.07470703125,4600.60595703125,493
2009-09-21,7093.716796875,7130.1884765625,7093.716796875,7130.1884765625,4508.36376953125,496
2009-09-22,7111.95263671875,7130.1884765625,7111.95263671875,7130.1884765625,4508.36376953125,548
2009-09-23,7075.48095703125,7130.1884765625,7075.48095703125,7111.95263671875,4496.83349609375,1096
2009-09-24,7130.1884765625,7130.1884765625,7075.48095703125,7075.48095703125,4473.7724609375,0
2009-09-25,7093.716796875,7257.8388671875,7093.716796875,7257.8388671875,4589.07568359375,191
2009-09-28,7148.42431640625,7148.42431640625,7075.48095703125,7075.48095703125,4473.7724609375,0
2009-09-29,6966.06640625,6966.06640625,6273.10693359375,6273.10693359375,3966.43701171875,3556
2009-09-30,6382.521484375,6400.75732421875,6236.63525390625,6400.75732421875,4047.150146484375,219
2009-10-01,6382.521484375,6382.521484375,6236.63525390625,6236.63525390625,3943.376220703125,0
2009-10-05,6218.39990234375,6236.63525390625,6218.39990234375,6218.39990234375,3931.846923828125,386
2009-10-06,6236.63525390625,6236.63525390625,6127.220703125,6127.220703125,3874.19482421875,219
2009-10-07,5999.5703125,6036.0419921875,5908.3916015625,6017.80615234375,3805.0126953125,685
2009-10-08,6236.63525390625,6236.63525390625,5999.5703125,6036.0419921875,3816.54248046875,967
2009-10-09,5890.15576171875,6656.05810546875,5890.15576171875,6473.70068359375,4093.27197265625,1946
2009-10-12,6254.87109375,6364.28564453125,6090.7490234375,6327.814453125,4001.028564453125,630
2009-10-13,6200.1640625,6364.28564453125,6127.220703125,6127.220703125,3874.19482421875,9067
2009-10-14,5361.318359375,6127.220703125,5361.318359375,6054.27783203125,3828.073974609375,1508
2009-10-15,5981.33447265625,5981.33447265625,5981.33447265625,5981.33447265625,3781.9521484375,191
2009-10-16,5981.33447265625,6856.65185546875,5543.67578125,5689.56201171875,3597.466064453125,4589
2009-10-19,5653.0908203125,6072.513671875,5653.0908203125,5853.68408203125,3701.23974609375,3235
2009-10-20,6564.87939453125,6564.87939453125,5908.3916015625,6309.57861328125,3989.49755859375,3893
2009-10-21,6181.92822265625,6491.9365234375,6181.92822265625,6418.9931640625,4058.6796875,3399
2009-10-22,6090.7490234375,6145.45654296875,6036.0419921875,6054.27783203125,3828.073974609375,4277
2009-10-23,6054.27783203125,6929.5947265625,6054.27783203125,6346.05029296875,4012.559326171875,2056
2009-10-26,6273.10693359375,6273.10693359375,6200.1640625,6200.1640625,3920.3154296875,104
2009-10-27,5270.13916015625,5762.50537109375,5270.13916015625,5470.73291015625,3459.10205078125,362293
2009-10-28,5488.96875,5488.96875,5178.96044921875,5233.66796875,3309.208251953125,16127
2009-10-29,5106.01708984375,5397.78955078125,4923.65966796875,5306.61083984375,3355.32958984375,51324
2009-10-30,5197.1962890625,5288.375,5178.96044921875,5288.375,3343.799072265625,19878
2009-11-02,5197.1962890625,5288.375,5160.724609375,5215.43212890625,3297.677734375,8694
2009-11-03,5215.43212890625,5251.9033203125,5178.96044921875,5215.43212890625,3297.677734375,12722
2009-11-04,5215.43212890625,5251.9033203125,5197.1962890625,5233.66796875,3309.208251953125,9604
2009-11-05,5251.9033203125,5251.9033203125,5233.66796875,5233.66796875,3309.208251953125,3356
2009-11-06,5233.66796875,5233.66796875,5233.66796875,5233.66796875,3309.208251953125,5557
2009-11-09,5233.66796875,5270.13916015625,5233.66796875,5270.13916015625,3332.2685546875,4743
2009-11-10,5251.9033203125,5270.13916015625,5233.66796875,5233.66796875,3309.208251953125,6871
2009-11-11,5233.66796875,5324.8466796875,5233.66796875,5324.8466796875,3366.85986328125,9687
2009-11-12,5324.8466796875,5343.08251953125,5288.375,5343.08251953125,3378.39013671875,7888
2009-11-13,5343.08251953125,5598.38330078125,5343.08251953125,5543.67578125,3505.2236328125,13023
2009-11-16,5470.73291015625,5507.20458984375,5434.26123046875,5434.26123046875,3436.041748046875,7065
2009-11-17,5470.73291015625,5470.73291015625,5379.55419921875,5397.78955078125,3412.981201171875,6026
2009-11-18,5397.78955078125,5416.025390625,5306.61083984375,5306.61083984375,3355.32958984375,4910
2009-11-19,5306.61083984375,5361.318359375,5306.61083984375,5361.318359375,3389.920654296875,3909
2009-11-20,5361.318359375,5397.78955078125,5361.318359375,5397.78955078125,3412.981201171875,3567
2009-11-23,5543.67578125,5598.38330078125,5361.318359375,5416.025390625,3424.511474609375,8472
2009-11-24,5361.318359375,5361.318359375,5306.61083984375,5306.61083984375,3355.32958984375,12546
2009-11-25,5324.8466796875,5324.8466796875,5288.375,5306.61083984375,3355.32958984375,2769
2009-11-26,5361.318359375,5361.318359375,5288.375,5288.375,3343.799072265625,1124
2009-11-27,5270.13916015625,5288.375,5197.1962890625,5197.1962890625,3286.147705078125,15732
2009-11-30,5251.9033203125,5251.9033203125,5197.1962890625,5251.9033203125,3320.738037109375,1151
2009-12-01,5251.9033203125,5251.9033203125,5215.43212890625,5215.43212890625,3297.677734375,0
2009-12-02,5251.9033203125,5251.9033203125,5215.43212890625,5251.9033203125,3320.738037109375,2385
2009-12-03,5233.66796875,5270.13916015625,5215.43212890625,5270.13916015625,3332.2685546875,4469
2009-12-04,5233.66796875,5270.13916015625,5215.43212890625,5270.13916015625,3332.2685546875,1864
2009-12-07,5270.13916015625,5270.13916015625,5233.66796875,5270.13916015625,3332.2685546875,849
2009-12-08,5270.13916015625,5270.13916015625,5178.96044921875,5197.1962890625,3286.147705078125,9300
2009-12-09,5197.1962890625,5270.13916015625,5197.1962890625,5270.13916015625,3332.2685546875,14230
2009-12-10,5270.13916015625,5543.67578125,5270.13916015625,5470.73291015625,3459.10205078125,16067
2009-12-11,5361.318359375,5470.73291015625,5343.08251953125,5470.73291015625,3459.10205078125,7732
2009-12-14,5543.67578125,5580.1474609375,5507.20458984375,5543.67578125,3505.2236328125,1590
2009-12-15,5543.67578125,5543.67578125,5434.26123046875,5543.67578125,3505.2236328125,3537
2009-12-16,5434.26123046875,5543.67578125,5434.26123046875,5525.43994140625,3493.693603515625,5264
2009-12-17,5525.43994140625,5525.43994140625,5470.73291015625,5470.73291015625,3459.10205078125,1974
2009-12-18,5470.73291015625,5470.73291015625,5416.025390625,5416.025390625,3424.511474609375,1954
2009-12-21,5416.025390625,5470.73291015625,5416.025390625,5470.73291015625,3459.10205078125,5511
2009-12-22,5470.73291015625,5507.20458984375,5434.26123046875,5470.73291015625,3459.10205078125,6602
2009-12-23,5452.4970703125,5543.67578125,5434.26123046875,5543.67578125,3505.2236328125,7128
2009-12-24,5470.73291015625,5525.43994140625,5470.73291015625,5488.96875,3470.63330078125,1562
2009-12-28,5488.96875,5507.20458984375,5452.4970703125,5488.96875,3470.63330078125,6421
2009-12-29,5470.73291015625,5488.96875,5452.4970703125,5470.73291015625,3547.494873046875,6553
2009-12-30,5470.73291015625,5488.96875,5470.73291015625,5488.96875,3559.320556640625,449
2010-01-04,5488.96875,5488.96875,5434.26123046875,5452.4970703125,3535.67041015625,9514
2010-01-05,5452.4970703125,5452.4970703125,5416.025390625,5434.26123046875,3523.84521484375,5264
2010-01-06,5379.55419921875,5416.025390625,5361.318359375,5416.025390625,3512.020263671875,1590
2010-01-07,5416.025390625,5416.025390625,5361.318359375,5416.025390625,3512.020263671875,3402
2010-01-08,5379.55419921875,5416.025390625,5324.8466796875,5324.8466796875,3452.89501953125,14460
2010-01-11,5324.8466796875,5343.08251953125,5251.9033203125,5270.13916015625,3417.420166015625,8965
2010-01-12,5270.13916015625,5324.8466796875,5270.13916015625,5324.8466796875,3452.89501953125,4524
2010-01-13,5288.375,5361.318359375,5288.375,5306.61083984375,3441.0703125,6607
2010-01-14,5306.61083984375,5379.55419921875,5306.61083984375,5379.55419921875,3488.3701171875,2385
2010-01-15,5343.08251953125,5343.08251953125,5306.61083984375,5343.08251953125,3464.72021484375,4222
2010-01-18,5324.8466796875,5470.73291015625,5324.8466796875,5434.26123046875,3523.84521484375,6034
2010-01-19,5379.55419921875,5434.26123046875,5379.55419921875,5434.26123046875,3523.84521484375,4277
2010-01-20,5452.4970703125,5507.20458984375,5452.4970703125,5507.20458984375,3571.1455078125,9569
2010-01-21,5488.96875,5561.91162109375,5397.78955078125,5543.67578125,3594.794921875,29858
2010-01-22,5452.4970703125,5525.43994140625,5397.78955078125,5452.4970703125,3535.67041015625,4935
2010-01-25,5434.26123046875,5434.26123046875,5434.26123046875,5434.26123046875,3523.84521484375,27
2010-01-26,5379.55419921875,5452.4970703125,5361.318359375,5361.318359375,3476.545654296875,12585
2010-01-27,5361.318359375,5452.4970703125,5324.8466796875,5452.4970703125,3535.67041015625,4386
2010-01-28,5397.78955078125,5452.4970703125,5379.55419921875,5452.4970703125,3535.67041015625,329
2010-01-29,5379.55419921875,5452.4970703125,5379.55419921875,5452.4970703125,3535.67041015625,1069
2010-02-01,5397.78955078125,5397.78955078125,5397.78955078125,5397.78955078125,3500.195556640625,274
2010-02-02,5397.78955078125,5397.78955078125,5397.78955078125,5397.78955078125,3500.195556640625,795
2010-02-03,5434.26123046875,5434.26123046875,5397.78955078125,5397.78955078125,3500.195556640625,1617
2010-02-04,5397.78955078125,5397.78955078125,5106.01708984375,5397.78955078125,3500.195556640625,25005
2010-02-05,5251.9033203125,5379.55419921875,5251.9033203125,5324.8466796875,3452.89501953125,356
2010-02-08,5361.318359375,5361.318359375,5361.318359375,5361.318359375,3476.545654296875,109
2010-02-09,5251.9033203125,5288.375,5251.9033203125,5251.9033203125,3405.59521484375,2903
2010-02-10,5251.9033203125,5324.8466796875,5251.9033203125,5324.8466796875,3452.89501953125,109
2010-02-11,5251.9033203125,5470.73291015625,5251.9033203125,5434.26123046875,3523.84521484375,8203
2010-02-12,5379.55419921875,5434.26123046875,5379.55419921875,5434.26123046875,3523.84521484375,10775
2010-02-16,5288.375,5580.1474609375,5288.375,5580.1474609375,3618.44482421875,17959
2010-02-17,5397.78955078125,5580.1474609375,5397.78955078125,5470.73291015625,3547.494873046875,10665
2010-02-18,5507.20458984375,5726.03369140625,5470.73291015625,5726.03369140625,3713.045654296875,24649
2010-02-19,5616.619140625,5616.619140625,5470.73291015625,5488.96875,3559.320556640625,6799
2010-02-22,5507.20458984375,5525.43994140625,5416.025390625,5488.96875,3559.320556640625,1288
2010-02-23,5397.78955078125,5488.96875,5397.78955078125,5488.96875,3559.320556640625,493
2010-02-24,5452.4970703125,5488.96875,5452.4970703125,5488.96875,3559.320556640625,712
2010-02-25,5434.26123046875,5434.26123046875,5434.26123046875,5434.26123046875,3523.84521484375,877
2010-02-26,5416.025390625,5507.20458984375,5361.318359375,5507.20458984375,3571.1455078125,1014
2010-03-02,5507.20458984375,5507.20458984375,5379.55419921875,5379.55419921875,3488.3701171875,0
2010-03-03,5434.26123046875,5525.43994140625,5434.26123046875,5525.43994140625,3582.97021484375,493
2010-03-04,5416.025390625,5507.20458984375,5416.025390625,5434.26123046875,3523.84521484375,1041
2010-03-05,5452.4970703125,5561.91162109375,5452.4970703125,5561.91162109375,3606.619873046875,1754
2010-03-08,5434.26123046875,5543.67578125,5397.78955078125,5470.73291015625,3547.494873046875,690
2010-03-09,5470.73291015625,5561.91162109375,5434.26123046875,5543.67578125,3594.794921875,2001
2010-03-10,5543.67578125,5543.67578125,5434.26123046875,5434.26123046875,3523.84521484375,959
2010-03-11,5416.025390625,5434.26123046875,5379.55419921875,5434.26123046875,3523.84521484375,2330
2010-03-12,5416.025390625,5434.26123046875,5379.55419921875,5434.26123046875,3523.84521484375,2305
2010-03-15,5434.26123046875,5561.91162109375,5434.26123046875,5561.91162109375,3606.619873046875,1179
2010-03-16,5543.67578125,6181.92822265625,5416.025390625,6017.80615234375,3902.24462890625,76232
2010-03-17,6017.80615234375,6127.220703125,5762.50537109375,5981.33447265625,3878.594970703125,28910
2010-03-18,5981.33447265625,5981.33447265625,5616.619140625,5707.7978515625,3701.22021484375,21636
2010-03-19,5762.50537109375,5835.4482421875,5707.7978515625,5817.21240234375,3772.169189453125,2878
2010-03-22,5744.26953125,5744.26953125,5580.1474609375,5616.619140625,3642.095458984375,8198
2010-03-23,5634.85498046875,5798.97705078125,5634.85498046875,5744.26953125,3724.8701171875,2111
2010-03-24,5908.3916015625,5908.3916015625,5671.326171875,5689.56201171875,3689.39453125,2358
2010-03-25,5689.56201171875,5762.50537109375,5653.0908203125,5689.56201171875,3689.39453125,6882
2010-03-26,5707.7978515625,5944.86279296875,5379.55419921875,5671.326171875,3677.5703125,22576
2010-03-29,5689.56201171875,5762.50537109375,5653.0908203125,5707.7978515625,3701.22021484375,6854
2010-03-30,5871.919921875,5871.919921875,5689.56201171875,5707.7978515625,3701.22021484375,924
2010-03-31,5707.7978515625,5762.50537109375,5671.326171875,5689.56201171875,3689.39453125,3849
2010-04-01,5689.56201171875,6127.220703125,5689.56201171875,6054.27783203125,3925.895263671875,20149
2010-04-02,6163.6923828125,6747.2373046875,5981.33447265625,6528.40771484375,4233.34326171875,69733
2010-04-05,6546.6435546875,6564.87939453125,6254.87109375,6528.40771484375,4233.34326171875,16889
2010-04-06,6400.75732421875,6929.5947265625,6236.63525390625,6619.5869140625,4292.46923828125,66133
2010-04-07,6820.18017578125,6820.18017578125,6163.6923828125,6291.3427734375,4079.61962890625,24621
2010-04-08,6346.05029296875,6473.70068359375,6108.98486328125,6163.6923828125,3996.84423828125,12511
2010-04-09,6181.92822265625,6309.57861328125,6090.7490234375,6181.92822265625,4008.67041015625,9755
2010-04-12,6127.220703125,6254.87109375,5999.5703125,6017.80615234375,3902.24462890625,10501
2010-04-13,6127.220703125,6236.63525390625,5944.86279296875,6090.7490234375,3949.544677734375,16632
2010-04-14,6127.220703125,6437.22900390625,6072.513671875,6273.10693359375,4067.7939453125,19412
2010-04-15,6273.10693359375,6674.2939453125,6273.10693359375,6601.35107421875,4280.64453125,34053
2010-04-16,6455.46484375,6747.2373046875,6291.3427734375,6309.57861328125,4091.4443359375,24076
2010-04-19,6200.1640625,6291.3427734375,6090.7490234375,6291.3427734375,4079.61962890625,13215
2010-04-20,6181.92822265625,6528.40771484375,6090.7490234375,6200.1640625,4020.494140625,19012
2010-04-21,6200.1640625,6418.9931640625,6181.92822265625,6273.10693359375,4067.7939453125,7732
2010-04-22,6236.63525390625,6327.814453125,6163.6923828125,6163.6923828125,3996.84423828125,10375
2010-04-23,6181.92822265625,6291.3427734375,6036.0419921875,6108.98486328125,3961.369384765625,21885
2010-04-26,6108.98486328125,6200.1640625,5981.33447265625,6181.92822265625,4008.67041015625,16867
2010-04-27,6017.80615234375,6163.6923828125,6017.80615234375,6127.220703125,3973.195068359375,9130
2010-04-28,6017.80615234375,6090.7490234375,5963.0986328125,5981.33447265625,3878.594970703125,9253
2010-04-29,5981.33447265625,6072.513671875,5963.0986328125,6072.513671875,3937.7197265625,6421
2010-04-30,6145.45654296875,6145.45654296875,6017.80615234375,6145.45654296875,3985.019775390625,2914
2010-05-03,6108.98486328125,6108.98486328125,5944.86279296875,5944.86279296875,3854.945068359375,7224
2010-05-04,5963.0986328125,6036.0419921875,5963.0986328125,6036.0419921875,3914.069091796875,3345
2010-05-06,5871.919921875,5981.33447265625,5853.68408203125,5944.86279296875,3854.945068359375,5475
2010-05-07,5780.7412109375,6181.92822265625,5762.50537109375,6181.92822265625,4008.67041015625,2741
2010-05-10,6145.45654296875,6200.1640625,6036.0419921875,6181.92822265625,4008.67041015625,5648
2010-05-11,6181.92822265625,6181.92822265625,6017.80615234375,6036.0419921875,3914.069091796875,4578
2010-05-12,6036.0419921875,6036.0419921875,6036.0419921875,6036.0419921875,3914.069091796875,27
2010-05-13,6054.27783203125,6273.10693359375,5981.33447265625,6218.39990234375,4032.31982421875,5538
2010-05-14,6163.6923828125,6218.39990234375,5963.0986328125,6200.1640625,4020.494140625,5319
2010-05-17,5853.68408203125,6200.1640625,5853.68408203125,6127.220703125,3973.195068359375,8828
2010-05-18,6163.6923828125,6163.6923828125,6054.27783203125,6090.7490234375,3949.544677734375,767
2010-05-19,6072.513671875,6072.513671875,6072.513671875,6072.513671875,3937.7197265625,54
2010-05-20,6090.7490234375,6090.7490234375,5944.86279296875,6017.80615234375,3902.24462890625,2577
2010-05-24,5780.7412109375,5944.86279296875,5726.03369140625,5798.97705078125,3760.345458984375,1562
2010-05-25,5908.3916015625,5908.3916015625,5470.73291015625,5543.67578125,3594.794921875,6114
2010-05-26,5580.1474609375,5726.03369140625,5488.96875,5726.03369140625,3713.045654296875,9157
2010-05-27,5689.56201171875,5999.5703125,5689.56201171875,5981.33447265625,3878.594970703125,3701
2010-05-28,6054.27783203125,6236.63525390625,5944.86279296875,6145.45654296875,3985.019775390625,26979
2010-05-31,5908.3916015625,6163.6923828125,5908.3916015625,6145.45654296875,3985.019775390625,4633
2010-06-01,6145.45654296875,6145.45654296875,5981.33447265625,6145.45654296875,3985.019775390625,6525
2010-06-03,6163.6923828125,6163.6923828125,5981.33447265625,6127.220703125,3973.195068359375,4628
2010-06-04,6127.220703125,6127.220703125,5944.86279296875,5981.33447265625,3878.594970703125,11625
2010-06-07,5762.50537109375,6072.513671875,5762.50537109375,6072.513671875,3937.7197265625,3674
2010-06-08,5908.3916015625,6017.80615234375,5908.3916015625,6017.80615234375,3902.24462890625,1946
2010-06-09,5944.86279296875,6072.513671875,5944.86279296875,6072.513671875,3937.7197265625,438
2010-06-10,5926.62744140625,6072.513671875,5926.62744140625,6017.80615234375,3902.24462890625,3133
2010-06-11,6017.80615234375,6054.27783203125,6017.80615234375,6054.27783203125,3925.895263671875,457
2010-06-14,5908.3916015625,6163.6923828125,5908.3916015625,6163.6923828125,3996.84423828125,3975
2010-06-15,6036.0419921875,6181.92822265625,6036.0419921875,6181.92822265625,4008.67041015625,877
2010-06-16,6163.6923828125,6163.6923828125,6054.27783203125,6054.27783203125,3925.895263671875,685
2010-06-17,5981.33447265625,6090.7490234375,5981.33447265625,6090.7490234375,3949.544677734375,246
2010-06-18,5981.33447265625,6017.80615234375,5963.0986328125,5981.33447265625,3878.594970703125,1255
2010-06-21,5890.15576171875,5999.5703125,5890.15576171875,5944.86279296875,3854.945068359375,2484
2010-06-22,5963.0986328125,6072.513671875,5853.68408203125,6036.0419921875,3914.069091796875,1179
2010-06-23,5926.62744140625,6108.98486328125,5853.68408203125,6108.98486328125,3961.369384765625,2138
2010-06-24,5981.33447265625,6072.513671875,5944.86279296875,6072.513671875,3937.7197265625,219
2010-06-25,5871.919921875,5981.33447265625,5871.919921875,5981.33447265625,3878.594970703125,274
2010-06-28,5981.33447265625,6072.513671875,5890.15576171875,6072.513671875,3937.7197265625,1206
2010-06-29,5944.86279296875,5981.33447265625,5944.86279296875,5981.33447265625,3878.594970703125,438
2010-06-30,5817.21240234375,5926.62744140625,5817.21240234375,5853.68408203125,3795.819580078125,1129
2010-07-01,5853.68408203125,5999.5703125,5835.4482421875,5981.33447265625,3878.594970703125,1974
2010-07-02,5944.86279296875,6017.80615234375,5926.62744140625,5999.5703125,3890.42041015625,1645
2010-07-05,6072.513671875,6090.7490234375,6072.513671875,6090.7490234375,3949.544677734375,219
2010-07-06,6017.80615234375,6017.80615234375,5926.62744140625,5999.5703125,3890.42041015625,1316
2010-07-07,5981.33447265625,5999.5703125,5981.33447265625,5999.5703125,3890.42041015625,383
2010-07-08,5999.5703125,5999.5703125,5981.33447265625,5999.5703125,3890.42041015625,1562
2010-07-09,5999.5703125,6036.0419921875,5871.919921875,5981.33447265625,3878.594970703125,3975
2010-07-12,5981.33447265625,5999.5703125,5963.0986328125,5963.0986328125,3866.769775390625,233
2010-07-13,5981.33447265625,6017.80615234375,5890.15576171875,6017.80615234375,3902.24462890625,1480
2010-07-14,5908.3916015625,6090.7490234375,5871.919921875,6054.27783203125,3925.895263671875,6909
2010-07-15,5963.0986328125,6090.7490234375,5963.0986328125,5963.0986328125,3866.769775390625,466
2010-07-16,5963.0986328125,5963.0986328125,5853.68408203125,5853.68408203125,3795.819580078125,5239
2010-07-19,5981.33447265625,5981.33447265625,5871.919921875,5908.3916015625,3831.294921875,849
2010-07-20,5999.5703125,5999.5703125,5908.3916015625,5981.33447265625,3878.594970703125,123
2010-07-21,5963.0986328125,5999.5703125,5944.86279296875,5999.5703125,3890.42041015625,1124
2010-07-22,5999.5703125,6309.57861328125,5999.5703125,6017.80615234375,3902.24462890625,1261
2010-07-23,5908.3916015625,5981.33447265625,5908.3916015625,5981.33447265625,3878.594970703125,822
2010-07-26,5981.33447265625,5981.33447265625,5981.33447265625,5981.33447265625,3878.594970703125,575
2010-07-27,6017.80615234375,6090.7490234375,5944.86279296875,6072.513671875,3937.7197265625,1206
2010-07-28,6017.80615234375,6017.80615234375,6017.80615234375,6017.80615234375,3902.24462890625,1398
2010-07-29,5963.0986328125,6054.27783203125,5944.86279296875,6054.27783203125,3925.895263671875,3125
2010-07-30,5981.33447265625,6036.0419921875,5926.62744140625,5963.0986328125,3866.769775390625,1047
2010-08-02,5963.0986328125,6017.80615234375,5908.3916015625,5908.3916015625,3831.294921875,3325
2010-08-03,5926.62744140625,5944.86279296875,5926.62744140625,5926.62744140625,3843.119873046875,795
2010-08-04,5908.3916015625,5944.86279296875,5908.3916015625,5944.86279296875,3854.945068359375,998
2010-08-05,5944.86279296875,5963.0986328125,5944.86279296875,5944.86279296875,3854.945068359375,1809
2010-08-06,5944.86279296875,6017.80615234375,5944.86279296875,6017.80615234375,3902.24462890625,2166
2010-08-09,5999.5703125,6017.80615234375,5963.0986328125,6017.80615234375,3902.24462890625,438
2010-08-10,5944.86279296875,6090.7490234375,5944.86279296875,6017.80615234375,3902.24462890625,1891
2010-08-11,6017.80615234375,6036.0419921875,5981.33447265625,6036.0419921875,3914.069091796875,2028
2010-08-12,5999.5703125,6200.1640625,5981.33447265625,5981.33447265625,3878.594970703125,8019
2010-08-13,5981.33447265625,6127.220703125,5963.0986328125,6127.220703125,3973.195068359375,2467
2010-08-16,6108.98486328125,6108.98486328125,6108.98486328125,6108.98486328125,3961.369384765625,54
2010-08-17,6145.45654296875,6145.45654296875,6036.0419921875,6108.98486328125,3961.369384765625,849
2010-08-18,6108.98486328125,6108.98486328125,6036.0419921875,6036.0419921875,3914.069091796875,1206
2010-08-19,6036.0419921875,6036.0419921875,6017.80615234375,6036.0419921875,3914.069091796875,2028
2010-08-20,6054.27783203125,6054.27783203125,6054.27783203125,6054.27783203125,3925.895263671875,383
2010-08-23,6054.27783203125,6200.1640625,5981.33447265625,6163.6923828125,3996.84423828125,15546
2010-08-24,6145.45654296875,6273.10693359375,6090.7490234375,6273.10693359375,4067.7939453125,7128
2010-08-25,6291.3427734375,6309.57861328125,6145.45654296875,6309.57861328125,4091.4443359375,7128
2010-08-26,6273.10693359375,6309.57861328125,6273.10693359375,6309.57861328125,4091.4443359375,2330
2010-08-27,6309.57861328125,6418.9931640625,6309.57861328125,6364.28564453125,4126.91943359375,1782
2010-08-30,6200.1640625,6346.05029296875,6200.1640625,6346.05029296875,4115.09521484375,2632
2010-08-31,6254.87109375,6346.05029296875,6254.87109375,6346.05029296875,4115.09521484375,246
2010-09-01,6400.75732421875,6437.22900390625,6364.28564453125,6418.9931640625,4162.39404296875,2906
2010-09-02,6418.9931640625,6418.9931640625,6273.10693359375,6327.814453125,4103.27001953125,3427
2010-09-03,6327.814453125,6400.75732421875,6254.87109375,6364.28564453125,4126.91943359375,191
2010-09-06,6273.10693359375,6273.10693359375,6200.1640625,6218.39990234375,4032.31982421875,1453
2010-09-07,6273.10693359375,6273.10693359375,6090.7490234375,6218.39990234375,4032.31982421875,1891
2010-09-08,6254.87109375,6254.87109375,6254.87109375,6254.87109375,4055.969482421875,109
2010-09-09,6236.63525390625,6473.70068359375,6145.45654296875,6455.46484375,4186.044921875,7074
2010-09-10,6692.52978515625,7294.310546875,6637.82275390625,6893.12353515625,4469.84423828125,107763
2010-09-13,6911.359375,7130.1884765625,6309.57861328125,6510.171875,4221.51904296875,75505
2010-09-14,6455.46484375,6546.6435546875,6346.05029296875,6510.171875,4221.51904296875,12618
2010-09-15,6346.05029296875,6510.171875,6309.57861328125,6418.9931640625,4162.39404296875,8724
2010-09-16,6400.75732421875,6455.46484375,6327.814453125,6400.75732421875,4150.56982421875,4164
2010-09-17,6382.521484375,6400.75732421875,6273.10693359375,6400.75732421875,4150.56982421875,6525
2010-09-20,6400.75732421875,6947.83056640625,6200.1640625,6929.5947265625,4493.494140625,28213
2010-09-24,7294.310546875,7969.0341796875,7294.310546875,7969.0341796875,5167.51806640625,218803
2010-09-27,8534.3427734375,9154.359375,8224.3349609375,8406.6923828125,5451.3173828125,394518
2010-09-28,8078.44873046875,8370.2216796875,7531.37548828125,7531.37548828125,4883.71826171875,186175
2010-09-29,7494.90380859375,7804.912109375,7257.8388671875,7549.611328125,4895.5439453125,180442
2010-09-30,7659.02587890625,7859.61962890625,7166.66015625,7330.7822265625,4753.64306640625,138277
2010-10-01,7330.7822265625,7421.9609375,7093.716796875,7166.66015625,4647.21923828125,73915
2010-10-04,7276.07470703125,7349.017578125,7111.95263671875,7349.017578125,4765.46875,35559
2010-10-05,7385.4892578125,7403.72509765625,6911.359375,6966.06640625,4517.1435546875,59471
2010-10-06,6966.06640625,7111.95263671875,6966.06640625,7093.716796875,4599.91943359375,23744
2010-10-07,7111.95263671875,7312.54638671875,7020.77392578125,7020.77392578125,4552.619140625,36357
2010-10-08,7020.77392578125,7111.95263671875,6747.2373046875,6966.06640625,4517.1435546875,32927
2010-10-11,6966.06640625,7093.716796875,6820.18017578125,7075.48095703125,4588.09375,30708
2010-10-12,7130.1884765625,7276.07470703125,6856.65185546875,6966.06640625,4517.1435546875,25252
2010-10-13,6856.65185546875,6984.30224609375,6765.47314453125,6947.83056640625,4505.318359375,17794
2010-10-14,7039.009765625,7239.60302734375,6966.06640625,7111.95263671875,4611.74365234375,21880
2010-10-15,7111.95263671875,7257.8388671875,7039.009765625,7166.66015625,4647.21923828125,13544
2010-10-18,7203.1318359375,7203.1318359375,6838.416015625,6874.8876953125,4458.01904296875,22532
2010-10-19,6984.30224609375,6984.30224609375,6801.9443359375,6856.65185546875,4446.1943359375,10147
2010-10-20,6747.2373046875,6929.5947265625,6747.2373046875,6820.18017578125,4422.54443359375,10638
2010-10-21,6820.18017578125,6874.8876953125,6747.2373046875,6820.18017578125,4422.54443359375,16366
2010-10-22,6966.06640625,7111.95263671875,6838.416015625,7002.5380859375,4540.7939453125,26365
2010-10-25,7020.77392578125,7075.48095703125,6856.65185546875,6893.12353515625,4469.84423828125,8006
2010-10-26,6856.65185546875,6929.5947265625,6729.00146484375,6838.416015625,4434.369140625,21359
2010-10-27,6765.47314453125,6856.65185546875,6729.00146484375,6783.708984375,4398.89453125,12039
2010-10-28,6783.708984375,6874.8876953125,6747.2373046875,6801.9443359375,4410.71875,11735
2010-10-29,6765.47314453125,6801.9443359375,6637.82275390625,6765.47314453125,4387.068359375,34218
2010-11-01,6710.765625,6838.416015625,6710.765625,6783.708984375,4398.89453125,9689
2010-11-02,6820.18017578125,6856.65185546875,6747.2373046875,6801.9443359375,4410.71875,7907
2010-11-03,6801.9443359375,6984.30224609375,6765.47314453125,6893.12353515625,4469.84423828125,13267
2010-11-04,6893.12353515625,7002.5380859375,6838.416015625,6911.359375,4481.66943359375,2963
2010-11-05,6911.359375,6966.06640625,6838.416015625,6874.8876953125,4458.01904296875,3756
2010-11-08,6856.65185546875,6911.359375,6765.47314453125,6801.9443359375,4410.71875,4030
2010-11-09,6765.47314453125,6838.416015625,6710.765625,6710.765625,4351.5947265625,6882
2010-11-10,6710.765625,6710.765625,6619.5869140625,6637.82275390625,4304.294921875,10125
2010-11-11,6564.87939453125,6692.52978515625,6491.9365234375,6491.9365234375,4209.69482421875,22839
2010-11-12,6491.9365234375,6637.82275390625,6473.70068359375,6491.9365234375,4209.69482421875,10750
2010-11-15,6674.2939453125,6674.2939453125,6382.521484375,6400.75732421875,4150.56982421875,10336
2010-11-16,6364.28564453125,6400.75732421875,6364.28564453125,6382.521484375,4138.7451171875,5154
2010-11-17,6382.521484375,6491.9365234375,6273.10693359375,6491.9365234375,4209.69482421875,8609
2010-11-18,6510.171875,6510.171875,6510.171875,6510.171875,4221.51904296875,27
2010-11-19,6400.75732421875,6455.46484375,6346.05029296875,6364.28564453125,4126.91943359375,2961
2010-11-22,6364.28564453125,6473.70068359375,6364.28564453125,6455.46484375,4186.044921875,1946
2010-11-23,6364.28564453125,6564.87939453125,6327.814453125,6346.05029296875,4115.09521484375,4924
2010-11-24,6200.1640625,6309.57861328125,6200.1640625,6309.57861328125,4091.4443359375,1798
2010-11-25,6327.814453125,6364.28564453125,6236.63525390625,6364.28564453125,4126.91943359375,2878
2010-11-26,6327.814453125,6382.521484375,6145.45654296875,6382.521484375,4138.7451171875,8828
2010-11-29,6236.63525390625,6273.10693359375,6072.513671875,6108.98486328125,3961.369384765625,12343
2010-11-30,6127.220703125,6382.521484375,6036.0419921875,6090.7490234375,3949.544677734375,15738
2010-12-01,6127.220703125,6273.10693359375,6127.220703125,6273.10693359375,4067.7939453125,1754
2010-12-02,6108.98486328125,6236.63525390625,6108.98486328125,6218.39990234375,4032.31982421875,6607
2010-12-03,6218.39990234375,6346.05029296875,6218.39990234375,6346.05029296875,4115.09521484375,1617
2010-12-06,6346.05029296875,6346.05029296875,6309.57861328125,6309.57861328125,4091.4443359375,3125
2010-12-07,6327.814453125,6327.814453125,6236.63525390625,6309.57861328125,4091.4443359375,2070
2010-12-08,6309.57861328125,6382.521484375,6291.3427734375,6346.05029296875,4115.09521484375,2111
2010-12-09,6309.57861328125,6382.521484375,6309.57861328125,6382.521484375,4138.7451171875,3180
2010-12-10,6400.75732421875,6418.9931640625,6382.521484375,6382.521484375,4138.7451171875,301
2010-12-13,6437.22900390625,6455.46484375,6364.28564453125,6364.28564453125,4126.91943359375,411
2010-12-14,6382.521484375,6437.22900390625,6382.521484375,6400.75732421875,4150.56982421875,767
2010-12-15,6437.22900390625,6437.22900390625,6364.28564453125,6400.75732421875,4150.56982421875,3674
2010-12-16,6382.521484375,6418.9931640625,6309.57861328125,6400.75732421875,4150.56982421875,2275
2010-12-17,6382.521484375,6418.9931640625,6346.05029296875,6400.75732421875,4150.56982421875,1590
2010-12-20,6346.05029296875,6346.05029296875,6200.1640625,6309.57861328125,4091.4443359375,6799
2010-12-21,6273.10693359375,6327.814453125,6273.10693359375,6327.814453125,4103.27001953125,4332
2010-12-22,6236.63525390625,6346.05029296875,6218.39990234375,6273.10693359375,4067.7939453125,2632
2010-12-23,6273.10693359375,6309.57861328125,6236.63525390625,6273.10693359375,4067.7939453125,2906
2010-12-24,6254.87109375,6346.05029296875,6181.92822265625,6273.10693359375,4067.7939453125,4140
2010-12-27,6200.1640625,6218.39990234375,6181.92822265625,6218.39990234375,4032.31982421875,3218
2010-12-28,6273.10693359375,6291.3427734375,6200.1640625,6291.3427734375,4079.61962890625,1041
2010-12-29,6291.3427734375,6291.3427734375,6127.220703125,6254.87109375,4115.61572265625,4060
2010-12-30,6254.87109375,6273.10693359375,6127.220703125,6200.1640625,4079.61962890625,8447
2011-01-03,6145.45654296875,6200.1640625,6145.45654296875,6200.1640625,4079.61962890625,2333
2011-01-04,6163.6923828125,6200.1640625,6090.7490234375,6163.6923828125,4055.621826171875,8011
2011-01-05,6200.1640625,6200.1640625,6127.220703125,6163.6923828125,4055.621826171875,359
2011-01-06,6145.45654296875,6163.6923828125,6054.27783203125,6127.220703125,4031.62353515625,5321
2011-01-07,6090.7490234375,6145.45654296875,6054.27783203125,6090.7490234375,4007.62646484375,8815
2011-01-10,6072.513671875,6181.92822265625,6072.513671875,6181.92822265625,4067.62060546875,2906
2011-01-11,6145.45654296875,6218.39990234375,6127.220703125,6218.39990234375,4091.618896484375,4249
2011-01-12,6218.39990234375,6236.63525390625,6163.6923828125,6200.1640625,4079.61962890625,7649
2011-01-13,6218.39990234375,6291.3427734375,6181.92822265625,6254.87109375,4115.61572265625,6388
2011-01-14,6254.87109375,6291.3427734375,6181.92822265625,6254.87109375,4115.61572265625,329
2011-01-17,6254.87109375,6254.87109375,6181.92822265625,6254.87109375,4115.61572265625,356
2011-01-18,6273.10693359375,6273.10693359375,6181.92822265625,6254.87109375,4115.61572265625,4277
2011-01-19,6181.92822265625,6200.1640625,6181.92822265625,6200.1640625,4079.61962890625,5650
2011-01-20,6181.92822265625,6236.63525390625,6181.92822265625,6181.92822265625,4067.62060546875,7101
2011-01-21,6181.92822265625,6218.39990234375,6181.92822265625,6218.39990234375,4091.618896484375,1014
2011-01-24,6236.63525390625,6327.814453125,6181.92822265625,6327.814453125,4163.6123046875,3125
2011-01-25,6309.57861328125,6327.814453125,6218.39990234375,6236.63525390625,4103.6171875,4746
2011-01-26,6273.10693359375,6291.3427734375,6200.1640625,6218.39990234375,4091.618896484375,1346
2011-01-27,6218.39990234375,6273.10693359375,6218.39990234375,6254.87109375,4115.61572265625,2001
2011-01-28,6254.87109375,6291.3427734375,6200.1640625,6291.3427734375,4139.6142578125,2936
2011-01-31,6236.63525390625,6327.814453125,6218.39990234375,6273.10693359375,4127.6162109375,12914
2011-02-01,6291.3427734375,6418.9931640625,6291.3427734375,6309.57861328125,4151.61279296875,4249
2011-02-07,6309.57861328125,6327.814453125,6291.3427734375,6309.57861328125,4151.61279296875,329
2011-02-08,6346.05029296875,6364.28564453125,6309.57861328125,6327.814453125,4163.6123046875,4578
2011-02-09,6291.3427734375,6346.05029296875,6291.3427734375,6346.05029296875,4175.61083984375,191
2011-02-10,6254.87109375,6382.521484375,6254.87109375,6382.521484375,4199.6083984375,4277
2011-02-11,6382.521484375,6418.9931640625,6254.87109375,6254.87109375,4115.61572265625,2330
2011-02-14,6254.87109375,6346.05029296875,6254.87109375,6346.05029296875,4175.61083984375,466
2011-02-15,6309.57861328125,6346.05029296875,6254.87109375,6346.05029296875,4175.61083984375,2358
2011-02-16,6346.05029296875,6364.28564453125,6273.10693359375,6346.05029296875,4175.61083984375,1590
2011-02-17,6327.814453125,6327.814453125,6254.87109375,6309.57861328125,4151.61279296875,2961
2011-02-18,6254.87109375,6309.57861328125,6254.87109375,6309.57861328125,4151.61279296875,2632
2011-02-21,6291.3427734375,6364.28564453125,6145.45654296875,6291.3427734375,4139.6142578125,1837
2011-02-22,6163.6923828125,6200.1640625,5944.86279296875,6181.92822265625,4067.62060546875,11354
2011-02-23,6218.39990234375,6327.814453125,6072.513671875,6181.92822265625,4067.62060546875,1181
2011-02-24,6036.0419921875,6108.98486328125,5671.326171875,5999.5703125,3947.631591796875,10783
2011-02-25,5999.5703125,6017.80615234375,5853.68408203125,6017.80615234375,3959.631103515625,3016
2011-02-28,6017.80615234375,6072.513671875,6017.80615234375,6072.513671875,3995.628173828125,8590
2011-03-02,5981.33447265625,6054.27783203125,5981.33447265625,6054.27783203125,3983.628662109375,1617
2011-03-03,6054.27783203125,6163.6923828125,6054.27783203125,6054.27783203125,3983.628662109375,1603
2011-03-04,6346.05029296875,6382.521484375,6127.220703125,6291.3427734375,4139.6142578125,219
2011-03-07,6163.6923828125,6163.6923828125,6072.513671875,6145.45654296875,4043.623046875,468
2011-03-08,6327.814453125,6327.814453125,6327.814453125,6327.814453125,4163.6123046875,27
2011-03-09,6072.513671875,6072.513671875,6072.513671875,6072.513671875,3995.628173828125,54
2011-03-10,5963.0986328125,6382.521484375,5963.0986328125,6327.814453125,4163.6123046875,1069
2011-03-11,6127.220703125,6163.6923828125,6127.220703125,6145.45654296875,4043.623046875,863
2011-03-14,6108.98486328125,6364.28564453125,6108.98486328125,6327.814453125,4163.6123046875,1069
2011-03-15,6054.27783203125,6054.27783203125,6017.80615234375,6054.27783203125,3983.628662109375,438
2011-03-16,6200.1640625,6254.87109375,6072.513671875,6163.6923828125,4055.621826171875,1124
2011-03-17,5707.7978515625,6127.220703125,5707.7978515625,6090.7490234375,4007.62646484375,1041
2011-03-18,6127.220703125,6200.1640625,6127.220703125,6200.1640625,4079.61962890625,301
2011-03-21,6127.220703125,6127.220703125,5999.5703125,6017.80615234375,3959.631103515625,685
2011-03-22,6054.27783203125,6218.39990234375,6036.0419921875,6072.513671875,3995.628173828125,1316
2011-03-23,6309.57861328125,6327.814453125,6127.220703125,6309.57861328125,4151.61279296875,4030
2011-03-24,6090.7490234375,6200.1640625,6090.7490234375,6200.1640625,4079.61962890625,581
2011-03-25,6200.1640625,6236.63525390625,6090.7490234375,6200.1640625,4079.61962890625,3728
2011-03-28,6090.7490234375,6090.7490234375,6072.513671875,6072.513671875,3995.628173828125,411
2011-03-29,6108.98486328125,6200.1640625,6090.7490234375,6127.220703125,4031.62353515625,4496
2011-03-30,6200.1640625,6273.10693359375,6127.220703125,6145.45654296875,4043.623046875,6361
2011-03-31,6181.92822265625,6327.814453125,6163.6923828125,6327.814453125,4163.6123046875,1617
2011-04-01,6382.521484375,6674.2939453125,6327.814453125,6637.82275390625,4367.5927734375,5675
2011-04-04,6856.65185546875,6966.06640625,6601.35107421875,6874.8876953125,4523.5771484375,6470
2011-04-05,6856.65185546875,6856.65185546875,6692.52978515625,6765.47314453125,4451.58544921875,3397
2011-04-06,6564.87939453125,6583.115234375,6564.87939453125,6564.87939453125,4319.59716796875,5565
2011-04-07,6601.35107421875,6765.47314453125,6564.87939453125,6765.47314453125,4451.58544921875,441
2011-04-08,6747.2373046875,6747.2373046875,6491.9365234375,6491.9365234375,4271.6015625,2961
2011-04-11,6455.46484375,6747.2373046875,6455.46484375,6747.2373046875,4439.5859375,849
2011-04-12,6674.2939453125,6674.2939453125,6637.82275390625,6637.82275390625,4367.5927734375,1453
2011-04-13,6564.87939453125,6801.9443359375,6564.87939453125,6801.9443359375,4475.58154296875,685
2011-04-14,6729.00146484375,6747.2373046875,6729.00146484375,6747.2373046875,4439.5859375,493
2011-04-15,6747.2373046875,6929.5947265625,6619.5869140625,6729.00146484375,4427.58740234375,1069
2011-04-18,6601.35107421875,6765.47314453125,6601.35107421875,6692.52978515625,4403.58984375,1837
2011-04-19,6692.52978515625,6856.65185546875,6692.52978515625,6692.52978515625,4403.58984375,356
2011-04-20,7057.24560546875,7057.24560546875,6674.2939453125,6692.52978515625,4403.58984375,1124
2011-04-21,6564.87939453125,6893.12353515625,6564.87939453125,6656.05810546875,4379.591796875,5346
2011-04-22,6874.8876953125,6874.8876953125,6674.2939453125,6692.52978515625,4403.58984375,795
2011-04-25,6820.18017578125,6820.18017578125,6637.82275390625,6820.18017578125,4487.58203125,849
2011-04-26,6820.18017578125,7039.009765625,6729.00146484375,6801.9443359375,4475.58154296875,2083
2011-04-27,6801.9443359375,6874.8876953125,6729.00146484375,6801.9443359375,4475.58154296875,2467
2011-04-28,6801.9443359375,6893.12353515625,6729.00146484375,6874.8876953125,4523.5771484375,795
2011-04-29,7002.5380859375,7002.5380859375,6747.2373046875,6838.416015625,4499.58056640625,849
2011-05-02,6692.52978515625,6856.65185546875,6692.52978515625,6856.65185546875,4511.580078125,109
2011-05-03,6893.12353515625,6929.5947265625,6783.708984375,6838.416015625,4499.58056640625,712
2011-05-04,6801.9443359375,6911.359375,6729.00146484375,6820.18017578125,4487.58203125,1425
2011-05-06,6820.18017578125,6820.18017578125,6801.9443359375,6820.18017578125,4487.58203125,411
2011-05-09,6893.12353515625,6893.12353515625,6765.47314453125,6765.47314453125,4451.58544921875,1699
2011-05-11,6710.765625,6710.765625,6710.765625,6710.765625,4415.58837890625,383
2011-05-12,6674.2939453125,6692.52978515625,6400.75732421875,6491.9365234375,4271.6015625,19310
2011-05-13,6510.171875,6510.171875,6090.7490234375,6273.10693359375,4127.6162109375,578
2011-05-16,6346.05029296875,6346.05029296875,6200.1640625,6200.1640625,4079.61962890625,932
2011-05-17,6163.6923828125,6273.10693359375,6163.6923828125,6273.10693359375,4127.6162109375,466
2011-05-18,6346.05029296875,6346.05029296875,6273.10693359375,6273.10693359375,4127.6162109375,466
2011-05-19,6273.10693359375,6273.10693359375,6145.45654296875,6145.45654296875,4043.623046875,1672
2011-05-20,6327.814453125,6327.814453125,6127.220703125,6127.220703125,4031.62353515625,1316
2011-05-23,6108.98486328125,6200.1640625,6072.513671875,6200.1640625,4079.61962890625,1453
2011-05-24,6127.220703125,6418.9931640625,6090.7490234375,6418.9931640625,4223.60595703125,2878
2011-05-25,6418.9931640625,6418.9931640625,6418.9931640625,6418.9931640625,4223.60595703125,0
2011-05-26,6181.92822265625,6309.57861328125,6127.220703125,6127.220703125,4031.62353515625,1041
2011-05-27,6127.220703125,6254.87109375,6127.220703125,6254.87109375,4115.61572265625,191
2011-05-30,6236.63525390625,6254.87109375,6200.1640625,6254.87109375,4115.61572265625,411
2011-05-31,6236.63525390625,6236.63525390625,6200.1640625,6236.63525390625,4103.6171875,987
2011-06-01,6200.1640625,6200.1640625,6200.1640625,6200.1640625,4079.61962890625,575
2011-06-02,6145.45654296875,6200.1640625,6145.45654296875,6200.1640625,4079.61962890625,329
2011-06-03,6127.220703125,6127.220703125,6127.220703125,6127.220703125,4031.62353515625,137
2011-06-07,6200.1640625,6200.1640625,6200.1640625,6200.1640625,4079.61962890625,109
2011-06-08,6200.1640625,6200.1640625,6200.1640625,6200.1640625,4079.61962890625,191
2011-06-09,6054.27783203125,6054.27783203125,6054.27783203125,6054.27783203125,3983.628662109375,27
2011-06-10,5835.4482421875,6710.765625,5835.4482421875,6181.92822265625,4067.62060546875,630
2011-06-13,6200.1640625,6200.1640625,6200.1640625,6200.1640625,4079.61962890625,137
2011-06-14,6200.1640625,6200.1640625,6200.1640625,6200.1640625,4079.61962890625,274
2011-06-15,6309.57861328125,6382.521484375,6309.57861328125,6382.521484375,4199.6083984375,4414
2011-06-16,5470.73291015625,6346.05029296875,5470.73291015625,6346.05029296875,4175.61083984375,2440
2011-06-17,6382.521484375,6382.521484375,6200.1640625,6200.1640625,4079.61962890625,740
2011-06-20,6200.1640625,6218.39990234375,6200.1640625,6200.1640625,4079.61962890625,274
2011-06-21,6346.05029296875,6346.05029296875,6346.05029296875,6346.05029296875,4175.61083984375,27
2011-06-22,6327.814453125,6382.521484375,6254.87109375,6346.05029296875,4175.61083984375,2851
2011-06-23,6236.63525390625,6382.521484375,6236.63525390625,6382.521484375,4199.6083984375,274
2011-06-24,6382.521484375,6400.75732421875,6382.521484375,6400.75732421875,4211.607421875,137
2011-06-27,6400.75732421875,6400.75732421875,6400.75732421875,6400.75732421875,4211.607421875,0
2011-06-28,6145.45654296875,6674.2939453125,6145.45654296875,6637.82275390625,4367.5927734375,2549
2011-06-29,6637.82275390625,6637.82275390625,6637.82275390625,6637.82275390625,4367.5927734375,0
2011-06-30,6346.05029296875,6346.05029296875,6346.05029296875,6346.05029296875,4175.61083984375,139
2011-07-01,6346.05029296875,6747.2373046875,6346.05029296875,6747.2373046875,4439.5859375,2878
2011-07-04,6710.765625,6710.765625,6710.765625,6710.765625,4415.58837890625,1343
2011-07-05,6729.00146484375,6729.00146484375,6455.46484375,6710.765625,4415.58837890625,344271
2011-07-06,6601.35107421875,6710.765625,6601.35107421875,6710.765625,4415.58837890625,822
2011-07-07,6729.00146484375,6729.00146484375,6710.765625,6710.765625,4415.58837890625,109
2011-07-08,6747.2373046875,6820.18017578125,6674.2939453125,6820.18017578125,4487.58203125,1891
2011-07-11,6911.359375,7111.95263671875,6911.359375,7111.95263671875,4679.5634765625,6306
2011-07-12,6947.83056640625,8169.6279296875,6947.83056640625,8169.6279296875,5375.49853515625,37201
2011-07-13,9391.4248046875,9391.4248046875,9391.4248046875,9391.4248046875,6179.42333984375,17164
2011-07-14,10795.5791015625,10795.5791015625,9865.5546875,10795.5791015625,7103.337890625,368506
2011-07-15,11014.4091796875,11652.6611328125,10321.44921875,10941.4658203125,7199.330078125,77090
2011-07-18,10248.505859375,12436.7998046875,9993.205078125,11342.65234375,7463.302734375,126479
2011-07-19,11342.65234375,11634.4248046875,10631.45703125,10631.45703125,6995.3466796875,24846
2011-07-20,10667.9287109375,11123.8232421875,9628.490234375,10029.6767578125,6599.384765625,21057
2011-07-21,9993.205078125,10029.6767578125,9482.603515625,9737.904296875,6407.40283203125,29672
2011-07-22,9592.0185546875,9938.498046875,9154.359375,9592.0185546875,6311.412109375,23250
2011-07-25,9810.84765625,10139.091796875,9592.0185546875,10011.44140625,6587.38623046875,16122
2011-07-26,9938.498046875,11506.7744140625,9664.9609375,11506.7744140625,7571.29345703125,21967
2011-07-27,13220.9375,13220.9375,13220.9375,13220.9375,8699.1884765625,10380
2011-07-28,15190.4013671875,15190.4013671875,14552.1494140625,15190.4013671875,9995.0673828125,103231
2011-07-29,14552.1494140625,15299.81640625,13640.3603515625,13676.83203125,8999.1611328125,126986
2011-08-01,13220.9375,15135.6943359375,12582.685546875,13129.7587890625,8639.1943359375,40426
2011-08-02,13312.1162109375,15099.22265625,13275.6455078125,14916.865234375,9815.083984375,45035
2011-08-03,14369.7919921875,16521.61328125,12765.04296875,12765.04296875,8399.216796875,76278
2011-08-04,13512.7099609375,14679.7998046875,12947.4013671875,13530.9462890625,8903.1708984375,52015
2011-08-05,11579.7177734375,12345.6201171875,11506.7744140625,11926.197265625,7847.26708984375,44363
2011-08-08,11379.1240234375,11816.783203125,10139.091796875,10540.2783203125,6935.35302734375,42317
2011-08-09,10212.0341796875,11999.140625,9409.66015625,10759.1083984375,7079.34033203125,23059
2011-08-10,11123.8232421875,12163.2626953125,10759.1083984375,10813.8154296875,7115.33642578125,16094
2011-08-11,9628.490234375,11160.294921875,9628.490234375,10959.701171875,7211.32666015625,8609
2011-08-12,11196.7666015625,11306.181640625,10759.1083984375,10959.701171875,7211.32666015625,8444
2011-08-16,12509.7421875,12509.7421875,11196.7666015625,11379.1240234375,7487.30078125,10281
2011-08-17,11835.0185546875,11835.0185546875,10594.986328125,10868.5224609375,7151.33349609375,10967
2011-08-18,10868.5224609375,11233.23828125,10230.2705078125,10248.505859375,6743.3720703125,12722
2011-08-19,9956.7333984375,10868.5224609375,9847.3193359375,10558.5146484375,6947.3525390625,11737
2011-08-22,10832.05078125,10832.05078125,9792.611328125,10175.5634765625,6695.3759765625,8694
2011-08-23,9847.3193359375,10284.9775390625,9847.3193359375,10157.3271484375,6683.376953125,7139
2011-08-24,9865.5546875,10139.091796875,9774.3759765625,9792.611328125,6443.39892578125,8784
2011-08-25,10139.091796875,10193.798828125,9829.0830078125,9829.0830078125,6467.3974609375,2495
2011-08-26,9829.0830078125,9847.3193359375,9701.4326171875,9719.6689453125,6395.40283203125,2193
2011-08-29,9719.6689453125,9792.611328125,9482.603515625,9628.490234375,6335.4091796875,4332
2011-08-30,10139.091796875,10139.091796875,9646.7255859375,10029.6767578125,6599.384765625,3674
2011-08-31,10029.6767578125,10029.6767578125,9573.7822265625,9683.197265625,6371.40625,3166
2011-09-01,9683.197265625,9920.2626953125,9500.83984375,9902.0263671875,6515.39306640625,3265
2011-09-02,10102.6201171875,10102.6201171875,9719.6689453125,9902.0263671875,6515.39306640625,3956
2011-09-05,9628.490234375,10139.091796875,9409.66015625,10139.091796875,6671.376953125,6147
2011-09-06,9993.205078125,9993.205078125,9446.1318359375,9974.9697265625,6563.38720703125,2303
2011-09-07,9537.310546875,10212.0341796875,9537.310546875,10139.091796875,6671.376953125,2851
2011-09-08,9774.3759765625,10139.091796875,8844.3515625,10102.6201171875,6647.37939453125,3866
2011-09-09,10102.6201171875,10576.75,9829.0830078125,10576.75,6959.3505859375,2687
2011-09-14,10558.5146484375,10558.5146484375,10029.6767578125,10376.15625,6827.36279296875,2358
2011-09-15,10376.15625,10649.693359375,9956.7333984375,10357.9208984375,6815.3642578125,2330
2011-09-16,9938.498046875,10321.44921875,9938.498046875,10230.2705078125,6731.3720703125,959
2011-09-19,9847.3193359375,9956.7333984375,9847.3193359375,9956.7333984375,6551.3896484375,685
2011-09-20,9592.0185546875,9956.7333984375,9482.603515625,9956.7333984375,6551.3896484375,1288
2011-09-21,9956.7333984375,10339.685546875,9956.7333984375,10303.2138671875,6779.36767578125,2275
2011-09-22,10029.6767578125,10485.5712890625,9938.498046875,10485.5712890625,6899.35595703125,1041
2011-09-23,10212.0341796875,10303.2138671875,9482.603515625,10029.6767578125,6599.384765625,2604
2011-09-26,9810.84765625,9993.205078125,8953.765625,9664.9609375,6359.40673828125,2358
2011-09-27,8552.5791015625,9519.0751953125,8552.5791015625,9519.0751953125,6263.41552734375,11790
2011-09-28,9373.1884765625,9464.3681640625,8807.8798828125,9464.3681640625,6227.41943359375,2440
2011-09-29,9300.24609375,9737.904296875,9300.24609375,9737.904296875,6407.40283203125,1508
2011-09-30,9956.7333984375,10029.6767578125,9847.3193359375,10029.6767578125,6599.384765625,1206
2011-10-04,10029.6767578125,10029.6767578125,9883.791015625,9993.205078125,6575.38623046875,2330
2011-10-05,9993.205078125,10357.9208984375,9847.3193359375,10102.6201171875,6647.37939453125,1041
2011-10-06,9847.3193359375,10120.85546875,9847.3193359375,10102.6201171875,6647.37939453125,685
2011-10-07,9847.3193359375,10102.6201171875,9664.9609375,10102.6201171875,6647.37939453125,3701
2011-10-10,10102.6201171875,10175.5634765625,9883.791015625,10175.5634765625,6695.3759765625,4195
2011-10-11,10212.0341796875,11616.189453125,10212.0341796875,11525.0107421875,7583.29345703125,13618
2011-10-12,11525.0107421875,13056.8154296875,11123.8232421875,11525.0107421875,7583.29345703125,20509
2011-10-13,11561.482421875,12035.6123046875,11561.482421875,11889.7255859375,7823.271484375,2495
2011-10-14,12327.384765625,13658.5966796875,12072.083984375,13658.5966796875,8987.1630859375,10611
2011-10-17,14059.783203125,15646.2958984375,13859.189453125,14588.62109375,9599.103515625,32375
2011-10-18,13749.775390625,14552.1494140625,12673.8642578125,12673.8642578125,8339.22265625,25115
2011-10-19,12819.7509765625,13312.1162109375,11707.3681640625,11944.43359375,7859.26708984375,14265
2011-10-20,12217.9697265625,12801.5146484375,11488.5390625,11762.0751953125,7739.2763671875,9925
2011-10-21,11780.3115234375,13512.7099609375,11780.3115234375,13512.7099609375,8891.1708984375,9495
2011-10-24,12181.498046875,13585.6533203125,12163.2626953125,12655.62890625,8327.224609375,12634
2011-10-25,12655.62890625,13676.83203125,12400.328125,12673.8642578125,8339.22265625,8307
2011-10-26,12929.1650390625,12929.1650390625,12418.5634765625,12655.62890625,8327.224609375,6854
2011-10-27,12582.685546875,13676.83203125,12582.685546875,12983.873046875,8543.203125,10062
2011-10-28,13585.6533203125,13585.6533203125,12600.9208984375,12947.4013671875,8519.205078125,9160
2011-10-31,13312.1162109375,13312.1162109375,12546.2138671875,12728.5712890625,8375.2197265625,2352
2011-11-01,13239.173828125,13239.173828125,12600.9208984375,12837.986328125,8447.2119140625,1565
2011-11-02,12473.2705078125,12819.7509765625,12309.1484375,12819.7509765625,8435.212890625,2577
2011-11-03,12746.8076171875,12746.8076171875,12509.7421875,12728.5712890625,8375.2197265625,2988
2011-11-04,13093.287109375,13093.287109375,12582.685546875,12947.4013671875,8519.205078125,2744
2011-11-07,13239.173828125,13239.173828125,12673.8642578125,12983.873046875,8543.203125,2440
2011-11-08,12765.04296875,14916.865234375,12728.5712890625,14187.43359375,9335.12890625,16176
2011-11-09,14898.62890625,14898.62890625,13749.775390625,14588.62109375,9599.103515625,6361
2011-11-10,14843.921875,15500.41015625,13512.7099609375,14661.564453125,9647.1005859375,14038
2011-11-11,15318.0517578125,15482.173828125,14242.1416015625,14898.62890625,9803.0869140625,10770
2011-11-14,14862.1572265625,14916.865234375,14078.01953125,14916.865234375,9815.083984375,5511
2011-11-15,14406.263671875,14971.572265625,14242.1416015625,14971.572265625,9851.08203125,6278
2011-11-16,14971.572265625,15099.22265625,14150.9619140625,14862.1572265625,9779.087890625,6281
2011-11-17,14223.9052734375,14770.978515625,14187.43359375,14679.7998046875,9659.09765625,3564
2011-11-18,14278.6123046875,14935.1005859375,14278.6123046875,14843.921875,9767.08984375,8173
2011-11-21,14533.9140625,14533.9140625,14278.6123046875,14442.734375,9503.11328125,6607
2011-11-22,14552.1494140625,14552.1494140625,14150.9619140625,14187.43359375,9335.12890625,2467
2011-11-23,13913.8974609375,14406.263671875,13676.83203125,14406.263671875,9479.1162109375,7183
2011-11-24,13676.83203125,14005.076171875,13603.888671875,13640.3603515625,8975.1640625,5154
2011-11-25,13603.888671875,14406.263671875,13348.587890625,13768.0107421875,9059.15625,1069
2011-11-28,13768.0107421875,14041.5478515625,13476.23828125,13676.83203125,8999.1611328125,1261
2011-11-29,13530.9462890625,13840.9541015625,13202.7021484375,13458.0029296875,8855.1748046875,6744
2011-11-30,13640.3603515625,13676.83203125,13129.7587890625,13658.5966796875,8987.1630859375,2687
2011-12-01,13786.2470703125,13786.2470703125,13366.82421875,13786.2470703125,9071.1552734375,797
2011-12-02,13512.7099609375,13512.7099609375,13129.7587890625,13494.474609375,8879.171875,1782
2011-12-05,13184.4658203125,13458.0029296875,13147.9951171875,13458.0029296875,8855.1748046875,1370
2011-12-06,13202.7021484375,13312.1162109375,12892.693359375,13312.1162109375,8759.18359375,1263
2011-12-07,13421.53125,13421.53125,12783.279296875,12783.279296875,8411.2158203125,1902
2011-12-08,12947.4013671875,12947.4013671875,12400.328125,12527.978515625,8243.2314453125,3534
2011-12-09,12637.392578125,13038.580078125,12582.685546875,12582.685546875,8279.228515625,2933
2011-12-12,12692.1005859375,12819.7509765625,12473.2705078125,12819.7509765625,8435.212890625,2193
2011-12-13,12819.7509765625,13184.4658203125,12564.4501953125,13184.4658203125,8675.1904296875,411
2011-12-14,13293.880859375,13293.880859375,12400.328125,12947.4013671875,8519.205078125,1590
2011-12-15,13275.6455078125,13275.6455078125,12600.9208984375,12600.9208984375,8291.2255859375,603
2011-12-16,12837.986328125,12837.986328125,12400.328125,12400.328125,8159.2392578125,3218
2011-12-19,12546.2138671875,12546.2138671875,11707.3681640625,11816.783203125,7775.27392578125,1019
2011-12-20,13020.34375,13020.34375,11780.3115234375,11816.783203125,7775.27392578125,959
2011-12-21,11962.6689453125,12254.44140625,11907.9619140625,12254.44140625,8063.2470703125,493
2011-12-22,11907.9619140625,12163.2626953125,11889.7255859375,12163.2626953125,8003.25390625,82
2011-12-23,11980.9052734375,12947.4013671875,11980.9052734375,12947.4013671875,8519.205078125,301
2011-12-26,12947.4013671875,13056.8154296875,12765.04296875,13056.8154296875,8591.1982421875,493
2011-12-27,13056.8154296875,13129.7587890625,12582.685546875,13111.5234375,8627.1953125,1151
2011-12-28,13111.5234375,13111.5234375,13111.5234375,13111.5234375,8675.458984375,54
2011-12-29,12619.1572265625,13275.6455078125,12382.091796875,13275.6455078125,8784.052734375,987
2012-01-02,12564.4501953125,13111.5234375,12564.4501953125,13111.5234375,8675.458984375,164
2012-01-03,12582.685546875,13330.3525390625,12582.685546875,13020.34375,8615.126953125,904
2012-01-04,13239.173828125,13348.587890625,13239.173828125,13348.587890625,8832.31640625,383
2012-01-05,12929.1650390625,13312.1162109375,12929.1650390625,13275.6455078125,8784.052734375,740
2012-01-06,13275.6455078125,13275.6455078125,13275.6455078125,13275.6455078125,8784.052734375,0
2012-01-09,12947.4013671875,13421.53125,12947.4013671875,13421.53125,8880.58203125,959
2012-01-10,13731.5390625,14460.970703125,13713.3037109375,14114.4912109375,9339.08984375,548
2012-01-11,14150.9619140625,14606.8564453125,13494.474609375,14588.62109375,9652.8056640625,4633
2012-01-12,14734.5068359375,14734.5068359375,13749.775390625,14570.384765625,9640.7392578125,438
2012-01-13,13877.42578125,14388.02734375,13877.42578125,14388.02734375,9520.0810546875,356
2012-01-16,14388.02734375,14388.02734375,13986.8408203125,14114.4912109375,9339.08984375,246
2012-01-17,14114.4912109375,14114.4912109375,13239.173828125,13257.4091796875,8771.98828125,1453
2012-01-18,13202.7021484375,13239.173828125,12400.328125,12892.693359375,8530.66796875,2632
2012-01-19,12874.4580078125,13075.0517578125,12874.4580078125,13075.0517578125,8651.328125,1754
2012-01-20,12765.04296875,12983.873046875,12509.7421875,12947.4013671875,8566.8642578125,795
2012-01-25,12527.978515625,12929.1650390625,12436.7998046875,12655.62890625,8373.810546875,520
2012-01-26,12692.1005859375,12947.4013671875,12692.1005859375,12947.4013671875,8566.8642578125,137
2012-01-27,13038.580078125,14880.3935546875,13038.580078125,13968.6044921875,9242.5625,8253
2012-01-30,14132.7265625,16047.4833984375,14132.7265625,16047.4833984375,10618.0859375,15773
2012-01-31,17688.703125,18454.60546875,17688.703125,18454.60546875,12210.7978515625,11496
2012-02-01,21153.5,21189.97265625,15828.6533203125,18418.134765625,12186.6689453125,68338
2012-02-02,18928.736328125,21153.5,18600.4921875,21153.5,13996.5673828125,25178
2012-02-03,21882.931640625,22174.703125,18235.775390625,18272.248046875,12090.1396484375,39134
2012-02-06,17633.99609375,19694.638671875,15536.880859375,16047.4833984375,10618.0859375,32334
2012-02-07,16047.4833984375,16430.43359375,15354.5234375,15682.767578125,10376.765625,14871
2012-02-08,15719.2392578125,15865.125,15226.873046875,15865.125,10497.42578125,10591
2012-02-09,16047.4833984375,18235.775390625,15919.8330078125,18235.775390625,12066.0078125,125602
2012-02-10,20971.142578125,20971.142578125,20971.142578125,20971.142578125,13875.908203125,1839
2012-02-13,24107.6953125,24107.6953125,24107.6953125,24107.6953125,15951.2626953125,1373
2012-02-14,27718.37890625,27718.37890625,26624.232421875,27718.37890625,18340.330078125,46485
2012-02-15,31693.779296875,31876.13671875,23560.623046875,24071.224609375,15927.12890625,479924
2012-02-16,24435.939453125,25894.802734375,22940.60546875,23159.435546875,15323.8271484375,110691
2012-02-17,22648.833984375,23341.79296875,20788.78515625,21518.216796875,14237.890625,77416
2012-02-20,22065.2890625,23414.736328125,21445.2734375,22101.759765625,14624.0009765625,58980
2012-02-21,22430.00390625,22575.890625,20971.142578125,21153.5,13996.5673828125,26154
2012-02-22,21335.857421875,22758.248046875,20424.068359375,21481.744140625,14213.755859375,26966
2012-02-23,21846.458984375,21846.458984375,19876.99609375,19949.939453125,13200.2109375,24218
2012-02-24,19876.99609375,22247.646484375,19876.99609375,22101.759765625,14624.0009765625,45676
2012-02-27,21153.5,22028.818359375,20642.8984375,21335.857421875,14117.2294921875,17037
2012-02-28,21335.857421875,21992.345703125,20387.59765625,20387.59765625,13489.796875,15337
2012-02-29,20387.59765625,20387.59765625,18600.4921875,18965.20703125,12548.6484375,22576
2012-03-02,19329.921875,19986.41015625,19001.6796875,19147.564453125,12669.3076171875,12108
2012-03-05,18855.79296875,21992.345703125,18636.962890625,21992.345703125,14551.6044921875,60877
2012-03-06,22904.134765625,25274.78515625,20971.142578125,20971.142578125,13875.908203125,218959
2012-03-07,19840.525390625,20533.484375,18782.849609375,19038.150390625,12596.91015625,66525
2012-03-08,19694.638671875,21882.931640625,19402.865234375,21700.57421875,14358.55078125,87479
2012-03-09,20569.955078125,21044.0859375,19694.638671875,20205.240234375,13369.1357421875,40061
2012-03-12,19439.337890625,21080.556640625,19439.337890625,19804.052734375,13103.6845703125,20388
2012-03-13,19731.109375,20606.427734375,19038.150390625,19329.921875,12789.966796875,23703
2012-03-14,19767.58203125,20205.240234375,19147.564453125,19913.466796875,13176.080078125,19543
2012-03-15,20241.7109375,20825.255859375,19366.39453125,19840.525390625,13127.8173828125,26650
2012-03-16,20022.8828125,20022.8828125,19147.564453125,19475.80859375,12886.498046875,15801
2012-03-19,19512.28125,19804.052734375,19147.564453125,19329.921875,12789.966796875,8036
2012-03-20,19038.150390625,19621.6953125,18782.849609375,19147.564453125,12669.3076171875,12911
2012-03-21,19184.037109375,19475.80859375,18673.435546875,18709.90625,12379.7255859375,8582
2012-03-22,18709.90625,18709.90625,17944.00390625,18235.775390625,12066.0078125,14361
2012-03-23,18016.947265625,20679.37109375,17998.7109375,18965.20703125,12548.6484375,52301
2012-03-26,18418.134765625,18564.01953125,16521.61328125,16631.02734375,11004.197265625,47036
2012-03-27,16631.02734375,16904.564453125,15682.767578125,15682.767578125,10376.765625,25990
2012-03-28,15682.767578125,15901.5966796875,15318.0517578125,15828.6533203125,10473.294921875,12829
2012-03-29,15682.767578125,15865.125,15390.9951171875,15628.060546875,10340.568359375,13262
2012-03-30,15901.5966796875,16065.71875,15390.9951171875,15591.5888671875,10316.435546875,7836
2012-04-02,15536.880859375,15555.1171875,15135.6943359375,15135.6943359375,10014.7861328125,5390
2012-04-03,15153.9296875,17396.9296875,14953.3369140625,16849.857421875,11148.9921875,92677
2012-04-04,16412.19921875,16430.43359375,14497.4423828125,14552.1494140625,9628.6728515625,43381
2012-04-05,14260.376953125,16047.4833984375,14223.9052734375,15080.9873046875,9978.58984375,33870
2012-04-06,14825.6865234375,14971.572265625,14424.4990234375,14770.978515625,9773.4658203125,12941
2012-04-09,14698.03515625,14789.21484375,13786.2470703125,13895.6611328125,9194.296875,13613
2012-04-10,14041.5478515625,14333.3203125,13603.888671875,13676.83203125,9049.5068359375,9588
2012-04-12,13695.068359375,13695.068359375,12947.4013671875,13038.580078125,8627.1943359375,14773
2012-04-13,12801.5146484375,13676.83203125,12801.5146484375,13421.53125,8880.58203125,15507
2012-04-16,13147.9951171875,13512.7099609375,12874.4580078125,13458.0029296875,8904.71484375,5083
2012-04-17,13439.7666015625,15190.4013671875,13293.880859375,13968.6044921875,9242.5625,25299
2012-04-18,14150.9619140625,14789.21484375,13840.9541015625,14242.1416015625,9423.5517578125,11770
2012-04-19,14388.02734375,14570.384765625,13749.775390625,13913.8974609375,9206.3642578125,10416
2012-04-20,13913.8974609375,14096.2548828125,13713.3037109375,13749.775390625,9097.7685546875,4935
2012-04-23,13713.3037109375,14588.62109375,13676.83203125,13749.775390625,9097.7685546875,6698
2012-04-24,13676.83203125,13932.1328125,12983.873046875,13202.7021484375,8735.7890625,8206
2012-04-25,13385.0595703125,13385.0595703125,12910.9296875,13020.34375,8615.126953125,3506
2012-04-26,13567.41796875,14971.572265625,13184.4658203125,14971.572265625,9906.1923828125,52783
2012-04-27,15682.767578125,16321.01953125,13950.369140625,14150.9619140625,9363.2216796875,39551
2012-04-30,14223.9052734375,14442.734375,13530.9462890625,13713.3037109375,9073.638671875,11186
2012-05-02,13403.2958984375,13932.1328125,13348.587890625,13676.83203125,9049.5068359375,9961
2012-05-03,13676.83203125,15190.4013671875,13549.181640625,14570.384765625,9640.7392578125,16676
2012-05-04,14497.4423828125,16740.443359375,14497.4423828125,16740.443359375,11076.5947265625,65267
2012-05-07,17688.703125,19220.5078125,16740.443359375,19220.5078125,12717.5703125,33346
2012-05-08,21882.931640625,21955.875,18819.3203125,20059.353515625,13272.6083984375,145220
2012-05-09,19731.109375,23050.021484375,19038.150390625,23050.021484375,15251.4326171875,126498
2012-05-10,24435.939453125,26478.34765625,20168.767578125,21700.57421875,14358.55078125,200660
2012-05-11,19694.638671875,21080.556640625,19111.09375,19329.921875,12789.966796875,72960
2012-05-14,18855.79296875,22211.17578125,18636.962890625,22211.17578125,14696.396484375,142023
2012-05-15,22430.00390625,25384.201171875,21153.5,24144.16796875,15975.3974609375,128006
2012-05-16,23414.736328125,24144.16796875,20533.484375,20533.484375,13586.3232421875,93371
2012-05-17,21335.857421875,23597.09375,21335.857421875,23597.09375,15613.4111328125,37185
2012-05-18,23779.451171875,26952.4765625,23779.451171875,25566.55859375,16916.54296875,111662
2012-05-21,25566.55859375,26113.630859375,23232.37890625,23888.8671875,15806.470703125,55604
2012-05-22,24071.224609375,25420.671875,22320.58984375,23341.79296875,15444.486328125,51124
2012-05-23,24144.16796875,25019.484375,23050.021484375,23050.021484375,15251.4326171875,64428
2012-05-24,23050.021484375,24800.65625,22211.17578125,24800.65625,16409.76953125,37555
2012-05-25,25201.841796875,26879.533203125,23742.98046875,24253.58203125,16047.7900390625,34388
2012-05-29,23815.923828125,23852.39453125,21919.40234375,22247.646484375,14720.5302734375,41319
2012-05-30,23159.435546875,25019.484375,21809.98828125,22940.60546875,15179.0419921875,57329
2012-05-31,22575.890625,24034.75390625,22101.759765625,23597.09375,15613.4111328125,22867
2012-06-01,23487.6796875,23487.6796875,22575.890625,22612.36328125,14961.8515625,19777
2012-06-04,21554.6875,23524.150390625,21518.216796875,22502.947265625,14889.4521484375,24728
2012-06-05,21664.1015625,24472.412109375,21664.1015625,23779.451171875,15734.076171875,38487
2012-06-07,23597.09375,24034.75390625,22502.947265625,22502.947265625,14889.4521484375,28644
2012-06-08,22758.248046875,23050.021484375,20752.3125,21700.57421875,14358.55078125,32543
2012-06-11,21189.97265625,22794.720703125,21153.5,21992.345703125,14551.6044921875,21112
2012-06-12,22065.2890625,22575.890625,20825.255859375,22065.2890625,14599.869140625,28721
2012-06-13,21882.931640625,21882.931640625,20971.142578125,20971.142578125,13875.908203125,23346
2012-06-14,20569.955078125,21117.029296875,19074.62109375,20059.353515625,13272.6083984375,38654
2012-06-15,19767.58203125,20205.240234375,19111.09375,19147.564453125,12669.3076171875,17882
2012-06-18,18892.263671875,19913.466796875,18892.263671875,19256.98046875,12741.7041015625,14545
2012-06-19,19256.98046875,19694.638671875,18600.4921875,18600.4921875,12307.328125,20520
2012-06-20,18673.435546875,19512.28125,18454.60546875,18564.01953125,12283.193359375,19837
2012-06-21,18782.849609375,21335.857421875,18600.4921875,21335.857421875,14117.2294921875,48511
2012-06-22,22430.00390625,22977.078125,19767.58203125,19767.58203125,13079.552734375,56246
2012-06-25,19949.939453125,22174.703125,19767.58203125,20898.19921875,13827.642578125,39987
2012-06-26,20424.068359375,21153.5,19658.166015625,19804.052734375,13103.6845703125,21093
2012-06-27,20132.296875,20314.654296875,18965.20703125,19038.150390625,12596.91015625,21298
2012-06-28,19147.564453125,19986.41015625,18892.263671875,19001.6796875,12572.78125,23884
2012-06-29,19038.150390625,19329.921875,18600.4921875,19038.150390625,12596.91015625,17048
2012-07-02,19512.28125,19876.99609375,18965.20703125,19147.564453125,12669.3076171875,14509
2012-07-03,19147.564453125,19876.99609375,19074.62109375,19220.5078125,12717.5703125,17281
2012-07-04,19293.451171875,19804.052734375,19293.451171875,19585.22265625,12958.8916015625,9925
2012-07-05,19986.41015625,19986.41015625,19147.564453125,19147.564453125,12669.3076171875,14732
2012-07-06,18928.736328125,19220.5078125,18673.435546875,18855.79296875,12476.251953125,13659
2012-07-09,21664.1015625,21664.1015625,21664.1015625,21664.1015625,14334.4169921875,13994
2012-07-10,24800.65625,24910.0703125,24071.224609375,24910.0703125,16482.1640625,70852
2012-07-11,24946.541015625,28630.16796875,24217.111328125,28630.16796875,18943.6328125,163456
2012-07-12,28083.095703125,29906.673828125,26332.4609375,28994.884765625,19184.951171875,88951
2012-07-13,28994.884765625,31657.306640625,28083.095703125,28812.52734375,19064.29296875,72873
2012-07-16,28812.52734375,30161.974609375,25931.2734375,26113.630859375,17278.51953125,58804
2012-07-17,26077.16015625,30016.087890625,24654.76953125,29979.615234375,19836.517578125,92976
2012-07-18,28994.884765625,29724.314453125,27718.37890625,27718.37890625,18340.330078125,57091
2012-07-19,27025.419921875,27499.55078125,23560.623046875,24034.75390625,15903.0,89231
2012-07-20,23633.56640625,24581.826171875,22393.533203125,22393.533203125,14817.0576171875,68398
2012-07-23,22138.232421875,23633.56640625,21737.044921875,22393.533203125,14817.0576171875,56498
2012-07-24,22794.720703125,23524.150390625,21992.345703125,23159.435546875,15323.8271484375,36834
2012-07-25,23159.435546875,23305.322265625,21882.931640625,21882.931640625,14479.2109375,32685
2012-07-26,22065.2890625,22430.00390625,21153.5,22430.00390625,14841.189453125,22568
2012-07-27,22320.58984375,22575.890625,21700.57421875,22101.759765625,14624.0009765625,15283
2012-07-30,22539.419921875,23086.4921875,22211.17578125,22211.17578125,14696.396484375,14844
2012-07-31,22028.818359375,23305.322265625,22028.818359375,22721.77734375,15034.24609375,18658
2012-08-01,22539.419921875,22612.36328125,22028.818359375,22539.419921875,14913.5849609375,25795
2012-08-02,22575.890625,22575.890625,22028.818359375,22138.232421875,14648.1318359375,15162
2012-08-03,22247.646484375,22575.890625,21773.517578125,22284.119140625,14744.6611328125,13854
2012-08-06,22430.00390625,22430.00390625,21882.931640625,21955.875,14527.474609375,15645
2012-08-07,22101.759765625,22101.759765625,21518.216796875,22028.818359375,14575.7373046875,8963
2012-08-08,22211.17578125,22211.17578125,21554.6875,21809.98828125,14430.9453125,11088
2012-08-09,21882.931640625,22904.134765625,21153.5,22247.646484375,14720.5302734375,31410
2012-08-10,22466.4765625,22466.4765625,21882.931640625,22065.2890625,14599.869140625,8170
2012-08-13,22211.17578125,22211.17578125,21518.216796875,21664.1015625,14334.4169921875,5999
2012-08-14,21773.517578125,22320.58984375,21408.80078125,21773.517578125,14406.8134765625,20769
2012-08-16,21919.40234375,21955.875,21044.0859375,21044.0859375,13924.1708984375,32962
2012-08-17,22430.00390625,22904.134765625,18564.01953125,18855.79296875,12476.251953125,144849
2012-08-20,18782.849609375,18928.736328125,17579.2890625,17706.939453125,11716.09375,93832
2012-08-21,17889.296875,18782.849609375,17178.1015625,18199.3046875,12041.875,45684
2012-08-22,17706.939453125,18418.134765625,17670.466796875,18308.71875,12114.2705078125,21520
2012-08-23,18053.41796875,18272.248046875,17871.060546875,17871.060546875,11824.6875,16722
2012-08-24,17506.345703125,18144.59765625,17323.98828125,18144.59765625,12005.6787109375,31249
2012-08-27,18126.361328125,18126.361328125,17579.2890625,17706.939453125,11716.09375,14523
2012-08-28,17524.580078125,18089.890625,17524.580078125,18016.947265625,11921.216796875,21161
2012-08-29,18016.947265625,18235.775390625,17615.759765625,18016.947265625,11921.216796875,6887
2012-08-30,18089.890625,18235.775390625,17542.81640625,17798.1171875,11776.4228515625,12448
2012-08-31,17688.703125,17725.173828125,17433.40234375,17433.40234375,11535.1025390625,12275
2012-09-03,17542.81640625,17542.81640625,17214.572265625,17269.279296875,11426.5087890625,7328
2012-09-04,17232.80859375,18892.263671875,17232.80859375,17579.2890625,11631.6298828125,34454
2012-09-05,17579.2890625,18126.361328125,17342.22265625,17597.5234375,11643.6962890625,11027
2012-09-06,17579.2890625,17816.353515625,17360.458984375,17415.166015625,11523.0380859375,4869
2012-09-07,17944.00390625,17944.00390625,17287.515625,17305.751953125,11450.642578125,6163
2012-09-10,17287.515625,18928.736328125,17251.044921875,17688.703125,11704.02734375,39828
2012-09-11,17597.5234375,17725.173828125,17360.458984375,17360.458984375,11486.8388671875,16486
2012-09-12,17378.6953125,17579.2890625,17068.685546875,17469.873046875,11559.232421875,11477
2012-09-13,17506.345703125,18162.833984375,17196.337890625,17506.345703125,11583.3671875,14320
2012-09-14,17396.9296875,17652.23046875,17305.751953125,17360.458984375,11486.8388671875,11247
2012-09-17,17378.6953125,17378.6953125,16959.271484375,16959.271484375,11221.3876953125,17057
2012-09-18,16831.62109375,17050.451171875,16594.556640625,16594.556640625,10980.0673828125,18334
2012-09-19,16612.79296875,16776.9140625,16466.90625,16685.734375,11040.3955078125,7718
2012-09-20,16685.734375,16886.328125,16412.19921875,16412.19921875,10859.40625,9722
2012-09-21,16229.8408203125,16485.142578125,15682.767578125,16102.1904296875,10654.283203125,18493
2012-09-24,16102.1904296875,16466.90625,15664.5322265625,15865.125,10497.42578125,12930
2012-09-25,15555.1171875,15865.125,15190.4013671875,15190.4013671875,10050.984375,15576
2012-09-26,15135.6943359375,17415.166015625,14935.1005859375,16229.8408203125,10738.74609375,36107
2012-09-27,16229.8408203125,16904.564453125,15463.9384765625,15919.8330078125,10533.625,15085
2012-09-28,15938.068359375,16485.142578125,15701.0029296875,15865.125,10497.42578125,7293
2012-10-02,15755.7109375,16229.8408203125,15628.060546875,15883.361328125,10509.4931640625,2788
2012-10-04,15701.0029296875,16083.955078125,15354.5234375,15664.5322265625,10364.7001953125,4987
2012-10-05,15682.767578125,15865.125,15062.7509765625,15208.6376953125,10063.05078125,11625
2012-10-08,15062.7509765625,15463.9384765625,15044.515625,15208.6376953125,10063.05078125,3975
2012-10-09,15409.23046875,15409.23046875,15099.22265625,15135.6943359375,10014.7861328125,3051
2012-10-10,14953.3369140625,15135.6943359375,14369.7919921875,14442.734375,9556.27734375,19977
2012-10-11,14223.9052734375,15281.580078125,14223.9052734375,14661.564453125,9701.0703125,6229
2012-10-12,14606.8564453125,14916.865234375,14369.7919921875,14515.677734375,9604.541015625,3413
2012-10-15,14296.8486328125,14515.677734375,13056.8154296875,13859.189453125,9170.1650390625,7074
2012-10-16,13895.6611328125,14059.783203125,13713.3037109375,13968.6044921875,9242.5625,7148
2012-10-17,13913.8974609375,14588.62109375,13913.8974609375,14278.6123046875,9447.68359375,5486
2012-10-18,14497.4423828125,14497.4423828125,13877.42578125,14059.783203125,9302.892578125,4482
2012-10-19,14059.783203125,14606.8564453125,14059.783203125,14169.1982421875,9375.2880859375,5209
2012-10-22,13549.181640625,13986.8408203125,13512.7099609375,13840.9541015625,9158.099609375,5324
2012-10-23,14114.4912109375,14114.4912109375,14041.5478515625,14114.4912109375,9339.08984375,1919
2012-10-24,13530.9462890625,13968.6044921875,13530.9462890625,13713.3037109375,9073.638671875,3306
2012-10-25,13512.7099609375,13859.189453125,13494.474609375,13494.474609375,8928.8466796875,4482
2012-10-26,13549.181640625,13786.2470703125,12910.9296875,13002.1083984375,8603.0634765625,3830
2012-10-29,12436.7998046875,12819.7509765625,12436.7998046875,12582.685546875,8325.544921875,4853
2012-10-30,12582.685546875,12910.9296875,12436.7998046875,12892.693359375,8530.66796875,4524
2012-10-31,12892.693359375,13002.1083984375,12692.1005859375,12765.04296875,8446.205078125,5110
2012-11-01,12619.1572265625,13002.1083984375,12455.03515625,12473.2705078125,8253.1494140625,2336
2012-11-02,12637.392578125,12637.392578125,12309.1484375,12436.7998046875,8229.0166015625,1708
2012-11-05,12491.5068359375,13385.0595703125,12400.328125,12819.7509765625,8482.4033203125,7825
2012-11-06,12728.5712890625,13239.173828125,12473.2705078125,12619.1572265625,8349.6767578125,6106
2012-11-07,12673.8642578125,14333.3203125,12673.8642578125,13166.23046875,8711.65625,16459
2012-11-08,13239.173828125,14078.01953125,13239.173828125,13385.0595703125,8856.4501953125,8272
2012-11-09,13385.0595703125,13658.5966796875,13056.8154296875,13494.474609375,8928.8466796875,2659
2012-11-12,13695.068359375,13695.068359375,13093.287109375,13202.7021484375,8735.7890625,4907
2012-11-13,13129.7587890625,13129.7587890625,12801.5146484375,12929.1650390625,8554.798828125,4121
2012-11-14,12929.1650390625,12929.1650390625,12473.2705078125,12600.9208984375,8337.6103515625,4178
2012-11-15,12473.2705078125,12801.5146484375,12363.8564453125,12692.1005859375,8397.94140625,5653
2012-11-16,12819.7509765625,12819.7509765625,12327.384765625,12327.384765625,8156.62060546875,3605
2012-11-19,12509.7421875,12673.8642578125,12145.02734375,12327.384765625,8156.62060546875,4140
2012-11-20,12892.693359375,12910.9296875,12345.6201171875,12418.5634765625,8216.951171875,3704
2012-11-21,12710.3359375,12710.3359375,12290.9130859375,12363.8564453125,8180.7529296875,2001
2012-11-22,12418.5634765625,12455.03515625,12254.44140625,12363.8564453125,8180.7529296875,4836
2012-11-23,12327.384765625,12765.04296875,12327.384765625,12473.2705078125,8253.1494140625,2116
2012-11-26,12473.2705078125,12728.5712890625,12345.6201171875,12436.7998046875,8229.0166015625,2193
2012-11-27,12363.8564453125,12746.8076171875,12309.1484375,12363.8564453125,8180.7529296875,3501
2012-11-28,12600.9208984375,12600.9208984375,12272.677734375,12272.677734375,8120.4228515625,2585
2012-11-29,12436.7998046875,12746.8076171875,12382.091796875,12400.328125,8204.884765625,3619
2012-11-30,12527.978515625,14260.376953125,12436.7998046875,13166.23046875,8711.65625,54755
2012-12-03,13166.23046875,13476.23828125,12856.22265625,13020.34375,8615.126953125,10805
2012-12-04,13202.7021484375,14971.572265625,13202.7021484375,14351.5556640625,9495.947265625,66865
2012-12-05,14880.3935546875,15117.4580078125,13603.888671875,13695.068359375,9061.5712890625,42087
2012-12-06,13749.775390625,15318.0517578125,13731.5390625,13968.6044921875,9242.5625,34881
2012-12-07,14296.8486328125,14296.8486328125,13239.173828125,13348.587890625,8832.31640625,26075
2012-12-10,13512.7099609375,13567.41796875,13038.580078125,13494.474609375,8928.8466796875,32463
2012-12-11,13494.474609375,13494.474609375,12856.22265625,13239.173828125,8759.9208984375,41245
2012-12-12,13111.5234375,13220.9375,12728.5712890625,12947.4013671875,8566.8642578125,32181
2012-12-13,12874.4580078125,13020.34375,12363.8564453125,12363.8564453125,8180.7529296875,54195
2012-12-14,12327.384765625,12527.978515625,12035.6123046875,12035.6123046875,7963.564453125,73015
2012-12-17,12035.6123046875,12217.9697265625,11962.6689453125,12035.6123046875,7963.564453125,30675
2012-12-18,12035.6123046875,12327.384765625,12035.6123046875,12108.5556640625,8011.8291015625,34328
2012-12-20,12108.5556640625,12254.44140625,12072.083984375,12072.083984375,7987.69873046875,17657
2012-12-21,12272.677734375,12947.4013671875,12199.734375,12509.7421875,8277.2802734375,26818
2012-12-24,12600.9208984375,12947.4013671875,12527.978515625,12655.62890625,8373.810546875,8971
2012-12-26,12728.5712890625,12892.693359375,12673.8642578125,12892.693359375,8530.66796875,15017
2012-12-27,12892.693359375,13220.9375,12892.693359375,13184.4658203125,8773.3603515625,14367
2012-12-28,13239.173828125,13312.1162109375,12965.63671875,13220.9375,8797.630859375,9294
2013-01-02,13421.53125,13421.53125,13002.1083984375,13129.7587890625,8736.95703125,5598
2013-01-03,13129.7587890625,14935.1005859375,13129.7587890625,13658.5966796875,9088.86328125,11570
2013-01-04,13676.83203125,13932.1328125,13494.474609375,13585.6533203125,9040.32421875,6528
2013-01-07,13530.9462890625,13549.181640625,13129.7587890625,13403.2958984375,8918.9765625,8332
2013-01-08,13476.23828125,13676.83203125,13184.4658203125,13312.1162109375,8858.3046875,6443
2013-01-09,13348.587890625,13348.587890625,13038.580078125,13093.287109375,8712.6875,23730
2013-01-10,13093.287109375,13312.1162109375,13056.8154296875,13129.7587890625,8736.95703125,3188
2013-01-11,13184.4658203125,13458.0029296875,13093.287109375,13220.9375,8797.630859375,6698
2013-01-14,13220.9375,13220.9375,12856.22265625,12856.22265625,8554.9365234375,6942
2013-01-15,12910.9296875,13038.580078125,12765.04296875,12874.4580078125,8567.072265625,3328
2013-01-16,12910.9296875,13093.287109375,12710.3359375,12728.5712890625,8469.9931640625,5182
2013-01-17,12710.3359375,12856.22265625,12491.5068359375,12582.685546875,8372.916015625,4030
2013-01-18,12637.392578125,12819.7509765625,12546.2138671875,12582.685546875,8372.916015625,2889
2013-01-21,12728.5712890625,12801.5146484375,12491.5068359375,12546.2138671875,8348.6484375,1974
2013-01-22,12619.1572265625,12819.7509765625,12564.4501953125,12819.7509765625,8530.66796875,2212
2013-01-23,12837.986328125,12837.986328125,12619.1572265625,12692.1005859375,8445.724609375,1702
2013-01-24,12673.8642578125,13075.0517578125,12491.5068359375,12819.7509765625,8530.66796875,4524
2013-01-25,12929.1650390625,12929.1650390625,12455.03515625,12527.978515625,8336.5126953125,3079
2013-01-28,12509.7421875,12564.4501953125,12400.328125,12455.03515625,8287.974609375,4861
2013-01-29,12345.6201171875,12692.1005859375,12309.1484375,12655.62890625,8421.4560546875,1974
2013-01-30,12692.1005859375,12728.5712890625,12473.2705078125,12491.5068359375,8312.2431640625,2385
2013-01-31,12765.04296875,12765.04296875,12400.328125,12436.7998046875,8275.841796875,3098
2013-02-01,12455.03515625,12546.2138671875,12418.5634765625,12436.7998046875,8275.841796875,918
2013-02-04,12455.03515625,12473.2705078125,12436.7998046875,12473.2705078125,8300.1083984375,548
2013-02-05,12436.7998046875,12509.7421875,12400.328125,12418.5634765625,8263.705078125,2111
2013-02-06,12400.328125,12473.2705078125,12400.328125,12455.03515625,8287.974609375,1453
2013-02-07,12455.03515625,12655.62890625,12400.328125,12582.685546875,8372.916015625,1069
2013-02-08,12582.685546875,12746.8076171875,12582.685546875,12582.685546875,8372.916015625,4496
2013-02-12,12582.685546875,12746.8076171875,12546.2138671875,12564.4501953125,8360.7841796875,2171
2013-02-13,12582.685546875,12655.62890625,12053.84765625,12363.8564453125,8227.30078125,7978
2013-02-14,12436.7998046875,12509.7421875,12345.6201171875,12363.8564453125,8227.30078125,1946
2013-02-15,12382.091796875,12546.2138671875,12363.8564453125,12473.2705078125,8300.1083984375,575
2013-02-18,12546.2138671875,12546.2138671875,12363.8564453125,12382.091796875,8239.4365234375,1239
2013-02-19,12382.091796875,12965.63671875,12382.091796875,12765.04296875,8494.2626953125,1151
2013-02-20,12765.04296875,12892.693359375,12491.5068359375,12765.04296875,8494.2626953125,7183
2013-02-21,12582.685546875,12746.8076171875,12546.2138671875,12655.62890625,8421.4560546875,2056
2013-02-22,12637.392578125,12728.5712890625,12637.392578125,12655.62890625,8421.4560546875,1946
2013-02-25,12619.1572265625,12910.9296875,12582.685546875,12582.685546875,8372.916015625,740
2013-02-26,12600.9208984375,12783.279296875,12546.2138671875,12582.685546875,8372.916015625,775
2013-02-27,12692.1005859375,12692.1005859375,12527.978515625,12546.2138671875,8348.6484375,1425
2013-02-28,12582.685546875,12728.5712890625,12509.7421875,12509.7421875,8324.3779296875,3460
2013-03-04,12546.2138671875,12673.8642578125,12546.2138671875,12673.8642578125,8433.58984375,2028
2013-03-05,12947.4013671875,12947.4013671875,12673.8642578125,12874.4580078125,8567.072265625,2358
2013-03-06,12929.1650390625,12929.1650390625,12837.986328125,12874.4580078125,8567.072265625,578
2013-03-07,12892.693359375,12892.693359375,12655.62890625,12655.62890625,8421.4560546875,3498
2013-03-08,12692.1005859375,12728.5712890625,12527.978515625,12673.8642578125,8433.58984375,1442
2013-03-11,12655.62890625,12965.63671875,12400.328125,12619.1572265625,8397.1865234375,3262
2013-03-12,12619.1572265625,12765.04296875,12600.9208984375,12746.8076171875,8482.1279296875,1513
2013-03-13,12765.04296875,12929.1650390625,12491.5068359375,12655.62890625,8421.4560546875,2248
2013-03-14,12455.03515625,12837.986328125,12455.03515625,12619.1572265625,8397.1865234375,1976
2013-03-15,12655.62890625,12692.1005859375,12509.7421875,12600.9208984375,8385.05078125,4858
2013-03-18,12673.8642578125,12947.4013671875,12546.2138671875,12600.9208984375,8385.05078125,3238
2013-03-19,12655.62890625,12765.04296875,12655.62890625,12728.5712890625,8469.9931640625,1288
2013-03-20,12728.5712890625,12746.8076171875,12655.62890625,12746.8076171875,8482.1279296875,1343
2013-03-21,12892.693359375,14406.263671875,12874.4580078125,13877.42578125,9234.4775390625,42005
2013-03-22,13895.6611328125,14059.783203125,13129.7587890625,13184.4658203125,8773.3603515625,14660
2013-03-25,13220.9375,13458.0029296875,13111.5234375,13385.0595703125,8906.841796875,6287
2013-03-26,13403.2958984375,14369.7919921875,13403.2958984375,14187.43359375,9440.7685546875,14109
2013-03-27,14223.9052734375,14752.7431640625,14187.43359375,14260.376953125,9489.3056640625,15752
2013-03-28,14515.677734375,14515.677734375,13932.1328125,14005.076171875,9319.421875,9569
2013-03-29,14114.4912109375,14570.384765625,13932.1328125,14515.677734375,9659.19140625,8993
2013-04-01,14533.9140625,14588.62109375,14242.1416015625,14369.7919921875,9562.1142578125,8938
2013-04-02,14570.384765625,14953.3369140625,14114.4912109375,14150.9619140625,9416.4970703125,7677
2013-04-03,14351.5556640625,14351.5556640625,13676.83203125,13713.3037109375,9125.2666015625,6498
2013-04-04,13713.3037109375,13713.3037109375,13129.7587890625,13403.2958984375,8918.9765625,8911
2013-04-05,13476.23828125,13476.23828125,13038.580078125,13166.23046875,8761.2255859375,4990
2013-04-08,13458.0029296875,13458.0029296875,12910.9296875,13166.23046875,8761.2255859375,2056
2013-04-09,12837.986328125,13859.189453125,12837.986328125,13093.287109375,8712.6875,1041
2013-04-10,13476.23828125,13476.23828125,13093.287109375,13093.287109375,8712.6875,3468
2013-04-11,13804.482421875,13804.482421875,13111.5234375,13275.6455078125,8834.0341796875,2404
2013-04-12,13567.41796875,13676.83203125,13166.23046875,13348.587890625,8882.5712890625,1398
2013-04-15,12309.1484375,13275.6455078125,12309.1484375,13184.4658203125,8773.3603515625,4414
2013-04-16,13166.23046875,13239.173828125,13056.8154296875,13166.23046875,8761.2255859375,2251
2013-04-17,13275.6455078125,13293.880859375,13056.8154296875,13293.880859375,8846.1689453125,1645
2013-04-18,13293.880859375,14041.5478515625,13293.880859375,13494.474609375,8979.6513671875,3564
2013-04-19,13567.41796875,13786.2470703125,13275.6455078125,13458.0029296875,8955.380859375,4195
2013-04-22,14041.5478515625,14041.5478515625,13366.82421875,13640.3603515625,9076.7255859375,3509
2013-04-23,13494.474609375,13749.775390625,13257.4091796875,13713.3037109375,9125.2666015625,3317
2013-04-24,13749.775390625,13950.369140625,13366.82421875,13421.53125,8931.111328125,3874
2013-04-25,13530.9462890625,13658.5966796875,13421.53125,13658.5966796875,9088.86328125,2467
2013-04-26,13749.775390625,13786.2470703125,13385.0595703125,13385.0595703125,8906.841796875,2083
2013-04-29,13439.7666015625,13932.1328125,13275.6455078125,13494.474609375,8979.6513671875,3646
2013-04-30,13585.6533203125,13585.6533203125,13366.82421875,13494.474609375,8979.6513671875,2961
2013-05-02,13494.474609375,13603.888671875,13494.474609375,13512.7099609375,8991.7841796875,356
2013-05-03,13512.7099609375,13567.41796875,13385.0595703125,13494.474609375,8979.6513671875,2640
2013-05-06,13786.2470703125,13932.1328125,13567.41796875,13895.6611328125,9246.6123046875,5812
2013-05-07,13895.6611328125,14005.076171875,13822.71875,13968.6044921875,9295.150390625,2193
2013-05-08,14041.5478515625,14333.3203125,13676.83203125,14114.4912109375,9392.2294921875,5952
2013-05-09,14333.3203125,14369.7919921875,14096.2548828125,14223.9052734375,9465.0361328125,3207
2013-05-10,14260.376953125,14515.677734375,14150.9619140625,14479.2060546875,9634.921875,5552
2013-05-13,14588.62109375,14588.62109375,14351.5556640625,14479.2060546875,9634.921875,1699
2013-05-14,14479.2060546875,14515.677734375,13913.8974609375,14333.3203125,9537.84375,4195
2013-05-15,14333.3203125,14333.3203125,13676.83203125,14096.2548828125,9380.095703125,4743
2013-05-16,14096.2548828125,14114.4912109375,13713.3037109375,13749.775390625,9149.53515625,2933
2013-05-20,13695.068359375,13822.71875,13330.3525390625,13731.5390625,9137.400390625,5760
2013-05-21,13986.8408203125,13986.8408203125,13585.6533203125,13713.3037109375,9125.2666015625,2549
2013-05-22,13786.2470703125,14041.5478515625,13786.2470703125,14041.5478515625,9343.6904296875,1373
2013-05-23,14041.5478515625,14406.263671875,13859.189453125,14369.7919921875,9562.1142578125,2358
2013-05-24,14406.263671875,14533.9140625,14169.1982421875,14223.9052734375,9465.0361328125,2275
2013-05-27,14223.9052734375,14315.083984375,14041.5478515625,14187.43359375,9440.7685546875,959
2013-05-28,14150.9619140625,14460.970703125,14078.01953125,14223.9052734375,9465.0361328125,7405
2013-05-29,14406.263671875,14497.4423828125,14005.076171875,14187.43359375,9440.7685546875,5730
2013-05-30,13950.369140625,14187.43359375,13950.369140625,14114.4912109375,9392.2294921875,3169
2013-05-31,13986.8408203125,14114.4912109375,13986.8408203125,14041.5478515625,9343.6904296875,2659
2013-06-03,14041.5478515625,14041.5478515625,13986.8408203125,13986.8408203125,9307.2861328125,3482
2013-06-04,13986.8408203125,14023.3115234375,13731.5390625,13749.775390625,9149.53515625,1625
2013-06-05,13768.0107421875,13804.482421875,13731.5390625,13731.5390625,9137.400390625,2851
2013-06-07,13768.0107421875,13859.189453125,13622.125,13859.189453125,9222.3427734375,3512
2013-06-10,14169.1982421875,14169.1982421875,13859.189453125,13877.42578125,9234.4775390625,575
2013-06-11,13877.42578125,13895.6611328125,13658.5966796875,13676.83203125,9100.99609375,2171
2013-06-12,13676.83203125,13859.189453125,13567.41796875,13567.41796875,9028.189453125,4099
2013-06-13,13348.587890625,13640.3603515625,13348.587890625,13640.3603515625,9076.7255859375,1398
2013-06-14,13640.3603515625,13859.189453125,13640.3603515625,13840.9541015625,9210.208984375,438
2013-06-17,13622.125,13749.775390625,13530.9462890625,13603.888671875,9052.4580078125,1179
2013-06-18,13622.125,13859.189453125,13603.888671875,13603.888671875,9052.4580078125,219
2013-06-19,13822.71875,13840.9541015625,13494.474609375,13494.474609375,8979.6513671875,1263
2013-06-20,13494.474609375,13494.474609375,13312.1162109375,13366.82421875,8894.70703125,603
2013-06-21,13129.7587890625,13129.7587890625,13038.580078125,13093.287109375,8712.6875,1316
2013-06-24,13768.0107421875,13768.0107421875,13202.7021484375,13202.7021484375,8785.4951171875,466
2013-06-25,13202.7021484375,13202.7021484375,12837.986328125,12965.63671875,8627.7451171875,1727
2013-06-26,13056.8154296875,13603.888671875,12783.279296875,13257.4091796875,8821.8994140625,466
2013-06-27,13476.23828125,13476.23828125,13239.173828125,13421.53125,8931.111328125,1041
2013-06-28,13494.474609375,13859.189453125,13239.173828125,13859.189453125,9222.3427734375,329
2013-07-01,13822.71875,13822.71875,13676.83203125,13786.2470703125,9173.8046875,493
2013-07-02,13822.71875,13822.71875,13494.474609375,13494.474609375,8979.6513671875,109
2013-07-03,13184.4658203125,13366.82421875,13184.4658203125,13312.1162109375,8858.3046875,808
2013-07-04,13312.1162109375,13640.3603515625,13202.7021484375,13293.880859375,8846.1689453125,959
2013-07-05,13312.1162109375,13768.0107421875,13312.1162109375,13713.3037109375,9125.2666015625,959
2013-07-08,13859.189453125,13859.189453125,13439.7666015625,13439.7666015625,8943.24609375,756
2013-07-09,13366.82421875,13567.41796875,13366.82421875,13567.41796875,9028.189453125,685
2013-07-10,13312.1162109375,13421.53125,13220.9375,13275.6455078125,8834.0341796875,1974
2013-07-11,13458.0029296875,13458.0029296875,13166.23046875,13366.82421875,8894.70703125,1617
2013-07-12,13786.2470703125,13786.2470703125,13257.4091796875,13530.9462890625,9003.9189453125,767
2013-07-15,13530.9462890625,13530.9462890625,13257.4091796875,13530.9462890625,9003.9189453125,1151
2013-07-16,13567.41796875,13658.5966796875,13421.53125,13640.3603515625,9076.7255859375,904
2013-07-17,13713.3037109375,13713.3037109375,13494.474609375,13622.125,9064.5927734375,145
2013-07-18,13385.0595703125,13658.5966796875,13385.0595703125,13658.5966796875,9088.86328125,2769
2013-07-19,13658.5966796875,13658.5966796875,13640.3603515625,13658.5966796875,9088.86328125,468
2013-07-22,14078.01953125,15609.82421875,13658.5966796875,13658.5966796875,9088.86328125,9377
2013-07-23,14041.5478515625,14041.5478515625,13658.5966796875,13658.5966796875,9088.86328125,1272
2013-07-24,13749.775390625,13749.775390625,13458.0029296875,13658.5966796875,9088.86328125,2330
2013-07-25,13658.5966796875,13713.3037109375,13530.9462890625,13676.83203125,9100.99609375,466
2013-07-26,13713.3037109375,13749.775390625,13494.474609375,13512.7099609375,8991.7841796875,849
2013-07-29,13348.587890625,13676.83203125,13348.587890625,13421.53125,8931.111328125,520
2013-07-30,13312.1162109375,13476.23828125,13275.6455078125,13348.587890625,8882.5712890625,2283
2013-07-31,13348.587890625,13421.53125,13257.4091796875,13421.53125,8931.111328125,1096
2013-08-01,13421.53125,13476.23828125,13293.880859375,13476.23828125,8967.5146484375,1398
2013-08-02,13312.1162109375,13549.181640625,13312.1162109375,13512.7099609375,8991.7841796875,1768
2013-08-05,13512.7099609375,13530.9462890625,13366.82421875,13366.82421875,8894.70703125,2179
2013-08-06,13385.0595703125,13494.474609375,13348.587890625,13385.0595703125,8906.841796875,2303
2013-08-07,13184.4658203125,13366.82421875,13184.4658203125,13239.173828125,8809.765625,1790
2013-08-08,13458.0029296875,13476.23828125,13184.4658203125,13257.4091796875,8821.8994140625,1151
2013-08-09,13275.6455078125,13439.7666015625,13257.4091796875,13439.7666015625,8943.24609375,520
2013-08-12,13439.7666015625,13458.0029296875,13348.587890625,13421.53125,8931.111328125,219
2013-08-13,13421.53125,13421.53125,13129.7587890625,13293.880859375,8846.1689453125,748
2013-08-14,13348.587890625,13348.587890625,13129.7587890625,13348.587890625,8882.5712890625,2138
2013-08-16,13348.587890625,13348.587890625,13220.9375,13275.6455078125,8834.0341796875,493
2013-08-19,13275.6455078125,13312.1162109375,13275.6455078125,13293.880859375,8846.1689453125,987
2013-08-20,13312.1162109375,13312.1162109375,13184.4658203125,13293.880859375,8846.1689453125,411
2013-08-21,13275.6455078125,13275.6455078125,13129.7587890625,13129.7587890625,8736.95703125,466
2013-08-22,12801.5146484375,13056.8154296875,12801.5146484375,13056.8154296875,8688.4169921875,603
2013-08-23,13056.8154296875,13056.8154296875,13020.34375,13020.34375,8664.1484375,1878
2013-08-26,13257.4091796875,13257.4091796875,13257.4091796875,13257.4091796875,8821.8994140625,27
2013-08-27,13129.7587890625,13257.4091796875,13129.7587890625,13239.173828125,8809.765625,548
2013-08-28,12783.279296875,13129.7587890625,12765.04296875,13111.5234375,8724.822265625,630
2013-08-29,13111.5234375,13239.173828125,13020.34375,13129.7587890625,8736.95703125,575
2013-08-30,13129.7587890625,13129.7587890625,12892.693359375,12892.693359375,8579.2060546875,1809
2013-09-02,13111.5234375,13111.5234375,12892.693359375,13056.8154296875,8688.4169921875,1233
2013-09-03,13075.0517578125,13075.0517578125,12819.7509765625,13056.8154296875,8688.4169921875,424
2013-09-04,12819.7509765625,13020.34375,12819.7509765625,12910.9296875,8591.33984375,1011
2013-09-05,12910.9296875,13020.34375,12910.9296875,13020.34375,8664.1484375,301
2013-09-06,13093.287109375,13093.287109375,12947.4013671875,13020.34375,8664.1484375,1206
2013-09-09,12856.22265625,13020.34375,12856.22265625,13020.34375,8664.1484375,740
2013-09-10,13020.34375,13038.580078125,13020.34375,13020.34375,8664.1484375,1179
2013-09-11,12947.4013671875,13020.34375,12947.4013671875,13020.34375,8664.1484375,54
2013-09-12,12947.4013671875,13202.7021484375,12947.4013671875,13129.7587890625,8736.95703125,3153
2013-09-13,13020.34375,13293.880859375,13020.34375,13293.880859375,8846.1689453125,1017
2013-09-16,13129.7587890625,13275.6455078125,13129.7587890625,13275.6455078125,8834.0341796875,356
2013-09-17,13348.587890625,13348.587890625,13166.23046875,13166.23046875,8761.2255859375,852
2013-09-23,13166.23046875,13385.0595703125,13166.23046875,13202.7021484375,8785.4951171875,356
2013-09-24,13202.7021484375,13202.7021484375,13166.23046875,13166.23046875,8761.2255859375,466
2013-09-25,13239.173828125,13439.7666015625,13129.7587890625,13184.4658203125,8773.3603515625,877
2013-09-26,13129.7587890625,13220.9375,13129.7587890625,13220.9375,8797.630859375,276
2013-09-27,13312.1162109375,13421.53125,13129.7587890625,13202.7021484375,8785.4951171875,740
2013-09-30,13239.173828125,13239.173828125,13184.4658203125,13184.4658203125,8773.3603515625,904
2013-10-01,13202.7021484375,13494.474609375,13129.7587890625,13239.173828125,8809.765625,1508
2013-10-02,13312.1162109375,13312.1162109375,13147.9951171875,13275.6455078125,8834.0341796875,1041
2013-10-04,13129.7587890625,13220.9375,13075.0517578125,13220.9375,8797.630859375,630
2013-10-07,13129.7587890625,13348.587890625,13129.7587890625,13293.880859375,8846.1689453125,630
2013-10-08,13312.1162109375,13312.1162109375,13129.7587890625,13293.880859375,8846.1689453125,685
2013-10-10,13293.880859375,13293.880859375,13147.9951171875,13275.6455078125,8834.0341796875,795
2013-10-11,13275.6455078125,13713.3037109375,13129.7587890625,13257.4091796875,8821.8994140625,109
2013-10-14,13312.1162109375,13312.1162109375,13075.0517578125,13093.287109375,8712.6875,2714
2013-10-15,13038.580078125,13494.474609375,13038.580078125,13494.474609375,8979.6513671875,414
2013-10-16,13312.1162109375,13312.1162109375,13093.287109375,13129.7587890625,8736.95703125,1727
2013-10-17,13312.1162109375,13312.1162109375,13056.8154296875,13166.23046875,8761.2255859375,2138
2013-10-18,13202.7021484375,13220.9375,12947.4013671875,12983.873046875,8639.880859375,2092
2013-10-21,13129.7587890625,13129.7587890625,12765.04296875,12874.4580078125,8567.072265625,1014
2013-10-22,12947.4013671875,12947.4013671875,12582.685546875,12801.5146484375,8518.5322265625,2111
2013-10-23,12801.5146484375,12837.986328125,12436.7998046875,12564.4501953125,8360.7841796875,7814
2013-10-24,12564.4501953125,12692.1005859375,12436.7998046875,12692.1005859375,8445.724609375,5456
2013-10-25,12692.1005859375,12692.1005859375,12546.2138671875,12692.1005859375,8445.724609375,1069
2013-10-28,12801.5146484375,12856.22265625,12692.1005859375,12856.22265625,8554.9365234375,356
2013-10-29,12910.9296875,12929.1650390625,12692.1005859375,12819.7509765625,8530.66796875,1096
2013-10-30,12874.4580078125,12910.9296875,12637.392578125,12692.1005859375,8445.724609375,2714
2013-10-31,12728.5712890625,12728.5712890625,12236.2060546875,12382.091796875,8239.4365234375,3399
2013-11-01,12254.44140625,12673.8642578125,12254.44140625,12673.8642578125,8433.58984375,3564
2013-11-04,12655.62890625,12655.62890625,12254.44140625,12290.9130859375,8178.76220703125,770
2013-11-05,12290.9130859375,12290.9130859375,12090.3193359375,12163.2626953125,8093.8193359375,767
2013-11-06,12108.5556640625,12290.9130859375,12108.5556640625,12236.2060546875,8142.3583984375,904
2013-11-07,12327.384765625,12327.384765625,12327.384765625,12327.384765625,8203.0302734375,87
2013-11-08,12309.1484375,12327.384765625,12126.791015625,12126.791015625,8069.5498046875,548
2013-11-11,12327.384765625,12327.384765625,12090.3193359375,12145.02734375,8081.6845703125,630
2013-11-12,12327.384765625,12327.384765625,12327.384765625,12327.384765625,8203.0302734375,82
2013-11-13,12163.2626953125,12290.9130859375,12145.02734375,12145.02734375,8081.6845703125,1077
2013-11-14,12145.02734375,12272.677734375,12035.6123046875,12035.6123046875,8008.8759765625,493
2013-11-15,11889.7255859375,12035.6123046875,11707.3681640625,11962.6689453125,7960.33837890625,301
2013-11-18,12035.6123046875,12090.3193359375,12035.6123046875,12072.083984375,8033.14501953125,712
2013-11-19,12108.5556640625,12108.5556640625,11907.9619140625,12053.84765625,8021.01171875,685
2013-11-20,12327.384765625,12327.384765625,12217.9697265625,12217.9697265625,8130.22314453125,191
2013-11-21,12236.2060546875,12236.2060546875,12217.9697265625,12217.9697265625,8130.22314453125,82
2013-11-22,12108.5556640625,12254.44140625,12108.5556640625,12181.498046875,8105.95458984375,899
2013-11-25,12217.9697265625,12217.9697265625,12217.9697265625,12217.9697265625,8130.22314453125,219
2013-11-26,12254.44140625,12290.9130859375,12163.2626953125,12290.9130859375,8178.76220703125,740
2013-11-27,12163.2626953125,12345.6201171875,12145.02734375,12163.2626953125,8093.8193359375,3427
2013-11-28,12236.2060546875,12254.44140625,12017.376953125,12017.376953125,7996.74267578125,1453
2013-11-29,12145.02734375,12491.5068359375,11816.783203125,12181.498046875,8105.95458984375,658
2013-12-02,12327.384765625,12327.384765625,12035.6123046875,12217.9697265625,8130.22314453125,1453
2013-12-03,12217.9697265625,12217.9697265625,12217.9697265625,12217.9697265625,8130.22314453125,27
2013-12-04,12035.6123046875,12035.6123046875,11962.6689453125,12035.6123046875,8008.8759765625,191
2013-12-05,12035.6123046875,12035.6123046875,12035.6123046875,12035.6123046875,8008.8759765625,685
2013-12-06,12035.6123046875,12145.02734375,11816.783203125,12108.5556640625,8057.41650390625,658
2013-12-09,12108.5556640625,12145.02734375,11725.6044921875,11907.9619140625,7923.93408203125,285
2013-12-10,11926.197265625,11944.43359375,11835.0185546875,11835.0185546875,7875.3974609375,1398
2013-12-11,11871.490234375,11980.9052734375,11871.490234375,11907.9619140625,7923.93408203125,616
2013-12-12,12035.6123046875,12217.9697265625,12035.6123046875,12072.083984375,8033.14501953125,548
2013-12-13,12072.083984375,12072.083984375,12072.083984375,12072.083984375,8033.14501953125,849
2013-12-16,12035.6123046875,12035.6123046875,12035.6123046875,12035.6123046875,8008.8759765625,383
2013-12-17,12072.083984375,12145.02734375,11944.43359375,12017.376953125,7996.74267578125,795
2013-12-18,12035.6123046875,12035.6123046875,11999.140625,11999.140625,7984.60888671875,1699
2013-12-19,11962.6689453125,11962.6689453125,11962.6689453125,11962.6689453125,7960.33837890625,191
2013-12-20,11999.140625,12217.9697265625,11962.6689453125,12017.376953125,7996.74267578125,603
2013-12-23,12382.091796875,12382.091796875,12053.84765625,12053.84765625,8021.01171875,389
2013-12-24,12309.1484375,12309.1484375,11999.140625,12053.84765625,8021.01171875,1069
2013-12-26,12053.84765625,12053.84765625,12053.84765625,12053.84765625,8021.01171875,0
2013-12-27,12145.02734375,12290.9130859375,12145.02734375,12290.9130859375,8228.5556640625,57
2013-12-30,12290.9130859375,12400.328125,12290.9130859375,12400.328125,8301.80859375,82
2014-01-02,12400.328125,12400.328125,12108.5556640625,12108.5556640625,8106.47216796875,137
2014-01-03,12400.328125,12400.328125,12035.6123046875,12108.5556640625,8106.47216796875,274
2014-01-06,12327.384765625,12327.384765625,12217.9697265625,12217.9697265625,8179.7216796875,219
2014-01-07,12181.498046875,12181.498046875,12181.498046875,12181.498046875,8155.3046875,65
2014-01-08,12254.44140625,12254.44140625,11853.2548828125,12163.2626953125,8143.0966796875,1727
2014-01-09,12217.9697265625,12272.677734375,12217.9697265625,12272.677734375,8216.3486328125,191
2014-01-10,11980.9052734375,12181.498046875,11889.7255859375,12035.6123046875,8057.63671875,1288
2014-01-13,12035.6123046875,12145.02734375,11962.6689453125,11962.6689453125,8008.802734375,1014
2014-01-14,11816.783203125,12108.5556640625,11780.3115234375,11999.140625,8033.22119140625,1864
2014-01-15,11999.140625,12145.02734375,11944.43359375,12072.083984375,8082.052734375,466
2014-01-16,12181.498046875,12181.498046875,12035.6123046875,12145.02734375,8130.88916015625,137
2014-01-17,12145.02734375,12145.02734375,12017.376953125,12145.02734375,8130.88916015625,603
2014-01-20,12272.677734375,12272.677734375,12272.677734375,12272.677734375,8216.3486328125,27
2014-01-21,12290.9130859375,12290.9130859375,12090.3193359375,12090.3193359375,8094.26220703125,167
2014-01-22,12145.02734375,12145.02734375,12053.84765625,12126.791015625,8118.6796875,438
2014-01-23,12072.083984375,12072.083984375,11907.9619140625,11926.197265625,7984.384765625,712
2014-01-24,11944.43359375,11962.6689453125,11944.43359375,11944.43359375,7996.59423828125,1809
2014-01-27,11853.2548828125,11871.490234375,11689.1328125,11707.3681640625,7837.88427734375,2851
2014-01-28,12017.376953125,12017.376953125,11579.7177734375,11743.83984375,7862.30126953125,551
2014-01-29,11780.3115234375,11999.140625,11707.3681640625,11962.6689453125,8008.802734375,356
2014-02-03,11999.140625,12217.9697265625,11962.6689453125,12217.9697265625,8179.7216796875,575
2014-02-04,12309.1484375,12309.1484375,12309.1484375,12309.1484375,8240.763671875,27
2014-02-05,12400.328125,13421.53125,12400.328125,12546.2138671875,8399.4765625,3262
2014-02-06,12546.2138671875,12619.1572265625,12418.5634765625,12418.5634765625,8314.0166015625,2412
2014-02-07,12728.5712890625,12728.5712890625,12509.7421875,12655.62890625,8472.728515625,945
2014-02-10,12655.62890625,13093.287109375,12655.62890625,13093.287109375,8765.732421875,6635
2014-02-11,13093.287109375,13202.7021484375,12254.44140625,12801.5146484375,8570.3955078125,16286
2014-02-12,12819.7509765625,12947.4013671875,12801.5146484375,12892.693359375,8631.4375,5305
2014-02-13,12910.9296875,13038.580078125,12892.693359375,12965.63671875,8680.2734375,6174
2014-02-14,12965.63671875,13220.9375,12965.63671875,12965.63671875,8680.2734375,1905
2014-02-17,12983.873046875,13840.9541015625,12965.63671875,13676.83203125,9156.4052734375,10131
2014-02-18,13640.3603515625,13640.3603515625,13056.8154296875,13366.82421875,8948.8603515625,13832
2014-02-19,13366.82421875,13366.82421875,12983.873046875,13056.8154296875,8741.3154296875,7076
2014-02-20,13075.0517578125,13439.7666015625,13056.8154296875,13439.7666015625,8997.6953125,9196
2014-02-21,13439.7666015625,13567.41796875,13239.173828125,13257.4091796875,8875.6103515625,7101
2014-02-24,13312.1162109375,13603.888671875,13257.4091796875,13603.888671875,9107.572265625,18973
2014-02-25,13530.9462890625,13530.9462890625,13147.9951171875,13403.2958984375,8973.27734375,11186
2014-02-26,13403.2958984375,13622.125,12983.873046875,13622.125,9119.7802734375,12916
2014-02-27,13494.474609375,13494.474609375,13202.7021484375,13348.587890625,8936.6513671875,7134
2014-02-28,13348.587890625,13549.181640625,13166.23046875,13549.181640625,9070.9462890625,4743
2014-03-03,13549.181640625,13549.181640625,13220.9375,13220.9375,8851.1923828125,899
2014-03-04,13293.880859375,13348.587890625,13293.880859375,13348.587890625,8936.6513671875,795
2014-03-05,13421.53125,13421.53125,13020.34375,13111.5234375,8777.9404296875,1867
2014-03-06,13056.8154296875,13056.8154296875,12546.2138671875,12546.2138671875,8399.4765625,2917
2014-03-07,12619.1572265625,12765.04296875,12400.328125,12710.3359375,8509.3544921875,2308
2014-03-10,12710.3359375,12710.3359375,12400.328125,12400.328125,8301.80859375,2215
2014-03-11,12527.978515625,12692.1005859375,12418.5634765625,12455.03515625,8338.4345703125,477
2014-03-12,12582.685546875,12582.685546875,12473.2705078125,12546.2138671875,8399.4765625,109
2014-03-13,12509.7421875,13129.7587890625,12509.7421875,12783.279296875,8558.1884765625,383
2014-03-14,12765.04296875,13093.287109375,12582.685546875,12874.4580078125,8619.23046875,603
2014-03-17,12856.22265625,12910.9296875,12491.5068359375,12837.986328125,8594.8125,1124
2014-03-18,13093.287109375,13093.287109375,13093.287109375,13093.287109375,8765.732421875,27
2014-03-19,12655.62890625,12965.63671875,12655.62890625,12910.9296875,8643.6474609375,301
2014-03-20,12983.873046875,13002.1083984375,12655.62890625,12910.9296875,8643.6474609375,841
2014-03-21,12947.4013671875,12947.4013671875,12947.4013671875,12947.4013671875,8668.064453125,27
2014-03-24,12947.4013671875,12947.4013671875,12564.4501953125,12856.22265625,8607.0224609375,356
2014-03-25,12874.4580078125,12874.4580078125,12400.328125,12783.279296875,8558.1884765625,987
2014-03-26,12892.693359375,12892.693359375,12765.04296875,12837.986328125,8594.8125,301
2014-03-27,12983.873046875,12983.873046875,12655.62890625,12655.62890625,8472.728515625,54
2014-03-28,12929.1650390625,12929.1650390625,12436.7998046875,12728.5712890625,8521.5615234375,466
2014-03-31,12874.4580078125,12874.4580078125,10850.287109375,12582.685546875,8423.892578125,4304
2014-04-01,12582.685546875,12710.3359375,12418.5634765625,12710.3359375,8509.3544921875,219
2014-04-02,12345.6201171875,12582.685546875,12345.6201171875,12418.5634765625,8314.0166015625,1617
2014-04-03,12600.9208984375,12600.9208984375,12418.5634765625,12436.7998046875,8326.2275390625,493
2014-04-04,12436.7998046875,12546.2138671875,12309.1484375,12546.2138671875,8399.4765625,493
2014-04-07,12673.8642578125,12673.8642578125,12309.1484375,12473.2705078125,8350.640625,222
2014-04-08,12527.978515625,12527.978515625,12327.384765625,12327.384765625,8252.97265625,471
2014-04-09,12363.8564453125,12473.2705078125,12181.498046875,12309.1484375,8240.763671875,740
2014-04-10,12363.8564453125,12400.328125,12363.8564453125,12400.328125,8301.80859375,169
2014-04-11,12272.677734375,12382.091796875,12108.5556640625,12345.6201171875,8265.181640625,1151
2014-04-14,12436.7998046875,12436.7998046875,12108.5556640625,12309.1484375,8240.763671875,3043
2014-04-15,12327.384765625,12400.328125,12217.9697265625,12217.9697265625,8179.7216796875,137
2014-04-16,12400.328125,12400.328125,12181.498046875,12309.1484375,8240.763671875,630
2014-04-17,12145.02734375,12254.44140625,12145.02734375,12254.44140625,8204.140625,82
2014-04-18,12126.791015625,12874.4580078125,12126.791015625,12217.9697265625,8179.7216796875,1014
2014-04-21,12290.9130859375,12309.1484375,12126.791015625,12126.791015625,8118.6796875,575
2014-04-22,12272.677734375,12272.677734375,12090.3193359375,12199.734375,8167.51318359375,383
2014-04-23,12290.9130859375,12290.9130859375,12217.9697265625,12217.9697265625,8179.7216796875,575
2014-04-24,12473.2705078125,12473.2705078125,12309.1484375,12327.384765625,8252.97265625,109
2014-04-25,12582.685546875,12582.685546875,12582.685546875,12582.685546875,8423.892578125,27
2014-04-28,12582.685546875,12582.685546875,12582.685546875,12582.685546875,8423.892578125,0
2014-04-29,12582.685546875,12582.685546875,12582.685546875,12582.685546875,8423.892578125,0
2014-04-30,12473.2705078125,12473.2705078125,12254.44140625,12254.44140625,8204.140625,493
2014-05-02,12382.091796875,12382.091796875,12126.791015625,12290.9130859375,8228.5556640625,137
2014-05-07,12382.091796875,12382.091796875,12072.083984375,12254.44140625,8204.140625,219
2014-05-08,12035.6123046875,12035.6123046875,12035.6123046875,12035.6123046875,8057.63671875,38
2014-05-09,12382.091796875,12382.091796875,12382.091796875,12382.091796875,8289.6005859375,27
2014-05-12,12382.091796875,12436.7998046875,12309.1484375,12436.7998046875,8326.2275390625,2796
2014-05-13,12473.2705078125,12473.2705078125,12035.6123046875,12053.84765625,8069.84521484375,1960
2014-05-14,12254.44140625,12290.9130859375,12053.84765625,12053.84765625,8069.84521484375,219
2014-05-15,12199.734375,12345.6201171875,12126.791015625,12181.498046875,8155.3046875,520
2014-05-16,12363.8564453125,12363.8564453125,12272.677734375,12363.8564453125,8277.3916015625,603
2014-05-19,12363.8564453125,12363.8564453125,12363.8564453125,12363.8564453125,8277.3916015625,0
2014-05-20,12327.384765625,12400.328125,12327.384765625,12382.091796875,8289.6005859375,2440
2014-05-21,12382.091796875,12382.091796875,10996.1728515625,11999.140625,8033.22119140625,2056
2014-05-22,12163.2626953125,12163.2626953125,12163.2626953125,12163.2626953125,8143.0966796875,27
2014-05-23,12072.083984375,12108.5556640625,11889.7255859375,11889.7255859375,7959.96826171875,603
2014-05-26,12035.6123046875,12072.083984375,12035.6123046875,12072.083984375,8082.052734375,54
2014-05-27,11907.9619140625,12090.3193359375,11907.9619140625,12090.3193359375,8094.26220703125,164
2014-05-28,11853.2548828125,12035.6123046875,11853.2548828125,12035.6123046875,8057.63671875,137
2014-05-29,11926.197265625,11926.197265625,11926.197265625,11926.197265625,7984.384765625,27
2014-05-30,11670.896484375,11743.83984375,11525.0107421875,11743.83984375,7862.30126953125,1233
2014-06-02,11452.0673828125,11707.3681640625,11360.888671875,11579.7177734375,7752.423828125,836
2014-06-03,11579.7177734375,11743.83984375,11579.7177734375,11743.83984375,7862.30126953125,1795
2014-06-05,11178.53125,11798.546875,11178.53125,11452.0673828125,7666.96337890625,370
2014-06-09,11652.6611328125,12309.1484375,11652.6611328125,12309.1484375,8240.763671875,63
2014-06-10,12473.2705078125,12473.2705078125,11670.896484375,11743.83984375,7862.30126953125,1055
2014-06-11,11944.43359375,11944.43359375,11488.5390625,11488.5390625,7691.380859375,1804
2014-06-12,11561.482421875,11853.2548828125,11543.24609375,11835.0185546875,7923.3447265625,309
2014-06-13,11816.783203125,11816.783203125,11816.783203125,11816.783203125,7911.1337890625,515
2014-06-16,11853.2548828125,11853.2548828125,11634.4248046875,11798.546875,7898.92529296875,38
2014-06-17,12017.376953125,12017.376953125,11707.3681640625,11907.9619140625,7972.17724609375,63
2014-06-18,11999.140625,11999.140625,11999.140625,11999.140625,8033.22119140625,27
2014-06-19,11999.140625,11999.140625,11999.140625,11999.140625,8033.22119140625,0
2014-06-20,11780.3115234375,11889.7255859375,11780.3115234375,11889.7255859375,7959.96826171875,84
2014-06-23,11999.140625,11999.140625,11999.140625,11999.140625,8033.22119140625,27
2014-06-24,11999.140625,11999.140625,11999.140625,11999.140625,8033.22119140625,0
2014-06-25,11853.2548828125,11853.2548828125,11561.482421875,11780.3115234375,7886.7177734375,161
2014-06-26,11762.0751953125,11835.0185546875,11634.4248046875,11816.783203125,7911.1337890625,98
2014-06-27,11853.2548828125,12017.376953125,11853.2548828125,12017.376953125,8045.4287109375,41
2014-06-30,12017.376953125,12017.376953125,11506.7744140625,11743.83984375,7862.30126953125,296
2014-07-01,11743.83984375,11743.83984375,11597.9541015625,11743.83984375,7862.30126953125,1861
2014-07-02,11944.43359375,11944.43359375,11689.1328125,11835.0185546875,7923.3447265625,339
2014-07-03,11816.783203125,11816.783203125,11652.6611328125,11652.6611328125,7801.25830078125,1664
2014-07-04,11780.3115234375,11816.783203125,11597.9541015625,11616.189453125,7776.84130859375,1908
2014-07-07,11962.6689453125,11962.6689453125,11543.24609375,11543.24609375,7728.00537109375,1593
2014-07-08,11889.7255859375,13129.7587890625,11743.83984375,11926.197265625,7984.384765625,1000
2014-07-09,11999.140625,11999.140625,11999.140625,11999.140625,8033.22119140625,13
2014-07-10,11597.9541015625,11853.2548828125,11597.9541015625,11853.2548828125,7935.55322265625,1798
2014-07-11,11853.2548828125,11853.2548828125,11853.2548828125,11853.2548828125,7935.55322265625,0
2014-07-14,11816.783203125,12217.9697265625,11816.783203125,11816.783203125,7911.1337890625,287
2014-07-15,11853.2548828125,11853.2548828125,11743.83984375,11853.2548828125,7935.55322265625,106
2014-07-16,12199.734375,12199.734375,11506.7744140625,11743.83984375,7862.30126953125,361
2014-07-17,11962.6689453125,12035.6123046875,11689.1328125,12035.6123046875,8057.63671875,638
2014-07-18,11689.1328125,13786.2470703125,11670.896484375,12564.4501953125,8411.6865234375,14849
2014-07-21,12564.4501953125,12564.4501953125,12217.9697265625,12236.2060546875,8191.931640625,2401
2014-07-22,12254.44140625,12382.091796875,12035.6123046875,12236.2060546875,8191.931640625,1414
2014-07-23,12473.2705078125,12728.5712890625,12254.44140625,12619.1572265625,8448.310546875,4633
2014-07-24,12546.2138671875,12728.5712890625,12400.328125,12400.328125,8301.80859375,611
2014-07-25,12491.5068359375,12710.3359375,12491.5068359375,12619.1572265625,8448.310546875,8135
2014-07-28,12619.1572265625,12619.1572265625,12072.083984375,12236.2060546875,8191.931640625,1288
2014-07-29,11962.6689453125,12327.384765625,11962.6689453125,12181.498046875,8155.3046875,375
2014-07-30,12199.734375,12363.8564453125,12108.5556640625,12199.734375,8167.51318359375,1669
2014-07-31,12655.62890625,12655.62890625,12072.083984375,12345.6201171875,8265.181640625,172
2014-08-01,12217.9697265625,12345.6201171875,12126.791015625,12345.6201171875,8265.181640625,751
2014-08-04,12327.384765625,12345.6201171875,12199.734375,12345.6201171875,8265.181640625,52
2014-08-05,12582.685546875,12582.685546875,12090.3193359375,12290.9130859375,8228.5556640625,2292
2014-08-06,12290.9130859375,12290.9130859375,12290.9130859375,12290.9130859375,8228.5556640625,8
2014-08-07,12035.6123046875,12272.677734375,11670.896484375,12254.44140625,8204.140625,403
2014-08-08,12290.9130859375,12290.9130859375,12290.9130859375,12290.9130859375,8228.5556640625,2
2014-08-11,12290.9130859375,12290.9130859375,11962.6689453125,12145.02734375,8130.88916015625,956
2014-08-12,12199.734375,12199.734375,11780.3115234375,11962.6689453125,8008.802734375,1151
2014-08-13,12145.02734375,12145.02734375,11926.197265625,11926.197265625,7984.384765625,16
2014-08-14,11999.140625,12072.083984375,11853.2548828125,12017.376953125,8045.4287109375,342
2014-08-18,11616.189453125,12655.62890625,11360.888671875,11707.3681640625,7837.88427734375,1316
2014-08-19,12017.376953125,12017.376953125,11670.896484375,11689.1328125,7825.6748046875,466
2014-08-20,11743.83984375,11743.83984375,11470.302734375,11725.6044921875,7850.0927734375,405
2014-08-21,11525.0107421875,11670.896484375,11525.0107421875,11670.896484375,7813.466796875,1891
2014-08-22,11926.197265625,11926.197265625,11579.7177734375,11689.1328125,7825.6748046875,468
2014-08-25,11835.0185546875,11926.197265625,11816.783203125,11907.9619140625,7972.17724609375,383
2014-08-26,12017.376953125,12254.44140625,12017.376953125,12181.498046875,8155.3046875,773
2014-08-27,12345.6201171875,12345.6201171875,12309.1484375,12345.6201171875,8265.181640625,301
2014-08-28,12345.6201171875,12382.091796875,12272.677734375,12272.677734375,8216.3486328125,197
2014-08-29,12345.6201171875,12382.091796875,12345.6201171875,12345.6201171875,8265.181640625,172
2014-09-01,12345.6201171875,12363.8564453125,12345.6201171875,12363.8564453125,8277.3916015625,84
2014-09-02,12327.384765625,12327.384765625,11853.2548828125,12309.1484375,8240.763671875,186
2014-09-03,12309.1484375,12309.1484375,12309.1484375,12309.1484375,8240.763671875,5
2014-09-04,12382.091796875,12473.2705078125,12053.84765625,12272.677734375,8216.3486328125,71
2014-09-05,12272.677734375,12382.091796875,11962.6689453125,12254.44140625,8204.140625,331
2014-09-11,12236.2060546875,12254.44140625,11707.3681640625,11798.546875,7898.92529296875,364
2014-09-12,11798.546875,11944.43359375,11798.546875,11889.7255859375,7959.96826171875,156
2014-09-15,11889.7255859375,12290.9130859375,11871.490234375,11926.197265625,7984.384765625,2300
2014-09-16,12272.677734375,12272.677734375,11962.6689453125,12163.2626953125,8143.0966796875,82
2014-09-17,12236.2060546875,12272.677734375,12035.6123046875,12145.02734375,8130.88916015625,145
2014-09-18,12272.677734375,12272.677734375,11944.43359375,11980.9052734375,8021.01171875,7778
2014-09-19,12145.02734375,12345.6201171875,12035.6123046875,12290.9130859375,8228.5556640625,490
2014-09-22,12290.9130859375,12290.9130859375,12035.6123046875,12199.734375,8167.51318359375,4504
2014-09-23,12309.1484375,12309.1484375,12035.6123046875,12272.677734375,8216.3486328125,2103
2014-09-24,12072.083984375,12327.384765625,12035.6123046875,12327.384765625,8252.97265625,4850
2014-09-25,12309.1484375,12309.1484375,12163.2626953125,12181.498046875,8155.3046875,1631
2014-09-26,12181.498046875,12418.5634765625,12181.498046875,12418.5634765625,8314.0166015625,6509
2014-09-29,12436.7998046875,12436.7998046875,12327.384765625,12327.384765625,8252.97265625,825
2014-09-30,12327.384765625,13804.482421875,12327.384765625,12527.978515625,8387.267578125,8963
2014-10-01,12546.2138671875,12564.4501953125,12455.03515625,12546.2138671875,8399.4765625,3868
2014-10-02,12746.8076171875,12746.8076171875,12546.2138671875,12582.685546875,8423.892578125,2347
2014-10-06,12582.685546875,12582.685546875,11780.3115234375,12072.083984375,8082.052734375,2994
2014-10-07,12400.328125,12400.328125,12217.9697265625,12400.328125,8301.80859375,630
2014-10-08,12892.693359375,12892.693359375,12217.9697265625,12400.328125,8301.80859375,285
2014-10-10,12692.1005859375,12692.1005859375,12217.9697265625,12546.2138671875,8399.4765625,937
2014-10-13,12546.2138671875,12546.2138671875,12546.2138671875,12546.2138671875,8399.4765625,0
2014-10-14,12400.328125,12509.7421875,12254.44140625,12509.7421875,8375.0595703125,1047
2014-10-15,12765.04296875,12765.04296875,12345.6201171875,12546.2138671875,8399.4765625,1118
2014-10-16,12199.734375,12546.2138671875,12199.734375,12527.978515625,8387.267578125,3005
2014-10-17,12546.2138671875,12546.2138671875,12236.2060546875,12254.44140625,8204.140625,4949
2014-10-20,12418.5634765625,12418.5634765625,12236.2060546875,12400.328125,8301.80859375,1428
2014-10-21,13312.1162109375,13403.2958984375,12290.9130859375,12290.9130859375,8228.5556640625,10443
2014-10-22,12290.9130859375,12527.978515625,12217.9697265625,12217.9697265625,8179.7216796875,2717
2014-10-23,12527.978515625,12527.978515625,12181.498046875,12436.7998046875,8326.2275390625,153
2014-10-24,12546.2138671875,12546.2138671875,12272.677734375,12272.677734375,8216.3486328125,238
2014-10-27,12527.978515625,12564.4501953125,12272.677734375,12290.9130859375,8228.5556640625,5470
2014-10-28,12345.6201171875,13385.0595703125,12345.6201171875,12455.03515625,8338.4345703125,701
2014-10-29,13129.7587890625,13129.7587890625,12455.03515625,12527.978515625,8387.267578125,3328
2014-10-30,13676.83203125,13676.83203125,12455.03515625,12546.2138671875,8399.4765625,211
2014-10-31,12582.685546875,12582.685546875,12400.328125,12582.685546875,8423.892578125,1225
2014-11-03,13093.287109375,13093.287109375,12436.7998046875,12436.7998046875,8326.2275390625,1179
2014-11-04,12710.3359375,12710.3359375,12327.384765625,12473.2705078125,8350.640625,186
2014-11-05,12309.1484375,12655.62890625,12309.1484375,12345.6201171875,8265.181640625,383
2014-11-06,12345.6201171875,12746.8076171875,12309.1484375,12728.5712890625,8521.5615234375,90
2014-11-07,13312.1162109375,13312.1162109375,12400.328125,12582.685546875,8423.892578125,929
2014-11-10,12692.1005859375,12692.1005859375,12290.9130859375,12582.685546875,8423.892578125,600
2014-11-11,12692.1005859375,12692.1005859375,12400.328125,12692.1005859375,8497.1435546875,482
2014-11-12,12491.5068359375,12673.8642578125,12382.091796875,12673.8642578125,8484.9365234375,3095
2014-11-13,12637.392578125,13312.1162109375,12637.392578125,12728.5712890625,8521.5615234375,616
2014-11-14,13312.1162109375,13312.1162109375,12436.7998046875,12546.2138671875,8399.4765625,880
2014-11-17,12765.04296875,12765.04296875,12619.1572265625,12619.1572265625,8448.310546875,8
2014-11-18,12728.5712890625,12728.5712890625,12345.6201171875,12582.685546875,8423.892578125,169
2014-11-19,12728.5712890625,12728.5712890625,12236.2060546875,12473.2705078125,8350.640625,573
2014-11-20,12473.2705078125,12473.2705078125,12473.2705078125,12473.2705078125,8350.640625,57
2014-11-21,12254.44140625,12254.44140625,11980.9052734375,12254.44140625,8204.140625,287
2014-11-24,12254.44140625,12254.44140625,11999.140625,12254.44140625,8204.140625,2906
2014-11-25,12455.03515625,12801.5146484375,12035.6123046875,12619.1572265625,8448.310546875,9015
2014-11-26,12619.1572265625,12619.1572265625,12126.791015625,12126.791015625,8118.6796875,6492
2014-11-27,12309.1484375,12637.392578125,12072.083984375,12126.791015625,8118.6796875,11145
2014-11-28,12527.978515625,12527.978515625,11835.0185546875,11835.0185546875,7923.3447265625,5692
2014-12-01,12181.498046875,12290.9130859375,12181.498046875,12290.9130859375,8228.5556640625,32
2014-12-02,12290.9130859375,12382.091796875,12199.734375,12382.091796875,8289.6005859375,392
2014-12-03,12746.8076171875,12746.8076171875,12382.091796875,12564.4501953125,8411.6865234375,611
2014-12-04,12765.04296875,12783.279296875,12400.328125,12491.5068359375,8362.8505859375,2141
2014-12-05,12765.04296875,12765.04296875,11707.3681640625,12217.9697265625,8179.7216796875,1664
2014-12-08,12509.7421875,12509.7421875,12491.5068359375,12509.7421875,8375.0595703125,19
2014-12-09,12272.677734375,12637.392578125,12272.677734375,12582.685546875,8423.892578125,41
2014-12-10,12637.392578125,12637.392578125,12035.6123046875,12090.3193359375,8094.26220703125,444
2014-12-11,12491.5068359375,12491.5068359375,11871.490234375,12254.44140625,8204.140625,967
2014-12-12,12254.44140625,12619.1572265625,12254.44140625,12619.1572265625,8448.310546875,197
2014-12-15,12673.8642578125,12673.8642578125,12619.1572265625,12619.1572265625,8448.310546875,202
2014-12-16,12910.9296875,12910.9296875,12126.791015625,12600.9208984375,8436.1005859375,932
2014-12-17,12765.04296875,12765.04296875,12254.44140625,12254.44140625,8204.140625,213
2014-12-18,12418.5634765625,12418.5634765625,12145.02734375,12309.1484375,8240.763671875,1011
2014-12-19,12473.2705078125,12892.693359375,12382.091796875,12837.986328125,8594.8125,10770
2014-12-22,12837.986328125,12947.4013671875,12637.392578125,12837.986328125,8594.8125,411
2014-12-23,12765.04296875,12819.7509765625,12436.7998046875,12436.7998046875,8326.2275390625,159
2014-12-24,12491.5068359375,12892.693359375,12436.7998046875,12600.9208984375,8436.1005859375,1170
2014-12-26,12929.1650390625,12929.1650390625,12564.4501953125,12746.8076171875,8533.76953125,164
2014-12-29,12473.2705078125,12582.685546875,12400.328125,12400.328125,8349.5888671875,411
2014-12-30,12455.03515625,12455.03515625,12400.328125,12400.328125,8349.5888671875,364
2015-01-02,12145.02734375,12564.4501953125,12145.02734375,12400.328125,8349.5888671875,126
2015-01-05,12564.4501953125,12564.4501953125,12400.328125,12400.328125,8349.5888671875,41
2015-01-06,12491.5068359375,12509.7421875,12400.328125,12473.2705078125,8398.703125,1743
2015-01-07,12473.2705078125,12473.2705078125,12327.384765625,12455.03515625,8386.42578125,139
2015-01-08,12254.44140625,12455.03515625,12254.44140625,12400.328125,8349.5888671875,126
2015-01-09,12217.9697265625,12728.5712890625,12217.9697265625,12254.44140625,8251.357421875,254
2015-01-12,12236.2060546875,12254.44140625,12217.9697265625,12236.2060546875,8239.0791015625,213
2015-01-13,12126.791015625,12254.44140625,11816.783203125,12126.791015625,8165.40625,1414
2015-01-14,12363.8564453125,12363.8564453125,12035.6123046875,12053.84765625,8116.2900390625,82
2015-01-15,12126.791015625,12400.328125,12126.791015625,12400.328125,8349.5888671875,457
2015-01-16,12400.328125,12582.685546875,12145.02734375,12491.5068359375,8410.9833984375,1954
2015-01-19,12527.978515625,12527.978515625,12272.677734375,12272.677734375,8263.63671875,224
2015-01-20,12473.2705078125,12473.2705078125,12199.734375,12272.677734375,8263.63671875,594
2015-01-21,12436.7998046875,12436.7998046875,12254.44140625,12345.6201171875,8312.75,38
2015-01-22,12400.328125,12400.328125,12145.02734375,12145.02734375,8177.6845703125,298
2015-01-23,12345.6201171875,12400.328125,11980.9052734375,12181.498046875,8202.2421875,1307
2015-01-26,12017.376953125,12345.6201171875,11980.9052734375,11980.9052734375,8067.17626953125,740
2015-01-27,12035.6123046875,12363.8564453125,11816.783203125,12327.384765625,8300.47265625,3844
2015-01-28,12327.384765625,12327.384765625,11889.7255859375,11999.140625,8079.45556640625,918
2015-01-29,12145.02734375,12145.02734375,11871.490234375,11999.140625,8079.45556640625,164
2015-01-30,11962.6689453125,12126.791015625,11962.6689453125,11962.6689453125,8054.89697265625,515
2015-02-02,12017.376953125,12145.02734375,11707.3681640625,12145.02734375,8177.6845703125,304
2015-02-03,12309.1484375,12309.1484375,12309.1484375,12309.1484375,8288.193359375,5
2015-02-04,11889.7255859375,12181.498046875,11889.7255859375,12145.02734375,8177.6845703125,342
2015-02-05,12145.02734375,12181.498046875,12017.376953125,12017.376953125,8091.7333984375,383
2015-02-06,12217.9697265625,12217.9697265625,11962.6689453125,11980.9052734375,8067.17626953125,339
2015-02-09,12181.498046875,12400.328125,12053.84765625,12145.02734375,8177.6845703125,940
2015-02-10,12400.328125,12400.328125,12108.5556640625,12290.9130859375,8275.9150390625,254
2015-02-11,12400.328125,12491.5068359375,12199.734375,12491.5068359375,8410.9833984375,3079
2015-02-12,12527.978515625,12527.978515625,12254.44140625,12455.03515625,8386.42578125,721
2015-02-13,12455.03515625,12527.978515625,12345.6201171875,12400.328125,8349.5888671875,3207
2015-02-16,12400.328125,14260.376953125,12400.328125,14260.376953125,9602.0263671875,73076
2015-02-17,15500.41015625,16393.962890625,14625.0927734375,16393.962890625,11038.6474609375,209840
2015-02-23,16266.3125,16266.3125,14570.384765625,14570.384765625,9810.7666015625,75743
2015-02-24,14570.384765625,14588.62109375,13348.587890625,13476.23828125,9074.0380859375,38775
2015-02-25,13512.7099609375,14205.669921875,13002.1083984375,13512.7099609375,9098.5947265625,35688
2015-02-26,13348.587890625,13840.9541015625,13239.173828125,13749.775390625,9258.2197265625,18014
2015-02-27,14078.01953125,14078.01953125,13494.474609375,13640.3603515625,9184.5478515625,17281
2015-03-02,13640.3603515625,14078.01953125,13567.41796875,13567.41796875,9135.4326171875,21337
2015-03-03,13330.3525390625,13640.3603515625,13330.3525390625,13603.888671875,9159.9892578125,12870
2015-03-04,13676.83203125,14479.2060546875,13676.83203125,14023.3115234375,9442.40234375,22532
2015-03-05,13932.1328125,14716.271484375,13859.189453125,14588.62109375,9823.044921875,19779
2015-03-06,14770.978515625,14935.1005859375,14005.076171875,14059.783203125,9466.958984375,12516
2015-03-09,14296.8486328125,14296.8486328125,13530.9462890625,13585.6533203125,9147.7109375,7781
2015-03-10,13603.888671875,13731.5390625,13348.587890625,13385.0595703125,9012.64453125,9796
2015-03-11,13257.4091796875,13530.9462890625,12765.04296875,12965.63671875,8730.23046875,15055
2015-03-12,13020.34375,13166.23046875,12929.1650390625,13129.7587890625,8840.740234375,6772
2015-03-13,13239.173828125,13312.1162109375,12892.693359375,13202.7021484375,8889.85546875,11184
2015-03-16,13239.173828125,13312.1162109375,13038.580078125,13184.4658203125,8877.578125,6234
2015-03-17,13147.9951171875,13458.0029296875,13147.9951171875,13312.1162109375,8963.529296875,4864
2015-03-18,13312.1162109375,13458.0029296875,13166.23046875,13202.7021484375,8889.85546875,3896
2015-03-19,13202.7021484375,13220.9375,13020.34375,13166.23046875,8865.2978515625,5779
2015-03-20,13312.1162109375,13312.1162109375,12965.63671875,13075.0517578125,8803.904296875,6358
2015-03-23,13312.1162109375,13312.1162109375,12947.4013671875,13129.7587890625,8840.740234375,6758
2015-03-24,13129.7587890625,13220.9375,13056.8154296875,13220.9375,8902.1337890625,4178
2015-03-25,13239.173828125,14150.9619140625,13239.173828125,13877.42578125,9344.171875,23113
2015-03-26,13822.71875,14333.3203125,13822.71875,14041.5478515625,9454.6806640625,6097
2015-03-27,13986.8408203125,16138.662109375,13986.8408203125,14752.7431640625,9933.5546875,90045
2015-03-30,15245.109375,15245.109375,13986.8408203125,14351.5556640625,9663.4208984375,15483
2015-03-31,14351.5556640625,14698.03515625,14242.1416015625,14442.734375,9724.814453125,7751
2015-04-01,14698.03515625,16047.4833984375,14132.7265625,14734.5068359375,9921.275390625,5837
2015-04-02,14479.2060546875,15172.166015625,14479.2060546875,14880.3935546875,10019.5068359375,6276
2015-04-03,14989.8076171875,15500.41015625,14606.8564453125,14953.3369140625,10068.6220703125,2341
2015-04-06,14698.03515625,15281.580078125,14515.677734375,14588.62109375,9823.044921875,7732
2015-04-07,14570.384765625,14862.1572265625,14351.5556640625,14606.8564453125,9835.3232421875,6646
2015-04-08,14935.1005859375,14953.3369140625,14552.1494140625,14770.978515625,9945.8330078125,2467
2015-04-09,14770.978515625,15135.6943359375,14770.978515625,14953.3369140625,10068.6220703125,1450
2015-04-10,15281.580078125,15281.580078125,14916.865234375,14989.8076171875,10093.177734375,1919
2015-04-13,14989.8076171875,15518.6455078125,14916.865234375,15080.9873046875,10154.572265625,9473
2015-04-14,15318.0517578125,15372.759765625,15044.515625,15135.6943359375,10191.41015625,1784
2015-04-15,14971.572265625,15226.873046875,14843.921875,15172.166015625,10215.966796875,934
2015-04-16,15299.81640625,15299.81640625,14643.328125,15226.873046875,10252.8037109375,5253
2015-04-17,15099.22265625,15226.873046875,14843.921875,15172.166015625,10215.966796875,6029
2015-04-20,15044.515625,15135.6943359375,14588.62109375,15135.6943359375,10191.41015625,3923
2015-04-21,14953.3369140625,15318.0517578125,14862.1572265625,15263.3447265625,10277.361328125,2654
2015-04-22,15354.5234375,15354.5234375,14770.978515625,14770.978515625,9945.8330078125,9207
2015-04-23,14770.978515625,14916.865234375,14588.62109375,14898.62890625,10031.78515625,2275
2015-04-24,14898.62890625,15080.9873046875,14880.3935546875,15080.9873046875,10154.572265625,2349
2015-04-27,15117.4580078125,16175.1337890625,15099.22265625,16083.955078125,10829.908203125,15252
2015-04-28,16193.369140625,16193.369140625,14661.564453125,14935.1005859375,10056.3427734375,8107
2015-04-29,14752.7431640625,15080.9873046875,14588.62109375,15008.0439453125,10105.4580078125,6706
2015-04-30,14770.978515625,15044.515625,14588.62109375,14698.03515625,9896.7177734375,4587
2015-05-04,14643.328125,14935.1005859375,14643.328125,14935.1005859375,10056.3427734375,1579
2015-05-06,15062.7509765625,16047.4833984375,14424.4990234375,15080.9873046875,10154.572265625,4068
2015-05-07,14661.564453125,15500.41015625,14661.564453125,15500.41015625,10436.9853515625,1242
2015-05-08,15500.41015625,16047.4833984375,15172.166015625,15226.873046875,10252.8037109375,1897
2015-05-11,15646.2958984375,15646.2958984375,14916.865234375,15062.7509765625,10142.2939453125,1828
2015-05-12,15226.873046875,15390.9951171875,14862.1572265625,14862.1572265625,10007.2275390625,342
2015-05-13,15044.515625,15135.6943359375,14734.5068359375,15135.6943359375,10191.41015625,3260
2015-05-14,15409.23046875,15409.23046875,14552.1494140625,14953.3369140625,10068.6220703125,1497
2015-05-15,15062.7509765625,15062.7509765625,14880.3935546875,15044.515625,10130.0146484375,394
2015-05-18,15117.4580078125,15117.4580078125,14661.564453125,15044.515625,10130.0146484375,1913
2015-05-19,15190.4013671875,15463.9384765625,14789.21484375,14843.921875,9994.947265625,4973
2015-05-20,14752.7431640625,15080.9873046875,14752.7431640625,15080.9873046875,10154.572265625,3613
2015-05-21,15245.109375,15245.109375,14953.3369140625,14953.3369140625,10068.6220703125,1554
2015-05-22,15044.515625,15099.22265625,14588.62109375,14971.572265625,10080.900390625,5535
2015-05-26,14953.3369140625,14971.572265625,14588.62109375,14807.4501953125,9970.390625,8730
2015-05-27,14789.21484375,15318.0517578125,14770.978515625,15299.81640625,10301.9169921875,5236
2015-05-28,15354.5234375,16047.4833984375,15208.6376953125,16029.2470703125,10793.0703125,14312
2015-05-29,16029.2470703125,18381.662109375,15536.880859375,18089.890625,12180.576171875,71724
2015-06-01,19111.09375,20679.37109375,16047.4833984375,16047.4833984375,10805.3486328125,88998
2015-06-02,16722.20703125,17506.345703125,15518.6455078125,16357.4912109375,11014.08984375,43230
2015-06-03,16412.19921875,16412.19921875,15318.0517578125,15883.361328125,10694.83984375,21740
2015-06-04,16302.7841796875,18235.775390625,16011.01171875,16466.90625,11087.7626953125,174475
2015-06-05,17159.865234375,18491.076171875,16703.970703125,17998.7109375,12119.181640625,114275
2015-06-08,18053.41796875,20679.37109375,17232.80859375,17871.060546875,12033.2294921875,153615
2015-06-09,17688.703125,17980.474609375,16229.8408203125,16375.7265625,11026.369140625,85529
2015-06-10,16886.328125,16886.328125,15938.068359375,16083.955078125,10829.908203125,29941
2015-06-11,15992.775390625,16393.962890625,15573.3525390625,15810.41796875,10645.7255859375,17830
2015-06-12,15810.41796875,16120.42578125,15080.9873046875,15172.166015625,10215.966796875,23006
2015-06-15,15172.166015625,15172.166015625,14223.9052734375,14406.263671875,9700.2578125,27764
2015-06-16,14369.7919921875,15062.7509765625,14242.1416015625,15044.515625,10130.0146484375,13879
2015-06-17,14989.8076171875,15208.6376953125,14552.1494140625,15172.166015625,10215.966796875,9481
2015-06-18,15062.7509765625,15117.4580078125,14770.978515625,15044.515625,10130.0146484375,5604
2015-06-19,14807.4501953125,15044.515625,14588.62109375,14807.4501953125,9970.390625,8052
2015-06-22,14716.271484375,14953.3369140625,14588.62109375,14898.62890625,10031.78515625,4249
2015-06-23,15062.7509765625,15318.0517578125,14843.921875,15318.0517578125,10314.197265625,9645
2015-06-24,15956.3037109375,16011.01171875,15190.4013671875,15628.060546875,10522.9365234375,3194
2015-06-25,15646.2958984375,16047.4833984375,15245.109375,15828.6533203125,10658.0029296875,7200
2015-06-26,16412.19921875,17396.9296875,15682.767578125,15719.2392578125,10584.33203125,31375
2015-06-29,15573.3525390625,15810.41796875,14935.1005859375,15153.9296875,10203.6884765625,14164
2015-06-30,16229.8408203125,16229.8408203125,14953.3369140625,15372.759765625,10351.033203125,6021
2015-07-01,15646.2958984375,15646.2958984375,15172.166015625,15318.0517578125,10314.197265625,10133
2015-07-02,15992.775390625,15992.775390625,15026.279296875,15336.2880859375,10326.474609375,3918
2015-07-03,15299.81640625,15482.173828125,14588.62109375,14989.8076171875,10093.177734375,9500
2015-07-06,15190.4013671875,15190.4013671875,14770.978515625,14807.4501953125,9970.390625,2906
2015-07-07,14716.271484375,14843.921875,14460.970703125,14770.978515625,9945.8330078125,8466
2015-07-08,14770.978515625,14770.978515625,14515.677734375,14643.328125,9859.880859375,6139
2015-07-09,14406.263671875,15190.4013671875,14406.263671875,15080.9873046875,10154.572265625,4365
2015-07-10,15080.9873046875,15226.873046875,14843.921875,15208.6376953125,10240.5244140625,1551
2015-07-13,15281.580078125,15318.0517578125,14880.3935546875,14916.865234375,10044.0634765625,2341
2015-07-14,15172.166015625,15172.166015625,14734.5068359375,14953.3369140625,10068.6220703125,5245
2015-07-15,15008.0439453125,15226.873046875,14789.21484375,14843.921875,9994.947265625,6026
2015-07-16,14971.572265625,14989.8076171875,14789.21484375,14953.3369140625,10068.6220703125,1587
2015-07-17,15500.41015625,15974.5400390625,14916.865234375,14953.3369140625,10068.6220703125,10243
2015-07-20,15318.0517578125,15318.0517578125,14789.21484375,15044.515625,10130.0146484375,3087
2015-07-21,15044.515625,15281.580078125,14770.978515625,14935.1005859375,10056.3427734375,4781
2015-07-22,15062.7509765625,15062.7509765625,14807.4501953125,14807.4501953125,9970.390625,2240
2015-07-23,14843.921875,15573.3525390625,14843.921875,15372.759765625,10351.033203125,2900
2015-07-24,15390.9951171875,15755.7109375,15281.580078125,15299.81640625,10301.9169921875,1639
2015-07-27,15299.81640625,15318.0517578125,14734.5068359375,14807.4501953125,9970.390625,5176
2015-07-28,14807.4501953125,15117.4580078125,14698.03515625,14843.921875,9994.947265625,5187
2015-07-29,14862.1572265625,15062.7509765625,14843.921875,14862.1572265625,10007.2275390625,1650
2015-07-30,14953.3369140625,15208.6376953125,14679.7998046875,14770.978515625,9945.8330078125,3180
2015-07-31,14843.921875,15153.9296875,14770.978515625,15153.9296875,10203.6884765625,2177
2015-08-03,15591.5888671875,15609.82421875,15026.279296875,15026.279296875,10117.7373046875,441
2015-08-04,15026.279296875,15117.4580078125,14898.62890625,14898.62890625,10031.78515625,194
2015-08-05,14916.865234375,15153.9296875,14898.62890625,14898.62890625,10031.78515625,1968
2015-08-06,14916.865234375,15135.6943359375,14698.03515625,14716.271484375,9908.9970703125,7482
2015-08-07,14734.5068359375,14935.1005859375,14716.271484375,14770.978515625,9945.8330078125,1091
2015-08-10,14770.978515625,15008.0439453125,14770.978515625,14825.6865234375,9982.6689453125,76
2015-08-11,14880.3935546875,15135.6943359375,14862.1572265625,15044.515625,10130.0146484375,4236
2015-08-12,15117.4580078125,15117.4580078125,14606.8564453125,14953.3369140625,10068.6220703125,6004
2015-08-13,14953.3369140625,15099.22265625,14770.978515625,14935.1005859375,10056.3427734375,2056
2015-08-14,14935.1005859375,14935.1005859375,14935.1005859375,14935.1005859375,10056.3427734375,0
2015-08-17,14935.1005859375,15135.6943359375,14825.6865234375,14953.3369140625,10068.6220703125,2733
2015-08-18,14953.3369140625,14953.3369140625,14661.564453125,14935.1005859375,10056.3427734375,2802
2015-08-19,13859.189453125,14953.3369140625,13859.189453125,14716.271484375,9908.9970703125,7263
2015-08-20,14716.271484375,14716.271484375,13895.6611328125,14406.263671875,9700.2578125,2876
2015-08-21,14406.263671875,14406.263671875,13640.3603515625,14041.5478515625,9454.6806640625,7049
2015-08-24,14041.5478515625,14041.5478515625,13567.41796875,13603.888671875,9159.9892578125,1272
2015-08-25,14935.1005859375,14935.1005859375,13859.189453125,13968.6044921875,9405.56640625,4329
2015-08-26,14041.5478515625,14132.7265625,13822.71875,13877.42578125,9344.171875,1332
2015-08-27,13877.42578125,14078.01953125,13859.189453125,14005.076171875,9430.123046875,1828
2015-08-28,14005.076171875,14369.7919921875,13968.6044921875,14369.7919921875,9675.701171875,614
2015-08-31,14278.6123046875,14369.7919921875,14278.6123046875,14369.7919921875,9675.701171875,244
2015-09-01,14698.03515625,14698.03515625,14150.9619140625,14169.1982421875,9540.6318359375,989
2015-09-02,14041.5478515625,14187.43359375,14023.3115234375,14169.1982421875,9540.6318359375,457
2015-09-03,14041.5478515625,14132.7265625,13968.6044921875,13986.8408203125,9417.84375,520
2015-09-04,13986.8408203125,14078.01953125,13968.6044921875,13986.8408203125,9417.84375,1277
2015-09-07,14533.9140625,14533.9140625,14005.076171875,14005.076171875,9430.123046875,169
2015-09-08,13859.189453125,14005.076171875,13713.3037109375,13968.6044921875,9405.56640625,1179
2015-09-09,14041.5478515625,14388.02734375,13786.2470703125,13932.1328125,9381.0087890625,1283
2015-09-10,13932.1328125,14223.9052734375,13932.1328125,14223.9052734375,9577.4677734375,512
2015-09-11,14388.02734375,14388.02734375,13877.42578125,13913.8974609375,9368.7294921875,641
2015-09-14,14223.9052734375,14223.9052734375,13877.42578125,13986.8408203125,9417.84375,1669
2015-09-15,14333.3203125,14333.3203125,13877.42578125,13932.1328125,9381.0087890625,1338
2015-09-16,14005.076171875,14315.083984375,13895.6611328125,13950.369140625,9393.2861328125,1477
2015-09-17,14005.076171875,14059.783203125,13877.42578125,13932.1328125,9381.0087890625,1184
2015-09-18,13932.1328125,14388.02734375,13859.189453125,13968.6044921875,9405.56640625,8302
2015-09-21,14132.7265625,14132.7265625,13859.189453125,14005.076171875,9430.123046875,833
2015-09-22,14005.076171875,14005.076171875,13859.189453125,14005.076171875,9430.123046875,452
2015-09-23,13877.42578125,14005.076171875,13859.189453125,13968.6044921875,9405.56640625,244
2015-09-24,13713.3037109375,13913.8974609375,13129.7587890625,13713.3037109375,9233.6630859375,806
2015-09-25,13713.3037109375,13713.3037109375,13385.0595703125,13640.3603515625,9184.5478515625,2440
2015-09-30,13622.125,14278.6123046875,13622.125,14096.2548828125,9491.5166015625,372
2015-10-01,14187.43359375,14187.43359375,13786.2470703125,13859.189453125,9331.892578125,183
2015-10-02,14296.8486328125,14296.8486328125,13676.83203125,13731.5390625,9245.9404296875,493
2015-10-05,14278.6123046875,14278.6123046875,13731.5390625,13731.5390625,9245.9404296875,186
2015-10-06,13749.775390625,13768.0107421875,13421.53125,13713.3037109375,9233.6630859375,1148
2015-10-07,14059.783203125,14096.2548828125,13530.9462890625,13549.181640625,9123.15234375,318
2015-10-08,13549.181640625,13877.42578125,13549.181640625,13877.42578125,9344.171875,172
2015-10-12,13840.9541015625,13877.42578125,13585.6533203125,13786.2470703125,9282.77734375,1222
2015-10-13,13786.2470703125,13822.71875,13603.888671875,13804.482421875,9295.0556640625,189
2015-10-14,13804.482421875,13932.1328125,13804.482421875,13895.6611328125,9356.4501953125,142
2015-10-15,13895.6611328125,14406.263671875,13895.6611328125,14078.01953125,9479.23828125,4025
2015-10-16,15318.0517578125,15682.767578125,14588.62109375,14625.0927734375,9847.6025390625,18241
2015-10-19,14388.02734375,14898.62890625,13968.6044921875,14698.03515625,9896.7177734375,2004
2015-10-20,14698.03515625,14770.978515625,13968.6044921875,14752.7431640625,9933.5546875,4291
2015-10-21,14898.62890625,14935.1005859375,14606.8564453125,14734.5068359375,9921.275390625,2626
2015-10-22,14752.7431640625,14862.1572265625,14552.1494140625,14552.1494140625,9798.4873046875,2097
2015-10-23,14552.1494140625,14953.3369140625,14552.1494140625,14770.978515625,9945.8330078125,806
2015-10-26,14770.978515625,15099.22265625,14770.978515625,14825.6865234375,9982.6689453125,1886
2015-10-27,14825.6865234375,14989.8076171875,14825.6865234375,14953.3369140625,10068.6220703125,282
2015-10-28,14953.3369140625,15117.4580078125,14953.3369140625,14953.3369140625,10068.6220703125,1889
2015-10-29,14953.3369140625,14989.8076171875,14625.0927734375,14625.0927734375,9847.6025390625,2670
2015-10-30,14698.03515625,14880.3935546875,14625.0927734375,14825.6865234375,9982.6689453125,315
2015-11-02,14825.6865234375,15008.0439453125,14825.6865234375,14825.6865234375,9982.6689453125,1307
2015-11-03,14843.921875,14843.921875,14825.6865234375,14825.6865234375,9982.6689453125,981
2015-11-04,14825.6865234375,15044.515625,14825.6865234375,15008.0439453125,10105.4580078125,1206
2015-11-05,15008.0439453125,15026.279296875,14661.564453125,14843.921875,9994.947265625,1784
2015-11-06,14843.921875,15135.6943359375,14843.921875,15135.6943359375,10191.41015625,2111
2015-11-09,15135.6943359375,15245.109375,14862.1572265625,15044.515625,10130.0146484375,1686
2015-11-10,14989.8076171875,14989.8076171875,14643.328125,14752.7431640625,9933.5546875,781
2015-11-11,14570.384765625,14734.5068359375,14460.970703125,14460.970703125,9737.0927734375,721
2015-11-12,14533.9140625,14588.62109375,14242.1416015625,14515.677734375,9773.9287109375,592
2015-11-13,14533.9140625,14880.3935546875,14005.076171875,14406.263671875,9700.2578125,910
2015-11-16,14278.6123046875,14406.263671875,14223.9052734375,14406.263671875,9700.2578125,397
2015-11-17,14406.263671875,14588.62109375,14260.376953125,14388.02734375,9687.978515625,1061
2015-11-18,14497.4423828125,14515.677734375,14187.43359375,14187.43359375,9552.9111328125,224
2015-11-19,14187.43359375,14315.083984375,14096.2548828125,14315.083984375,9638.86328125,1028
2015-11-20,14315.083984375,14442.734375,14315.083984375,14424.4990234375,9712.5361328125,63
2015-11-23,14424.4990234375,14734.5068359375,14424.4990234375,14515.677734375,9773.9287109375,457
2015-11-24,14661.564453125,14661.564453125,14406.263671875,14406.263671875,9700.2578125,63
2015-11-25,14406.263671875,14570.384765625,14315.083984375,14442.734375,9724.814453125,150
2015-11-26,14552.1494140625,14552.1494140625,14260.376953125,14442.734375,9724.814453125,334
2015-11-27,14424.4990234375,14424.4990234375,14333.3203125,14333.3203125,9651.1416015625,918
2015-11-30,14333.3203125,14679.7998046875,14223.9052734375,14223.9052734375,9577.4677734375,534
2015-12-01,14187.43359375,14406.263671875,14187.43359375,14406.263671875,9700.2578125,41
2015-12-02,14278.6123046875,14570.384765625,14278.6123046875,14533.9140625,9786.2080078125,137
2015-12-03,14388.02734375,14552.1494140625,14278.6123046875,14515.677734375,9773.9287109375,348
2015-12-04,14406.263671875,14552.1494140625,14406.263671875,14424.4990234375,9712.5361328125,375
2015-12-07,14552.1494140625,14552.1494140625,14315.083984375,14479.2060546875,9749.373046875,43
2015-12-08,14533.9140625,14588.62109375,14333.3203125,14588.62109375,9823.044921875,405
2015-12-09,15628.060546875,15628.060546875,14661.564453125,14734.5068359375,9921.275390625,633
2015-12-10,14588.62109375,14625.0927734375,14460.970703125,14460.970703125,9737.0927734375,723
2015-12-11,14479.2060546875,14843.921875,14479.2060546875,14843.921875,9994.947265625,139
2015-12-14,14843.921875,14843.921875,14132.7265625,14388.02734375,9687.978515625,803
2015-12-15,14770.978515625,14770.978515625,14442.734375,14533.9140625,9786.2080078125,46
2015-12-16,14533.9140625,14625.0927734375,14533.9140625,14588.62109375,9823.044921875,293
2015-12-17,14588.62109375,14588.62109375,14588.62109375,14588.62109375,9823.044921875,98
2015-12-18,15555.1171875,15555.1171875,14971.572265625,15390.9951171875,10363.3115234375,6851
2015-12-21,15737.474609375,15737.474609375,15062.7509765625,15190.4013671875,10228.24609375,630
2015-12-22,14953.3369140625,15062.7509765625,14588.62109375,14898.62890625,10031.78515625,479
2015-12-23,15135.6943359375,15500.41015625,14515.677734375,15044.515625,10130.0146484375,877
2015-12-24,15044.515625,15117.4580078125,14588.62109375,14770.978515625,9945.8330078125,4732
2015-12-28,14916.865234375,14916.865234375,14406.263671875,14406.263671875,9700.2578125,4241
2015-12-29,14789.21484375,14789.21484375,14625.0927734375,14698.03515625,9947.08203125,24
2015-12-30,14698.03515625,14953.3369140625,14588.62109375,14916.865234375,10095.1787109375,186
2016-01-04,14880.3935546875,14898.62890625,14625.0927734375,14698.03515625,9947.08203125,186
2016-01-05,14679.7998046875,14989.8076171875,14588.62109375,14752.7431640625,9984.1064453125,551
2016-01-06,14752.7431640625,14862.1572265625,14606.8564453125,14606.8564453125,9885.3759765625,301
2016-01-07,14661.564453125,14661.564453125,14442.734375,14588.62109375,9873.03515625,1124
2016-01-08,14442.734375,14916.865234375,14223.9052734375,14843.921875,10045.8125,751
2016-01-11,14479.2060546875,14643.328125,14442.734375,14643.328125,9910.05859375,814
2016-01-12,14935.1005859375,14935.1005859375,14570.384765625,14843.921875,10045.8125,246
2016-01-13,14935.1005859375,14935.1005859375,14862.1572265625,14862.1572265625,10058.1552734375,21
2016-01-14,14862.1572265625,14880.3935546875,14588.62109375,14588.62109375,9873.03515625,109
2016-01-15,14570.384765625,14843.921875,14533.9140625,14807.4501953125,10021.1298828125,573
2016-01-18,14588.62109375,15135.6943359375,14588.62109375,14989.8076171875,10144.54296875,976
2016-01-19,14916.865234375,14953.3369140625,14661.564453125,14953.3369140625,10119.861328125,2094
2016-01-20,15026.279296875,15026.279296875,14406.263671875,14406.263671875,9749.623046875,1401
2016-01-21,14424.4990234375,14588.62109375,14424.4990234375,14460.970703125,9786.6455078125,1146
2016-01-22,14515.677734375,15044.515625,14479.2060546875,14479.2060546875,9798.98828125,444
2016-01-25,14479.2060546875,14770.978515625,14406.263671875,14497.4423828125,9811.3291015625,1132
2016-01-26,14971.572265625,14971.572265625,14497.4423828125,14515.677734375,9823.6689453125,95
2016-01-27,14406.263671875,14515.677734375,14406.263671875,14497.4423828125,9811.3291015625,186
2016-01-28,14497.4423828125,14716.271484375,14497.4423828125,14716.271484375,9959.4248046875,600
2016-01-29,14716.271484375,15153.9296875,14716.271484375,14843.921875,10045.8125,197
2016-02-01,14843.921875,14843.921875,14716.271484375,14716.271484375,9959.4248046875,194
2016-02-02,14625.0927734375,14880.3935546875,14625.0927734375,14862.1572265625,10058.1552734375,123
2016-02-03,14862.1572265625,14862.1572265625,14862.1572265625,14862.1572265625,10058.1552734375,0
2016-02-04,14862.1572265625,15099.22265625,14770.978515625,14770.978515625,9996.4482421875,1217
2016-02-05,14625.0927734375,14752.7431640625,14515.677734375,14625.0927734375,9897.7177734375,915
2016-02-11,14479.2060546875,14515.677734375,14260.376953125,14260.376953125,9650.892578125,3654
2016-02-12,14260.376953125,14351.5556640625,14114.4912109375,14114.4912109375,9552.1611328125,1861
2016-02-15,14169.1982421875,14716.271484375,14169.1982421875,14716.271484375,9959.4248046875,1036
2016-02-16,14570.384765625,14734.5068359375,14552.1494140625,14588.62109375,9873.03515625,891
2016-02-17,14588.62109375,14588.62109375,14315.083984375,14333.3203125,9700.2568359375,397
2016-02-18,14406.263671875,14898.62890625,14406.263671875,14588.62109375,9873.03515625,274
2016-02-19,14953.3369140625,14953.3369140625,14625.0927734375,14625.0927734375,9897.7177734375,891
2016-02-22,14679.7998046875,15135.6943359375,14661.564453125,15099.22265625,10218.591796875,1793
2016-02-23,14953.3369140625,15062.7509765625,14679.7998046875,14916.865234375,10095.1787109375,1217
2016-02-24,14916.865234375,15099.22265625,14916.865234375,15008.0439453125,10156.8857421875,1908
2016-02-25,15026.279296875,15026.279296875,14661.564453125,14716.271484375,9959.4248046875,274
2016-02-26,14734.5068359375,14953.3369140625,14734.5068359375,14770.978515625,9996.4482421875,408
2016-02-29,14880.3935546875,15682.767578125,14770.978515625,15390.9951171875,10416.0517578125,6939
2016-03-02,15463.9384765625,15463.9384765625,15208.6376953125,15318.0517578125,10366.6875,2793
2016-03-03,15372.759765625,15390.9951171875,15099.22265625,15208.6376953125,10292.638671875,1965
2016-03-04,15135.6943359375,15281.580078125,14843.921875,15208.6376953125,10292.638671875,411
2016-03-07,15208.6376953125,15409.23046875,14916.865234375,14916.865234375,10095.1787109375,1488
2016-03-08,14935.1005859375,15135.6943359375,14935.1005859375,15099.22265625,10218.591796875,1198
2016-03-09,15099.22265625,15099.22265625,14789.21484375,14825.6865234375,10033.470703125,3789
2016-03-10,14825.6865234375,14989.8076171875,14825.6865234375,14880.3935546875,10070.49609375,1650
2016-03-11,14989.8076171875,14989.8076171875,14880.3935546875,14880.3935546875,10070.49609375,180
2016-03-14,14953.3369140625,15263.3447265625,14953.3369140625,15263.3447265625,10329.6630859375,5664
2016-03-15,15263.3447265625,15263.3447265625,15135.6943359375,15263.3447265625,10329.6630859375,4340
2016-03-16,15245.109375,15318.0517578125,15026.279296875,15281.580078125,10342.00390625,10986
2016-03-17,15208.6376953125,15299.81640625,15080.9873046875,15281.580078125,10342.00390625,5313
2016-03-18,15281.580078125,15281.580078125,15172.166015625,15172.166015625,10267.95703125,5080
2016-03-21,15190.4013671875,15482.173828125,15172.166015625,15245.109375,10317.322265625,5258
2016-03-22,15263.3447265625,15318.0517578125,15245.109375,15263.3447265625,10329.6630859375,2322
2016-03-23,15263.3447265625,15536.880859375,15263.3447265625,15463.9384765625,10465.41796875,2473
2016-03-24,15463.9384765625,16029.2470703125,15463.9384765625,15992.775390625,10823.3134765625,7024
2016-03-25,15992.775390625,16339.255859375,15591.5888671875,15773.9462890625,10675.21875,2824
2016-03-28,15773.9462890625,16029.2470703125,15628.060546875,15664.5322265625,10601.171875,1006
2016-03-29,15737.474609375,15901.5966796875,15573.3525390625,15719.2392578125,10638.1962890625,252
2016-03-30,15682.767578125,15865.125,15427.466796875,15664.5322265625,10601.171875,1233
2016-03-31,15664.5322265625,16029.2470703125,15555.1171875,15646.2958984375,10588.8291015625,6007
2016-04-01,15646.2958984375,16175.1337890625,15573.3525390625,15810.41796875,10699.90234375,5151
2016-04-04,15792.1826171875,15810.41796875,15536.880859375,15573.3525390625,10539.46484375,2552
2016-04-05,15427.466796875,16156.8974609375,15427.466796875,15938.068359375,10786.2900390625,5099
2016-04-06,15938.068359375,15938.068359375,15646.2958984375,15646.2958984375,10588.8291015625,1521
2016-04-07,15646.2958984375,16029.2470703125,15609.82421875,15719.2392578125,10638.1962890625,4145
2016-04-08,15719.2392578125,16011.01171875,15719.2392578125,16011.01171875,10835.65625,2876
2016-04-11,16011.01171875,16011.01171875,16011.01171875,16011.01171875,10835.65625,359
2016-04-12,16011.01171875,16011.01171875,15865.125,15956.3037109375,10798.630859375,1858
2016-04-14,15956.3037109375,16156.8974609375,15938.068359375,16156.8974609375,10934.3857421875,701
2016-04-15,16156.8974609375,16412.19921875,16156.8974609375,16175.1337890625,10946.7275390625,2009
2016-04-18,16193.369140625,16904.564453125,16175.1337890625,16248.076171875,10996.0927734375,1694
2016-04-19,16248.076171875,16412.19921875,16248.076171875,16339.255859375,11057.798828125,707
2016-04-20,16339.255859375,17579.2890625,16339.255859375,16703.970703125,11304.6259765625,18543
2016-04-21,16722.20703125,17269.279296875,16703.970703125,16849.857421875,11403.3564453125,4899
2016-04-22,17086.921875,17086.921875,16631.02734375,16631.02734375,11255.259765625,4310
2016-04-25,16357.4912109375,16612.79296875,16357.4912109375,16576.3203125,11218.236328125,3328
2016-04-26,16758.677734375,16758.677734375,16393.962890625,16448.669921875,11131.8466796875,1642
2016-04-27,16248.076171875,16412.19921875,16229.8408203125,16375.7265625,11082.482421875,1063
2016-04-28,16703.970703125,16703.970703125,15755.7109375,15755.7109375,10662.8779296875,4831
2016-04-29,15682.767578125,15956.3037109375,15682.767578125,15737.474609375,10650.5361328125,822
2016-05-02,15938.068359375,16011.01171875,15755.7109375,15828.6533203125,10712.2421875,6415
2016-05-03,15828.6533203125,16047.4833984375,15828.6533203125,16047.4833984375,10860.337890625,1943
2016-05-04,16047.4833984375,16065.71875,15865.125,16029.2470703125,10847.9970703125,989
2016-05-09,16029.2470703125,16047.4833984375,15883.361328125,15919.8330078125,10773.94921875,2588
2016-05-10,15919.8330078125,16047.4833984375,15828.6533203125,16047.4833984375,10860.337890625,1817
2016-05-11,16083.955078125,16229.8408203125,15938.068359375,16047.4833984375,10860.337890625,773
2016-05-12,16047.4833984375,16813.384765625,15865.125,16393.962890625,11094.8232421875,847
2016-05-13,16393.962890625,21299.38671875,16339.255859375,21299.38671875,14414.630859375,85184
2016-05-16,27317.193359375,27681.908203125,21153.5,21153.5,14315.900390625,467347
2016-05-17,20606.427734375,21117.029296875,17506.345703125,17506.345703125,11847.642578125,125473
2016-05-18,17688.703125,19439.337890625,17506.345703125,17871.060546875,12094.466796875,94089
2016-05-19,17561.052734375,17779.880859375,16995.744140625,17561.052734375,11884.666015625,32523
2016-05-20,17214.572265625,17725.173828125,16959.271484375,17706.939453125,11983.396484375,18688
2016-05-23,17652.23046875,17798.1171875,17178.1015625,17360.458984375,11748.9111328125,12442
2016-05-24,17597.5234375,17597.5234375,16776.9140625,17050.451171875,11539.1103515625,15239
2016-05-25,17396.9296875,17433.40234375,16631.02734375,16631.02734375,11255.259765625,11699
2016-05-26,16703.970703125,16995.744140625,16539.849609375,16758.677734375,11341.6484375,8946
2016-05-27,16758.677734375,16959.271484375,16503.376953125,16868.09375,11415.697265625,4400
2016-05-30,17032.21484375,17178.1015625,16667.5,16922.80078125,11452.720703125,5694
2016-05-31,16758.677734375,16959.271484375,16521.61328125,16922.80078125,11452.720703125,5157
2016-06-01,16922.80078125,17105.158203125,16521.61328125,16631.02734375,11255.259765625,6404
2016-06-02,16631.02734375,16922.80078125,16485.142578125,16703.970703125,11304.6259765625,5461
2016-06-03,16703.970703125,16904.564453125,16539.849609375,16576.3203125,11218.236328125,2741
2016-06-07,16776.9140625,16776.9140625,16430.43359375,16594.556640625,11230.578125,3951
2016-06-08,16558.083984375,17415.166015625,16521.61328125,16795.150390625,11366.3310546875,8417
2016-06-09,16813.384765625,17652.23046875,16795.150390625,17506.345703125,11847.642578125,11866
2016-06-10,17615.759765625,17725.173828125,17305.751953125,17725.173828125,11995.736328125,9750
2016-06-13,17688.703125,17688.703125,17451.638671875,17524.580078125,11859.9833984375,6435
2016-06-14,17506.345703125,17779.880859375,17469.873046875,17561.052734375,11884.666015625,2689
2016-06-15,17725.173828125,17725.173828125,17323.98828125,17451.638671875,11810.619140625,4126
2016-06-16,17506.345703125,17524.580078125,17269.279296875,17433.40234375,11798.27734375,1880
2016-06-17,17433.40234375,17542.81640625,17105.158203125,17433.40234375,11798.27734375,915
2016-06-20,17251.044921875,17488.109375,17032.21484375,17433.40234375,11798.27734375,1683
2016-06-21,17433.40234375,17688.703125,17360.458984375,17506.345703125,11847.642578125,3249
2016-06-22,17506.345703125,17561.052734375,17251.044921875,17360.458984375,11748.9111328125,2105
2016-06-23,17360.458984375,18782.849609375,17251.044921875,18053.41796875,12217.880859375,14627
2016-06-24,18217.541015625,18564.01953125,17506.345703125,17761.646484375,12020.421875,15521
2016-06-27,18564.01953125,18564.01953125,17615.759765625,18235.775390625,12341.2939453125,2829
2016-06-28,18235.775390625,18636.962890625,18235.775390625,18564.01953125,12563.4365234375,7507
2016-06-29,18673.435546875,18709.90625,18053.41796875,18089.890625,12242.5634765625,4318
2016-06-30,18782.849609375,18782.849609375,17962.240234375,18345.19140625,12415.3427734375,1494
2016-07-01,18491.076171875,18491.076171875,18089.890625,18126.361328125,12267.24609375,7131
2016-07-04,17962.240234375,18108.125,17962.240234375,18016.947265625,12193.19921875,1148
2016-07-05,17998.7109375,18217.541015625,17962.240234375,18162.833984375,12291.9287109375,1582
2016-07-06,18217.541015625,18235.775390625,18016.947265625,18144.59765625,12279.587890625,405
2016-07-07,17998.7109375,18308.71875,17980.474609375,18308.71875,12390.658203125,1080
2016-07-08,18345.19140625,18600.4921875,18345.19140625,18600.4921875,12588.12109375,2039
2016-07-11,18636.962890625,19986.41015625,18636.962890625,19548.751953125,13229.8671875,12390
2016-07-12,19329.921875,20424.068359375,19329.921875,19658.166015625,13303.9140625,9278
2016-07-13,20022.8828125,20241.7109375,19731.109375,20241.7109375,13698.8359375,3347
2016-07-14,20424.068359375,23341.79296875,20424.068359375,22612.36328125,15303.2060546875,17970
2016-07-15,23013.548828125,23013.548828125,21882.931640625,21955.875,14858.916015625,9163
2016-07-18,21518.216796875,22977.078125,21518.216796875,22612.36328125,15303.2060546875,11757
2016-07-19,22648.833984375,23597.09375,22648.833984375,23268.849609375,15747.48828125,11145
2016-07-20,23341.79296875,23341.79296875,22320.58984375,22357.0625,15130.427734375,14611
2016-07-21,22357.0625,22357.0625,21809.98828125,21809.98828125,14760.1884765625,10342
2016-07-22,23597.09375,23597.09375,22940.60546875,23487.6796875,15895.5849609375,19650
2016-07-25,23487.6796875,23487.6796875,22612.36328125,23232.37890625,15722.80859375,29900
2016-07-26,23232.37890625,23341.79296875,22831.19140625,23232.37890625,15722.80859375,21512
2016-07-27,23232.37890625,23232.37890625,22940.60546875,22977.078125,15550.03125,32134
2016-07-28,22940.60546875,23524.150390625,22648.833984375,23013.548828125,15574.7109375,36255
2016-07-29,22977.078125,23341.79296875,22721.77734375,23341.79296875,15796.8544921875,27648
2016-08-01,23305.322265625,25201.841796875,23305.322265625,24691.240234375,16710.109375,22439
2016-08-02,24691.240234375,25894.802734375,24691.240234375,25530.0859375,17277.810546875,30730
2016-08-03,25530.0859375,25894.802734375,25347.728515625,25530.0859375,17277.810546875,22124
2016-08-04,25639.501953125,25894.802734375,25566.55859375,25785.38671875,17450.5859375,16251
2016-08-05,26040.6875,26040.6875,24071.224609375,24910.0703125,16858.208984375,18205
2016-08-08,23706.509765625,23961.810546875,23706.509765625,23961.810546875,16216.4619140625,22453
2016-08-09,23961.810546875,25092.427734375,23815.923828125,25092.427734375,16981.62109375,9434
2016-08-10,24983.013671875,24983.013671875,24472.412109375,24472.412109375,16562.017578125,1458
2016-08-11,24472.412109375,24800.65625,24071.224609375,24800.65625,16784.16015625,2445
2016-08-12,24545.35546875,25712.4453125,24545.35546875,25347.728515625,17154.396484375,6764
2016-08-16,25347.728515625,26040.6875,25347.728515625,25493.615234375,17253.12890625,3641
2016-08-17,25201.841796875,25894.802734375,25201.841796875,25712.4453125,17401.224609375,3441
2016-08-18,25858.330078125,25858.330078125,25493.615234375,25493.615234375,17253.12890625,7570
2016-08-19,25493.615234375,25493.615234375,25165.37109375,25457.14453125,17228.447265625,704
2016-08-22,25311.2578125,25530.0859375,25311.2578125,25493.615234375,17253.12890625,2892
2016-08-23,25530.0859375,25894.802734375,25530.0859375,25894.802734375,17524.63671875,9489
2016-08-24,25894.802734375,25894.802734375,25603.029296875,25821.859375,17475.271484375,3852
2016-08-25,26040.6875,26040.6875,25639.501953125,25894.802734375,17524.63671875,2004
2016-08-26,25894.802734375,25894.802734375,25603.029296875,25858.330078125,17499.953125,2837
2016-08-29,25858.330078125,25858.330078125,25493.615234375,25821.859375,17475.271484375,940
2016-08-30,27499.55078125,27499.55078125,25493.615234375,25603.029296875,17327.17578125,3726
2016-08-31,26733.6484375,26733.6484375,25603.029296875,25639.501953125,17351.859375,1631
2016-09-01,25493.615234375,25603.029296875,25457.14453125,25493.615234375,17253.12890625,1672
2016-09-02,25384.201171875,25603.029296875,25384.201171875,25603.029296875,17327.17578125,902
2016-09-05,25457.14453125,26259.517578125,25457.14453125,26259.517578125,17771.462890625,1634
2016-09-06,25931.2734375,26988.94921875,25931.2734375,26697.17578125,18067.654296875,2563
2016-09-07,26697.17578125,26952.4765625,26587.76171875,26916.005859375,18215.748046875,1135
2016-09-08,26988.94921875,27171.306640625,26587.76171875,26988.94921875,18265.115234375,477
2016-09-09,26988.94921875,27134.8359375,26624.232421875,26952.4765625,18240.431640625,1779
2016-09-12,27207.77734375,27207.77734375,26624.232421875,26952.4765625,18240.431640625,1897
2016-09-13,27317.193359375,27317.193359375,26770.119140625,27098.36328125,18339.16015625,2374
2016-09-19,27098.36328125,27353.6640625,26660.705078125,26660.705078125,18042.970703125,1631
2016-09-20,26660.705078125,26660.705078125,26186.57421875,26624.232421875,18018.2890625,2067
2016-09-21,27317.193359375,27317.193359375,26441.875,26441.875,17894.875,1634
2016-09-22,27134.8359375,27134.8359375,26077.16015625,26441.875,17894.875,1905
2016-09-23,26441.875,26441.875,26150.103515625,26150.103515625,17697.41796875,348
2016-09-26,26150.103515625,26624.232421875,26040.6875,26624.232421875,18018.2890625,3109
2016-09-27,26077.16015625,26551.291015625,26077.16015625,26551.291015625,17968.92578125,786
2016-09-28,26551.291015625,26551.291015625,25931.2734375,25967.74609375,17574.001953125,7597
2016-09-29,25420.671875,25894.802734375,25128.900390625,25894.802734375,17524.63671875,1853
2016-09-30,25420.671875,25420.671875,24983.013671875,25165.37109375,17030.984375,3717
2016-10-04,25128.900390625,25128.900390625,24253.58203125,24362.99609375,16487.96875,5535
2016-10-05,24362.99609375,25019.484375,24362.99609375,24472.412109375,16562.017578125,1943
2016-10-06,25639.501953125,25639.501953125,24435.939453125,24800.65625,16784.16015625,2829
2016-10-07,24800.65625,24800.65625,24691.240234375,24727.712890625,16734.794921875,238
2016-10-10,24983.013671875,24983.013671875,24800.65625,24800.65625,16784.16015625,101
2016-10-11,24946.541015625,25675.97265625,24837.126953125,25675.97265625,17376.54296875,106
2016-10-12,25675.97265625,25675.97265625,25092.427734375,25639.501953125,17351.859375,49
2016-10-13,25311.2578125,25639.501953125,25311.2578125,25384.201171875,17179.08203125,82
2016-10-14,25311.2578125,25493.615234375,25311.2578125,25457.14453125,17228.447265625,882
2016-10-17,25347.728515625,25347.728515625,24983.013671875,25311.2578125,17129.716796875,1206
2016-10-18,25165.37109375,25165.37109375,25092.427734375,25165.37109375,17030.984375,781
2016-10-19,25128.900390625,25128.900390625,25128.900390625,25128.900390625,17006.3046875,411
2016-10-20,24983.013671875,25128.900390625,24764.18359375,25128.900390625,17006.3046875,564
2016-10-21,26952.4765625,26952.4765625,24472.412109375,25092.427734375,16981.62109375,825
2016-10-24,24581.826171875,25055.95703125,24581.826171875,25055.95703125,16956.939453125,1412
2016-10-25,25019.484375,25019.484375,24435.939453125,24727.712890625,16734.794921875,1189
2016-10-26,24800.65625,24800.65625,24435.939453125,24508.8828125,16586.69921875,246
2016-10-27,24508.8828125,24545.35546875,24435.939453125,24545.35546875,16611.3828125,194
2016-10-28,24581.826171875,24618.296875,24545.35546875,24545.35546875,16611.3828125,298
2016-10-31,24435.939453125,24435.939453125,23779.451171875,24399.46875,16512.650390625,641
2016-11-01,24508.8828125,24508.8828125,24508.8828125,24508.8828125,16586.69921875,5
2016-11-02,24472.412109375,25347.728515625,24399.46875,24435.939453125,16537.33203125,715
2016-11-03,24217.111328125,25347.728515625,24217.111328125,24326.525390625,16463.287109375,38
2016-11-04,24326.525390625,24326.525390625,24107.6953125,24290.0546875,16438.603515625,169
2016-11-07,24290.0546875,24691.240234375,24253.58203125,24691.240234375,16710.109375,361
2016-11-08,24691.240234375,24691.240234375,24326.525390625,24326.525390625,16463.287109375,54
2016-11-09,24071.224609375,24071.224609375,24034.75390625,24071.224609375,16290.5068359375,386
2016-11-10,24180.638671875,24217.111328125,24071.224609375,24071.224609375,16290.5068359375,49
2016-11-11,24071.224609375,24071.224609375,23341.79296875,23341.79296875,15796.8544921875,290
2016-11-14,23597.09375,23706.509765625,23341.79296875,23706.509765625,16043.68359375,995
2016-11-15,23706.509765625,23742.98046875,23341.79296875,23341.79296875,15796.8544921875,2876
2016-11-16,22867.6640625,23998.28125,22867.6640625,23779.451171875,16093.0458984375,54
2016-11-17,23341.79296875,23524.150390625,23341.79296875,23487.6796875,15895.5849609375,663
2016-11-18,23341.79296875,23852.39453125,23341.79296875,23341.79296875,15796.8544921875,754
2016-11-21,23341.79296875,23341.79296875,23341.79296875,23341.79296875,15796.8544921875,1362
2016-11-22,23305.322265625,23378.265625,23232.37890625,23341.79296875,15796.8544921875,1620
2016-11-23,23159.435546875,23706.509765625,23159.435546875,23706.509765625,16043.68359375,2020
2016-11-24,24071.224609375,24071.224609375,24034.75390625,24034.75390625,16265.826171875,625
2016-11-25,24362.99609375,24362.99609375,23378.265625,24034.75390625,16265.826171875,1118
2016-11-28,24034.75390625,24034.75390625,23633.56640625,23633.56640625,15994.3154296875,19
2016-11-29,24071.224609375,24071.224609375,23706.509765625,23706.509765625,16043.68359375,233
2016-11-30,23706.509765625,23706.509765625,22977.078125,22977.078125,15550.03125,910
2016-12-01,22977.078125,23378.265625,22977.078125,23378.265625,15821.5390625,364
2016-12-02,23378.265625,23670.037109375,23050.021484375,23050.021484375,15599.3955078125,169
2016-12-05,23050.021484375,23341.79296875,22685.3046875,23341.79296875,15796.8544921875,189
2016-12-06,23341.79296875,23341.79296875,23013.548828125,23013.548828125,15574.7109375,326
2016-12-07,23013.548828125,23013.548828125,22502.947265625,22575.890625,15278.5224609375,482
2016-12-08,22612.36328125,23268.849609375,22612.36328125,23268.849609375,15747.48828125,46
2016-12-09,22977.078125,23268.849609375,22977.078125,23268.849609375,15747.48828125,208
2016-12-12,23268.849609375,23268.849609375,22977.078125,23050.021484375,15599.3955078125,1579
2016-12-13,23013.548828125,23341.79296875,23013.548828125,23341.79296875,15796.8544921875,603
2016-12-14,23341.79296875,23341.79296875,23341.79296875,23341.79296875,15796.8544921875,180
2016-12-15,23341.79296875,23706.509765625,23341.79296875,23706.509765625,16043.68359375,1409
2016-12-16,23998.28125,24034.75390625,23341.79296875,23378.265625,15821.5390625,2048
2016-12-19,23341.79296875,23341.79296875,23013.548828125,23341.79296875,15796.8544921875,287
2016-12-20,23122.96484375,23122.96484375,23122.96484375,23122.96484375,15648.759765625,16
2016-12-21,22977.078125,23122.96484375,22721.77734375,22721.77734375,15377.2548828125,597
2016-12-22,22721.77734375,22977.078125,22357.0625,22977.078125,15550.03125,1406
2016-12-23,22648.833984375,22940.60546875,22612.36328125,22940.60546875,15525.3466796875,891
2016-12-26,21882.931640625,22575.890625,21882.931640625,22502.947265625,15229.15625,1069
2016-12-27,22502.947265625,22502.947265625,21408.80078125,21591.158203125,14612.091796875,2761
2016-12-28,21591.158203125,21591.158203125,21153.5,21518.216796875,14612.091796875,926
2016-12-29,21518.216796875,21518.216796875,21153.5,21226.443359375,14413.962890625,2179
2017-01-02,21737.044921875,21737.044921875,21226.443359375,21226.443359375,14413.962890625,671
2017-01-03,21153.5,22648.833984375,21153.5,21846.458984375,14834.98828125,1568
2017-01-04,21846.458984375,21846.458984375,21080.556640625,21445.2734375,14562.55859375,597
2017-01-05,21445.2734375,21882.931640625,21445.2734375,21445.2734375,14562.55859375,1466
2017-01-06,21445.2734375,21882.931640625,21445.2734375,21700.57421875,14735.923828125,148
2017-01-09,21335.857421875,21554.6875,21189.97265625,21554.6875,14636.8603515625,98
2017-01-10,21809.98828125,21882.931640625,21299.38671875,21882.931640625,14859.755859375,1428
2017-01-11,21846.458984375,22247.646484375,21737.044921875,22247.646484375,15107.4169921875,479
2017-01-12,22247.646484375,22247.646484375,21044.0859375,21153.5,14364.427734375,910
2017-01-13,21627.630859375,21882.931640625,21335.857421875,21445.2734375,14562.55859375,68
2017-01-16,21445.2734375,21518.216796875,21445.2734375,21481.744140625,14587.32421875,271
2017-01-17,21481.744140625,22357.0625,21481.744140625,21481.744140625,14587.32421875,405
2017-01-18,21882.931640625,22393.533203125,21882.931640625,22357.0625,15181.71875,271
2017-01-19,22357.0625,22466.4765625,22211.17578125,22211.17578125,15082.650390625,748
2017-01-20,22211.17578125,22247.646484375,22211.17578125,22211.17578125,15082.650390625,8
2017-01-23,22211.17578125,22247.646484375,21919.40234375,21919.40234375,14884.5205078125,584
2017-01-24,21919.40234375,21919.40234375,21518.216796875,21882.931640625,14859.755859375,479
2017-01-25,21809.98828125,21919.40234375,21700.57421875,21700.57421875,14735.923828125,534
2017-01-26,21664.1015625,21882.931640625,21664.1015625,21882.931640625,14859.755859375,191
2017-01-31,21882.931640625,21882.931640625,21882.931640625,21882.931640625,14859.755859375,186
2017-02-01,21518.216796875,22211.17578125,21372.330078125,22174.703125,15057.884765625,1113
2017-02-02,21554.6875,21591.158203125,21408.80078125,21518.216796875,14612.091796875,186
2017-02-03,21481.744140625,21882.931640625,21481.744140625,21882.931640625,14859.755859375,381
2017-02-06,21554.6875,21882.931640625,21554.6875,21882.931640625,14859.755859375,41
2017-02-07,23122.96484375,23122.96484375,21372.330078125,21372.330078125,14513.0263671875,836
2017-02-08,21846.458984375,21846.458984375,20971.142578125,21044.0859375,14290.130859375,2163
2017-02-09,21882.931640625,21882.931640625,21737.044921875,21737.044921875,14760.6904296875,35
2017-02-10,21737.044921875,21846.458984375,21700.57421875,21846.458984375,14834.98828125,241
2017-02-13,21846.458984375,23268.849609375,21809.98828125,22831.19140625,15503.6787109375,3139
2017-02-14,23305.322265625,23305.322265625,21882.931640625,21882.931640625,14859.755859375,1911
2017-02-15,21882.931640625,22867.6640625,21882.931640625,22612.36328125,15355.0810546875,169
2017-02-16,22612.36328125,22612.36328125,22430.00390625,22539.419921875,15305.546875,871
2017-02-17,22575.890625,22831.19140625,22211.17578125,22320.58984375,15156.9501953125,978
2017-02-20,22502.947265625,23086.4921875,22357.0625,22831.19140625,15503.6787109375,11049
2017-02-21,22831.19140625,22831.19140625,22430.00390625,22758.248046875,15454.1435546875,8148
2017-02-22,22612.36328125,22721.77734375,22466.4765625,22502.947265625,15280.78125,7501
2017-02-23,22502.947265625,24399.46875,22502.947265625,23159.435546875,15726.5751953125,9876
2017-02-24,23122.96484375,23670.037109375,22648.833984375,23050.021484375,15652.2734375,8546
2017-02-27,22904.134765625,23597.09375,22502.947265625,22831.19140625,15503.6787109375,8233
2017-02-28,22466.4765625,22758.248046875,22393.533203125,22539.419921875,15305.546875,6723
2017-03-02,22539.419921875,22940.60546875,22357.0625,22758.248046875,15454.1435546875,5653
2017-03-03,22430.00390625,22721.77734375,22393.533203125,22575.890625,15330.3125,5927
2017-03-06,22575.890625,22721.77734375,22211.17578125,22502.947265625,15280.78125,5793
2017-03-07,22502.947265625,22539.419921875,22247.646484375,22539.419921875,15305.546875,5714
2017-03-08,22539.419921875,22904.134765625,22211.17578125,22284.119140625,15132.1845703125,6229
2017-03-09,22430.00390625,22539.419921875,22138.232421875,22138.232421875,15033.1201171875,249
2017-03-10,22138.232421875,22211.17578125,21882.931640625,21882.931640625,14859.755859375,726
2017-03-13,21882.931640625,22211.17578125,21700.57421875,22101.759765625,15008.3505859375,745
2017-03-14,22721.77734375,22721.77734375,22721.77734375,22721.77734375,15429.37890625,8
2017-03-15,21846.458984375,22539.419921875,21481.744140625,22539.419921875,15305.546875,164
2017-03-16,21882.931640625,21882.931640625,21846.458984375,21846.458984375,14834.98828125,71
2017-03-17,21846.458984375,22685.3046875,21226.443359375,21664.1015625,14711.15625,775
2017-03-20,22430.00390625,22430.00390625,21882.931640625,21882.931640625,14859.755859375,38
2017-03-21,21882.931640625,22612.36328125,21773.517578125,21773.517578125,14785.4580078125,213
2017-03-22,21773.517578125,22174.703125,21773.517578125,22028.818359375,14958.8203125,150
2017-03-23,21882.931640625,22028.818359375,21846.458984375,21846.458984375,14834.98828125,542
2017-03-24,21882.931640625,22065.2890625,21882.931640625,22065.2890625,14983.5849609375,282
2017-03-27,22065.2890625,22065.2890625,21882.931640625,22065.2890625,14983.5849609375,411
2017-03-28,22028.818359375,22211.17578125,21846.458984375,22211.17578125,15082.650390625,1069
2017-03-29,22211.17578125,22211.17578125,21846.458984375,21846.458984375,14834.98828125,153
2017-03-30,21846.458984375,21955.875,21408.80078125,21481.744140625,14587.32421875,422
2017-03-31,21809.98828125,21809.98828125,21335.857421875,21335.857421875,14488.2607421875,1658
2017-04-03,21335.857421875,27353.6640625,21153.5,21226.443359375,14413.962890625,10498
2017-04-04,21445.2734375,21882.931640625,21445.2734375,21445.2734375,14562.55859375,1283
2017-04-05,22174.703125,22174.703125,21955.875,22065.2890625,14983.5849609375,150
2017-04-06,22028.818359375,22028.818359375,21518.216796875,21518.216796875,14612.091796875,847
2017-04-07,21518.216796875,21773.517578125,21372.330078125,21518.216796875,14612.091796875,751
2017-04-10,21518.216796875,21554.6875,21226.443359375,21554.6875,14636.8603515625,3207
2017-04-11,21226.443359375,21773.517578125,21226.443359375,21518.216796875,14612.091796875,1296
2017-04-12,21518.216796875,21773.517578125,21335.857421875,21481.744140625,14587.32421875,6163
2017-04-13,21627.630859375,22539.419921875,21554.6875,21700.57421875,14735.923828125,6281
2017-04-14,21882.931640625,22138.232421875,21700.57421875,22101.759765625,15008.3505859375,5848
2017-04-17,22101.759765625,22211.17578125,21737.044921875,21992.345703125,14934.052734375,7008
2017-04-18,21992.345703125,21992.345703125,21518.216796875,21554.6875,14636.8603515625,11343
2017-04-19,22101.759765625,22101.759765625,21262.9140625,21335.857421875,14488.2607421875,9152
2017-04-20,21372.330078125,21372.330078125,21299.38671875,21299.38671875,14463.4931640625,7956
2017-04-21,21299.38671875,21809.98828125,21299.38671875,21809.98828125,14810.22265625,2629
2017-04-24,21809.98828125,21809.98828125,21226.443359375,21518.216796875,14612.091796875,11159
2017-04-25,21481.744140625,25530.0859375,21226.443359375,21992.345703125,14934.052734375,18422
2017-04-26,21882.931640625,22612.36328125,21481.744140625,22575.890625,15330.3125,10586
2017-04-27,22174.703125,23341.79296875,21919.40234375,22794.720703125,15478.9111328125,7976
2017-04-28,22612.36328125,22612.36328125,22101.759765625,22101.759765625,15008.3505859375,7378
2017-05-02,22247.646484375,22575.890625,21955.875,21955.875,14909.28515625,4535
2017-05-04,22028.818359375,22904.134765625,21919.40234375,22101.759765625,15008.3505859375,318
2017-05-08,22101.759765625,22101.759765625,21737.044921875,21846.458984375,14834.98828125,1233
2017-05-10,21955.875,21955.875,21700.57421875,21700.57421875,14735.923828125,285
2017-05-11,21737.044921875,22028.818359375,21737.044921875,21955.875,14909.28515625,104
2017-05-12,22867.6640625,22867.6640625,21882.931640625,22065.2890625,14983.5849609375,224
2017-05-15,21809.98828125,22065.2890625,21518.216796875,21627.630859375,14686.390625,9081
2017-05-16,21627.630859375,21882.931640625,21335.857421875,21335.857421875,14488.2607421875,4962
2017-05-17,21591.158203125,21591.158203125,21189.97265625,21189.97265625,14389.197265625,1571
2017-05-18,21481.744140625,21481.744140625,21226.443359375,21445.2734375,14562.55859375,109
2017-05-19,21445.2734375,21846.458984375,21445.2734375,21664.1015625,14711.15625,87
2017-05-22,21627.630859375,21627.630859375,21372.330078125,21554.6875,14636.8603515625,285
2017-05-23,21518.216796875,21627.630859375,21117.029296875,21153.5,14364.427734375,2692
2017-05-24,21481.744140625,22721.77734375,20971.142578125,22065.2890625,14983.5849609375,6001
2017-05-25,22065.2890625,22247.646484375,21554.6875,21992.345703125,14934.052734375,1686
2017-05-26,21992.345703125,24071.224609375,21919.40234375,22539.419921875,15305.546875,20363
2017-05-29,22648.833984375,22977.078125,21664.1015625,22065.2890625,14983.5849609375,3303
2017-05-30,22174.703125,22247.646484375,21226.443359375,21226.443359375,14413.962890625,12766
2017-05-31,21262.9140625,21664.1015625,21262.9140625,21299.38671875,14463.4931640625,3602
2017-06-01,21518.216796875,21591.158203125,21226.443359375,21445.2734375,14562.55859375,3224
2017-06-02,21846.458984375,21846.458984375,21262.9140625,21518.216796875,14612.091796875,1450
2017-06-05,21445.2734375,21846.458984375,21299.38671875,21335.857421875,14488.2607421875,3591
2017-06-07,21335.857421875,21518.216796875,21335.857421875,21335.857421875,14488.2607421875,1327
2017-06-08,21518.216796875,21809.98828125,21262.9140625,21408.80078125,14537.7919921875,4332
2017-06-09,21299.38671875,21518.216796875,21299.38671875,21481.744140625,14587.32421875,1176
2017-06-12,21335.857421875,21481.744140625,20971.142578125,21481.744140625,14587.32421875,6761
2017-06-13,21445.2734375,21554.6875,21372.330078125,21372.330078125,14513.0263671875,1606
2017-06-14,21518.216796875,21518.216796875,21189.97265625,21226.443359375,14413.962890625,1181
2017-06-15,21007.61328125,21226.443359375,20971.142578125,21044.0859375,14290.130859375,5039
2017-06-16,21262.9140625,21262.9140625,20788.78515625,20788.78515625,14116.7666015625,3775
2017-06-19,20788.78515625,20934.671875,20424.068359375,20424.068359375,13869.103515625,4998
2017-06-20,20715.841796875,20788.78515625,20642.8984375,20752.3125,14092.0,386
2017-06-21,20752.3125,20971.142578125,20606.427734375,20606.427734375,13992.935546875,1741
2017-06-22,20679.37109375,21007.61328125,20606.427734375,20642.8984375,14017.7021484375,523
2017-06-23,21080.556640625,21080.556640625,20642.8984375,20898.19921875,14191.064453125,433
2017-06-26,20971.142578125,21044.0859375,20606.427734375,21007.61328125,14265.3623046875,109
2017-06-27,21080.556640625,21080.556640625,20569.955078125,20971.142578125,14240.5986328125,485
2017-06-28,20971.142578125,20971.142578125,20715.841796875,20934.671875,14215.833984375,191
2017-06-29,20606.427734375,20898.19921875,20606.427734375,20715.841796875,14067.234375,1014
2017-06-30,20898.19921875,20898.19921875,20715.841796875,20752.3125,14092.0,109
2017-07-03,20569.955078125,20971.142578125,20569.955078125,20679.37109375,14042.46875,367
2017-07-04,20569.955078125,20861.728515625,20314.654296875,20642.8984375,14017.7021484375,778
2017-07-05,21007.61328125,21007.61328125,20679.37109375,20752.3125,14092.0,216
2017-07-06,20898.19921875,20898.19921875,20679.37109375,20788.78515625,14116.7666015625,400
2017-07-07,20971.142578125,20971.142578125,20715.841796875,20934.671875,14215.833984375,139
2017-07-10,21044.0859375,21044.0859375,20715.841796875,20715.841796875,14067.234375,507
2017-07-11,20971.142578125,20971.142578125,20898.19921875,20934.671875,14215.833984375,54
2017-07-12,21044.0859375,21044.0859375,20715.841796875,20971.142578125,14240.5986328125,1398
2017-07-13,21044.0859375,21299.38671875,20861.728515625,21189.97265625,14389.197265625,852
2017-07-14,21153.5,21153.5,20679.37109375,21044.0859375,14290.130859375,134
2017-07-17,21226.443359375,21226.443359375,21226.443359375,21226.443359375,14413.962890625,27
2017-07-18,21226.443359375,21262.9140625,20825.255859375,21117.029296875,14339.6640625,6426
2017-07-19,21117.029296875,21481.744140625,20788.78515625,21299.38671875,14463.4931640625,6029
2017-07-20,21299.38671875,21700.57421875,21007.61328125,21664.1015625,14711.15625,7257
2017-07-21,21664.1015625,22028.818359375,21335.857421875,21882.931640625,14859.755859375,7814
2017-07-24,21882.931640625,22357.0625,20059.353515625,21846.458984375,14834.98828125,8606
2017-07-25,21700.57421875,21700.57421875,21518.216796875,21664.1015625,14711.15625,5607
2017-07-26,21664.1015625,22247.646484375,21445.2734375,21773.517578125,14785.4580078125,5927
2017-07-27,21773.517578125,22028.818359375,21591.158203125,21809.98828125,14810.22265625,5793
2017-07-28,21809.98828125,21809.98828125,21153.5,21481.744140625,14587.32421875,5604
2017-07-31,21481.744140625,21846.458984375,21481.744140625,21700.57421875,14735.923828125,4587
2017-08-01,22028.818359375,22028.818359375,21700.57421875,21700.57421875,14735.923828125,1151
2017-08-02,21809.98828125,21809.98828125,20788.78515625,21737.044921875,14760.6904296875,353
2017-08-03,21773.517578125,21773.517578125,21117.029296875,21117.029296875,14339.6640625,855
2017-08-04,21919.40234375,22211.17578125,21189.97265625,21189.97265625,14389.197265625,84
2017-08-07,20934.671875,22028.818359375,20934.671875,21481.744140625,14587.32421875,8
2017-08-08,22211.17578125,22211.17578125,21189.97265625,21518.216796875,14612.091796875,150
2017-08-09,21664.1015625,21700.57421875,21226.443359375,21226.443359375,14413.962890625,52
2017-08-10,21335.857421875,21591.158203125,20861.728515625,20898.19921875,14191.064453125,249
2017-08-11,20971.142578125,21664.1015625,20497.01171875,20642.8984375,14017.7021484375,142
2017-08-14,21518.216796875,21518.216796875,20642.8984375,21262.9140625,14438.7275390625,307
2017-08-16,21554.6875,21554.6875,20971.142578125,21445.2734375,14562.55859375,169
2017-08-17,21846.458984375,21846.458984375,21518.216796875,21518.216796875,14612.091796875,19
2017-08-18,21664.1015625,21664.1015625,20788.78515625,21518.216796875,14612.091796875,183
2017-08-21,22065.2890625,22065.2890625,21080.556640625,21372.330078125,14513.0263671875,523
2017-08-22,21773.517578125,21773.517578125,20752.3125,21153.5,14364.427734375,279
2017-08-23,21153.5,21189.97265625,20715.841796875,20715.841796875,14067.234375,556
2017-08-24,21117.029296875,21117.029296875,20424.068359375,20715.841796875,14067.234375,2489
2017-08-25,20715.841796875,20971.142578125,20715.841796875,20971.142578125,14240.5986328125,224
2017-08-28,21518.216796875,21518.216796875,21007.61328125,21335.857421875,14488.2607421875,19
2017-08-29,21664.1015625,21664.1015625,20788.78515625,21481.744140625,14587.32421875,35
2017-08-30,20788.78515625,21372.330078125,20752.3125,20861.728515625,14166.2998046875,427
2017-08-31,21044.0859375,21299.38671875,20715.841796875,20715.841796875,14067.234375,326
2017-09-01,21117.029296875,21117.029296875,20241.7109375,20569.955078125,13968.1689453125,732
2017-09-04,20569.955078125,20934.671875,20460.541015625,20533.484375,13943.4033203125,106
2017-09-05,20715.841796875,20898.19921875,20424.068359375,20642.8984375,14017.7021484375,874
2017-09-06,21153.5,21153.5,20642.8984375,20788.78515625,14116.7666015625,189
2017-09-07,20788.78515625,20788.78515625,20424.068359375,20424.068359375,13869.103515625,1083
2017-09-08,20460.541015625,20569.955078125,20241.7109375,20314.654296875,13794.8046875,49
2017-09-11,20351.126953125,20387.59765625,20132.296875,20132.296875,13670.974609375,482
2017-09-12,20241.7109375,20241.7109375,20205.240234375,20205.240234375,13720.5048828125,90
2017-09-13,21117.029296875,21117.029296875,19439.337890625,19548.751953125,13274.7138671875,4049
2017-09-14,19804.052734375,20059.353515625,19512.28125,19548.751953125,13274.7138671875,1055
2017-09-15,19949.939453125,19949.939453125,19366.39453125,19694.638671875,13373.779296875,285
2017-09-18,20022.8828125,20022.8828125,19694.638671875,20022.8828125,13596.6767578125,148
2017-09-19,20059.353515625,20095.826171875,19694.638671875,19840.525390625,13472.8447265625,74
2017-09-20,19949.939453125,19949.939453125,19329.921875,19329.921875,13126.1162109375,455
2017-09-21,19658.166015625,19658.166015625,18527.548828125,18709.90625,12705.091796875,830
2017-09-25,18308.71875,18673.435546875,18308.71875,18564.01953125,12606.025390625,2196
2017-09-26,18564.01953125,18564.01953125,18564.01953125,18564.01953125,12606.025390625,0
2017-09-27,18600.4921875,19038.150390625,18600.4921875,19038.150390625,12927.986328125,13
2017-09-28,19548.751953125,19548.751953125,19329.921875,19329.921875,13126.1162109375,235
2017-09-29,19366.39453125,19366.39453125,18491.076171875,18564.01953125,12606.025390625,542
2017-10-10,18564.01953125,18564.01953125,18308.71875,18527.548828125,12581.2587890625,120
2017-10-11,19512.28125,19731.109375,18600.4921875,18673.435546875,12680.32421875,186
2017-10-12,19038.150390625,20351.126953125,19001.6796875,20059.353515625,13621.44140625,408
2017-10-13,20059.353515625,20059.353515625,19329.921875,19329.921875,13126.1162109375,482
2017-10-16,19585.22265625,19585.22265625,19220.5078125,19220.5078125,13051.818359375,57
2017-10-17,19658.166015625,19658.166015625,18965.20703125,19220.5078125,13051.818359375,260
2017-10-18,19585.22265625,19585.22265625,18965.20703125,19293.451171875,13101.3505859375,21
2017-10-19,19475.80859375,19585.22265625,19329.921875,19329.921875,13126.1162109375,87
2017-10-20,20059.353515625,20059.353515625,19147.564453125,19184.037109375,13027.052734375,370
2017-10-23,19293.451171875,19366.39453125,18782.849609375,19074.62109375,12952.75390625,619
2017-10-24,19876.99609375,20022.8828125,19366.39453125,19439.337890625,13200.4150390625,441
2017-10-25,19658.166015625,19658.166015625,19329.921875,19329.921875,13126.1162109375,987
2017-10-26,19439.337890625,20351.126953125,19038.150390625,19658.166015625,13349.0126953125,2467
2017-10-27,22977.078125,25530.0859375,21809.98828125,21882.931640625,14859.755859375,420508
2017-10-30,21554.6875,21554.6875,20788.78515625,21299.38671875,14463.4931640625,65058
2017-10-31,21299.38671875,22393.533203125,20971.142578125,21992.345703125,14934.052734375,63893
2017-11-01,21919.40234375,22028.818359375,21299.38671875,21955.875,14909.28515625,56358
2017-11-02,21518.216796875,21955.875,21189.97265625,21809.98828125,14810.22265625,54096
2017-11-03,21372.330078125,21700.57421875,21189.97265625,21664.1015625,14711.15625,56496
2017-11-06,21664.1015625,22065.2890625,21299.38671875,21882.931640625,14859.755859375,45613
2017-11-07,21882.931640625,21882.931640625,21408.80078125,21445.2734375,14562.55859375,45671
2017-11-08,21445.2734375,21846.458984375,21299.38671875,21846.458984375,14834.98828125,45120
2017-11-09,21700.57421875,21737.044921875,21627.630859375,21737.044921875,14760.6904296875,43258
2017-11-10,21737.044921875,21737.044921875,21408.80078125,21700.57421875,14735.923828125,44599
2017-11-13,21700.57421875,22794.720703125,21408.80078125,22575.890625,15330.3125,45819
2017-11-14,22575.890625,22575.890625,22065.2890625,22466.4765625,15256.0166015625,47135
2017-11-15,22320.58984375,22977.078125,21737.044921875,22831.19140625,15503.6787109375,46162
2017-11-17,21846.458984375,21846.458984375,21554.6875,21846.458984375,14834.98828125,449
2017-11-20,21846.458984375,21846.458984375,21335.857421875,21554.6875,14636.8603515625,792
2017-11-21,21700.57421875,21700.57421875,21299.38671875,21299.38671875,14463.4931640625,822
2017-11-22,21518.216796875,22430.00390625,21189.97265625,21262.9140625,14438.7275390625,1902
2017-11-24,21518.216796875,22539.419921875,21518.216796875,21518.216796875,14612.091796875,559
2017-11-27,21518.216796875,21846.458984375,21335.857421875,21372.330078125,14513.0263671875,12990
2017-11-28,21372.330078125,22430.00390625,21372.330078125,21445.2734375,14562.55859375,7910
2017-11-29,21445.2734375,21773.517578125,21445.2734375,21591.158203125,14661.6240234375,11707
2017-11-30,21809.98828125,21809.98828125,21372.330078125,21591.158203125,14661.6240234375,12820
2017-12-01,21591.158203125,21627.630859375,21518.216796875,21591.158203125,14661.6240234375,12231
2017-12-04,22101.759765625,22101.759765625,21591.158203125,21664.1015625,14711.15625,13032
2017-12-05,22211.17578125,22211.17578125,21664.1015625,22174.703125,15057.884765625,4480
2017-12-06,22174.703125,22977.078125,22174.703125,22904.134765625,15553.208984375,6226
2017-12-07,22867.6640625,22867.6640625,22065.2890625,22430.00390625,15231.2470703125,12253
2017-12-08,22430.00390625,22685.3046875,21554.6875,22247.646484375,15107.4169921875,4049
2017-12-11,22247.646484375,22393.533203125,21518.216796875,22393.533203125,15206.482421875,353
2017-12-12,22393.533203125,22393.533203125,21226.443359375,21737.044921875,14760.6904296875,326
2017-12-13,21846.458984375,22539.419921875,21335.857421875,22357.0625,15181.71875,104
2017-12-14,22357.0625,23305.322265625,21664.1015625,22211.17578125,15082.650390625,290
2017-12-15,22575.890625,22575.890625,21591.158203125,22430.00390625,15231.2470703125,389
2017-12-18,22794.720703125,22794.720703125,21919.40234375,21992.345703125,14934.052734375,359
2017-12-19,22284.119140625,22284.119140625,21518.216796875,21664.1015625,14711.15625,175
2017-12-21,21481.744140625,21737.044921875,21153.5,21700.57421875,14735.923828125,1102
2017-12-22,21591.158203125,21627.630859375,21153.5,21554.6875,14636.8603515625,159
2017-12-26,21518.216796875,21518.216796875,21262.9140625,21335.857421875,14488.2607421875,446
2017-12-27,21335.857421875,21992.345703125,20934.671875,21335.857421875,14537.9638671875,803
2017-12-28,21700.57421875,22065.2890625,21189.97265625,21226.443359375,14463.41015625,3265
